t_s,cumulative_gib,write_mbs
1.0,0.525,563.9
2.0,1.068,583.2
3.0,1.613,584.5
4.0,2.139,565.1
5.0,2.667,566.8
6.0,3.194,565.7
7.0,3.718,563.4
8.0,4.247,567.4
9.0,4.776,568.5
10.0,5.302,565.1
11.0,5.832,568.5
12.0,6.360,567.5
13.0,6.895,574.1
14.0,7.426,570.3
15.0,7.948,560.6
16.0,8.473,563.1
17.0,9.006,572.3
18.0,9.536,568.3
19.0,10.064,568.5
20.0,10.594,568.5
21.0,11.124,568.9
22.0,11.656,572.0
23.0,12.199,582.5
24.0,12.745,586.5
25.0,13.285,579.8
26.0,13.828,582.6
27.0,14.372,584.2
28.0,14.917,585.8
29.0,15.459,581.6
30.0,16.000,581.2
31.0,16.545,584.8
32.0,17.072,565.4
33.0,17.607,574.9
34.0,18.149,581.4
35.0,18.693,584.1
36.0,19.207,552.1
37.0,19.741,573.2
38.0,20.280,579.7
39.0,20.701,451.7
40.0,21.242,580.6
41.0,21.789,587.5
42.0,22.328,578.5
43.0,22.864,576.5
44.0,23.247,411.2
45.0,23.788,580.4
46.0,24.330,582.5
47.0,24.866,574.5
48.0,25.402,576.5
49.0,25.937,573.8
50.0,26.466,568.2
51.0,26.999,572.7
52.0,27.528,568.0
53.0,28.059,569.8
54.0,28.586,565.6
55.0,29.122,575.7
56.0,29.651,568.1
57.0,30.185,574.0
58.0,30.722,576.5
59.0,31.249,565.2
60.0,31.775,565.1
61.0,32.304,568.1
62.0,32.805,537.4
63.0,33.323,556.3
64.0,33.821,535.3
65.0,34.328,543.8
66.0,34.854,565.4
67.0,35.362,544.6
68.0,35.880,557.0
69.0,36.385,541.6
70.0,36.901,554.2
71.0,37.440,579.4
72.0,37.972,571.4
73.0,38.506,572.9
74.0,39.037,570.7
75.0,39.573,574.9
76.0,40.106,572.0
77.0,40.640,574.0
78.0,41.178,577.4
79.0,41.713,574.9
80.0,42.245,571.1
81.0,42.772,566.1
82.0,43.312,579.5
83.0,43.846,573.2
84.0,44.378,570.9
85.0,44.910,571.2
86.0,45.443,573.0
87.0,45.970,566.0
88.0,46.499,567.5
89.0,47.010,549.0
90.0,47.539,567.7
91.0,48.069,568.9
92.0,48.606,576.8
93.0,49.145,578.4
94.0,49.677,572.0
95.0,50.216,577.9
96.0,50.748,571.3
97.0,51.282,573.3
98.0,51.815,572.8
99.0,52.353,577.4
100.0,52.885,571.3
101.0,53.391,544.0
102.0,53.922,569.7
103.0,54.403,516.9
104.0,54.930,565.0
105.0,55.461,570.6
106.0,55.998,577.1
107.0,56.530,571.1
108.0,57.063,571.7
109.0,57.604,580.8
110.0,58.136,572.0
111.0,58.674,577.0
112.0,59.214,579.5
113.0,59.760,587.2
114.0,60.296,575.1
115.0,60.836,580.1
116.0,61.382,586.5
117.0,61.915,571.4
118.0,62.446,570.8
119.0,62.974,566.8
120.0,63.498,562.5
121.0,64.030,571.8
122.0,64.572,581.3
123.0,65.115,583.7
124.0,65.658,582.1
125.0,66.200,581.4
126.0,66.737,577.9
127.0,67.286,588.5
128.0,67.827,582.0
129.0,68.368,580.3
130.0,68.909,581.4
131.0,69.455,585.8
132.0,69.991,575.1
133.0,70.532,581.5
134.0,71.055,561.4
135.0,71.558,540.3
136.0,72.037,514.1
137.0,72.504,501.2
138.0,73.040,576.1
139.0,73.531,526.8
140.0,74.074,583.7
141.0,74.612,577.5
142.0,75.154,582.0
143.0,75.697,582.5
144.0,76.168,506.2
145.0,76.711,583.0
146.0,77.252,580.4
147.0,77.797,585.0
148.0,78.336,579.5
149.0,78.875,578.5
150.0,79.416,581.2
151.0,79.959,583.2
152.0,80.501,581.7
153.0,81.044,582.0
154.0,81.585,582.3
155.0,82.115,567.8
156.0,82.635,559.2
157.0,83.177,581.8
158.0,83.722,585.6
159.0,84.263,580.8
160.0,84.801,577.4
161.0,85.293,528.4
162.0,85.813,559.0
163.0,86.303,525.2
164.0,86.846,583.5
165.0,87.390,584.1
166.0,87.932,582.2
167.0,88.446,551.8
168.0,88.981,574.6
169.0,89.516,574.6
170.0,90.037,559.3
171.0,90.554,554.3
172.0,91.039,520.6
173.0,91.563,561.8
174.0,92.084,559.7
175.0,92.606,559.9
176.0,93.126,558.6
177.0,93.649,560.5
178.0,94.174,564.4
179.0,94.697,561.6
180.0,95.219,560.1
181.0,95.752,571.9
182.0,96.288,575.9
183.0,96.822,571.9
184.0,97.356,573.7
185.0,97.889,571.6
186.0,98.417,566.1
187.0,98.946,567.9
188.0,99.483,576.7
189.0,100.014,569.9
190.0,100.537,561.4
191.0,101.049,548.9
192.0,101.572,561.6
193.0,102.066,529.4
194.0,102.587,559.8
195.0,103.105,555.5
196.0,103.630,563.7
197.0,104.127,533.9
198.0,104.625,534.0
199.0,105.142,554.8
200.0,105.673,570.6
201.0,106.195,559.4
202.0,106.727,571.5
203.0,107.260,571.3
204.0,107.778,556.1
205.0,108.282,540.4
206.0,108.700,449.3
207.0,109.220,557.3
208.0,109.497,297.5
209.0,109.612,124.1
210.0,109.744,141.4
211.0,109.873,137.9
212.0,110.001,137.5
213.0,110.125,133.4
214.0,110.252,136.6
215.0,110.381,138.0
216.0,110.685,326.5
217.0,111.219,573.6
218.0,111.575,381.9
219.0,111.785,225.3
220.0,111.908,131.3
221.0,112.036,137.6
222.0,112.164,137.5
223.0,112.287,131.3
224.0,112.415,137.8
225.0,112.543,137.5
226.0,112.690,158.1
227.0,113.176,520.9
228.0,113.680,541.6
229.0,113.926,263.1
230.0,114.065,150.1
231.0,114.195,139.1
232.0,114.328,142.6
233.0,114.454,135.7
234.0,114.584,139.6
235.0,114.715,140.5
236.0,114.853,147.2
237.0,115.216,390.3
238.0,115.760,583.2
239.0,116.082,345.2
240.0,116.273,205.4
241.0,116.404,139.7
242.0,116.532,137.8
243.0,116.660,137.8
244.0,116.788,137.6
245.0,116.922,143.7
246.0,117.046,133.0
247.0,117.268,237.8
248.0,117.810,581.6
249.0,118.246,468.1
250.0,118.479,249.8
251.0,118.608,137.8
252.0,118.742,143.9
253.0,118.873,140.9
254.0,119.004,140.8
255.0,119.132,137.4
256.1,119.263,140.6
257.1,119.409,156.8
258.1,119.922,550.9
259.1,120.415,529.0
260.1,120.670,272.9
261.1,120.797,136.8
262.1,120.928,140.9
263.1,121.059,140.2
264.1,121.185,135.1
265.1,121.313,137.4
266.1,121.441,137.8
267.1,121.581,150.2
268.1,121.956,401.7
269.1,122.502,586.2
270.1,122.820,341.0
271.1,122.999,191.8
272.1,123.121,131.3
273.1,123.250,137.8
274.1,123.378,137.8
275.1,123.506,137.5
276.1,123.636,139.7
277.1,123.762,135.3
278.1,124.005,260.0
279.1,124.534,567.8
280.1,124.964,462.4
281.1,125.197,249.6
282.1,125.331,143.9
283.1,125.465,143.9
284.1,125.593,137.8
285.1,125.722,137.6
286.1,125.850,137.6
287.1,125.983,143.0
288.1,126.130,157.4
289.1,126.621,526.5
290.1,127.121,536.5
291.1,127.381,279.3
292.1,127.512,140.6
293.1,127.646,143.9
294.1,127.774,137.8
295.1,127.897,131.5
296.1,128.028,140.5
297.1,128.159,140.9
298.1,128.293,144.0
299.1,128.620,350.4
300.1,129.153,571.9
301.1,129.505,378.3
302.1,129.705,214.2
303.1,129.839,143.4
304.1,129.965,135.9
305.1,130.093,137.2
306.1,130.224,140.4
307.1,130.352,137.4
308.1,130.480,137.6
309.1,130.679,213.8
310.1,131.183,539.8
311.1,131.642,493.4
312.1,131.892,267.6
313.1,132.018,135.8
314.1,132.148,139.7
315.1,132.272,132.9
316.1,132.399,135.9
317.1,132.527,137.8
318.1,132.655,137.6
319.1,132.795,150.2
320.1,133.173,405.8
321.1,133.703,568.5
322.1,134.026,346.4
323.1,134.201,187.8
324.1,134.330,137.8
325.1,134.458,137.6
326.1,134.586,137.4
327.1,134.714,137.8
328.1,134.840,135.1
329.1,134.965,134.0
330.1,135.114,160.0
331.1,135.269,165.5
332.1,135.460,205.1
333.1,135.583,132.6
334.1,135.712,137.8
335.1,135.834,131.3
336.1,135.956,131.5
337.1,136.085,137.5
338.1,136.213,137.8
339.1,136.341,137.6
340.1,136.539,212.2
341.1,136.732,207.2
342.1,136.860,137.5
343.1,136.992,141.0
344.1,137.117,134.3
345.1,137.245,137.6
346.1,137.374,137.8
347.1,137.503,139.1
348.1,137.715,227.4
349.1,138.225,547.1
350.1,138.739,551.0
351.1,139.089,375.7
352.1,139.351,281.4
353.1,139.480,137.8
354.1,139.610,139.3
355.1,139.742,142.2
356.1,139.870,137.8
357.1,140.001,140.4
358.1,140.132,140.4
359.1,140.278,156.5
360.1,140.671,421.8
361.1,141.182,548.3
362.1,141.357,187.6
363.1,141.537,193.8
364.1,141.666,137.8
365.1,141.794,137.6
366.1,141.922,137.8
367.1,142.050,137.4
368.1,142.179,137.5
369.1,142.307,137.8
370.1,142.529,238.2
371.1,143.054,563.2
372.1,143.420,394.0
373.1,143.646,242.0
374.1,143.794,158.3
375.1,143.922,137.8
376.1,144.056,143.9
377.1,144.178,130.8
378.1,144.313,144.0
379.1,144.442,139.3
380.1,144.577,144.0
381.1,144.869,313.5
382.1,145.399,568.5
383.1,145.724,348.5
384.1,145.894,182.7
385.1,146.056,174.1
386.1,146.186,139.3
387.1,146.316,139.9
388.1,146.441,133.8
389.1,146.570,138.3
390.1,146.699,138.9
391.1,146.836,146.8
392.1,147.092,274.1
393.1,147.603,548.0
394.1,148.004,430.9
395.1,148.232,243.8
396.1,148.360,137.6
397.1,148.488,137.4
398.1,148.617,138.8
399.1,148.744,136.4
400.1,148.873,137.8
401.1,149.001,137.9
402.1,149.147,156.3
403.1,149.572,456.9
404.1,150.097,563.9
405.1,150.371,294.4
406.1,150.536,176.9
407.1,150.669,142.4
408.1,150.790,130.4
409.1,150.826,37.9
410.1,150.954,137.6
411.1,151.088,144.1
412.1,151.187,106.4
413.1,151.450,282.3
414.1,151.986,575.9
415.1,152.300,337.6
416.1,152.470,182.0
417.1,152.545,80.3
418.1,152.667,131.5
419.1,152.795,137.8
420.1,152.854,63.2
421.1,152.964,118.1
422.1,153.092,137.4
423.1,153.277,198.0
424.1,153.744,501.7
425.1,154.177,465.6
426.1,154.410,250.6
427.1,154.492,87.5
428.1,154.578,92.6
429.1,154.702,133.0
430.1,154.828,135.7
431.1,154.864,38.6
432.1,154.986,131.2
433.1,155.138,162.8
434.1,155.624,521.5
435.1,156.052,459.1
436.1,156.294,259.9
437.1,156.432,149.0
438.1,156.491,63.2
439.1,156.595,111.8
440.1,156.720,134.0
441.1,156.852,141.6
442.1,156.885,35.9
443.1,157.032,157.5
444.1,157.481,482.1
445.1,158.026,585.6
446.1,158.201,187.0
447.1,158.343,153.0
448.1,158.466,131.5
449.1,158.506,43.5
450.1,158.629,131.5
451.1,158.734,112.7
452.1,158.792,61.9
453.1,158.931,150.2
454.1,159.223,312.6
455.1,159.748,563.6
456.1,160.051,325.5
457.1,160.225,187.2
458.2,160.354,137.6
459.2,160.483,139.3
460.2,160.610,135.5
461.2,160.744,143.9
462.2,160.872,137.5
463.2,161.000,137.6
464.2,161.250,268.2
465.2,161.768,555.4
466.2,162.196,459.9
467.2,162.418,237.5
468.2,162.549,140.6
469.2,162.674,134.7
470.2,162.803,137.8
471.2,162.931,137.6
472.2,163.065,143.8
473.2,163.193,137.8
474.2,163.339,156.4
475.2,163.794,488.5
476.2,164.324,569.1
477.2,164.580,275.1
478.2,164.740,170.8
479.2,164.872,142.1
480.2,165.000,137.8
481.2,165.123,131.5
482.2,165.256,142.5
483.2,165.382,135.1
484.2,165.519,147.7
485.2,165.828,331.2
486.2,166.367,578.9
487.2,166.714,371.9
488.2,166.913,213.9
489.2,167.045,141.3
490.2,167.176,140.2
491.2,167.298,131.6
492.2,167.426,137.4
493.2,167.555,137.8
494.2,167.683,137.6
495.2,167.833,161.2
496.2,168.380,587.1
497.2,168.861,516.0
498.2,169.106,262.9
499.2,169.234,137.8
500.2,169.368,143.9
501.2,169.491,131.5
502.2,169.616,134.2
503.2,169.747,141.0
504.2,169.876,137.8
505.2,170.015,150.2
506.2,170.388,399.4
507.2,170.899,549.3
508.2,171.228,353.1
509.2,171.421,206.6
510.2,171.549,137.6
511.2,171.683,144.0
512.2,171.811,137.5
513.2,171.939,137.8
514.2,172.074,143.9
515.2,172.201,137.0
516.2,172.457,274.9
517.2,172.960,539.6
518.2,173.387,458.2
519.2,173.620,250.1
520.2,173.747,136.2
521.2,173.881,143.9
522.2,174.009,137.5
523.2,174.138,137.8
524.2,174.267,139.2
525.2,174.400,142.3
526.2,174.546,156.5
527.2,175.011,499.0
528.2,175.519,545.8
529.2,175.770,269.1
530.2,175.919,159.8
531.2,176.050,140.6
532.2,176.178,137.6
533.2,176.307,137.6
534.2,176.435,137.6
535.2,176.563,137.8
536.2,176.697,143.1
537.2,177.006,331.6
538.2,177.540,572.8
539.2,177.911,398.3
540.2,178.115,219.0
541.2,178.243,138.0
542.2,178.371,137.1
543.2,178.499,137.6
544.2,178.628,137.8
545.2,178.756,137.8
546.2,178.884,137.5
547.2,179.039,165.8
548.2,179.538,536.0
549.2,180.050,548.9
550.2,180.290,257.8
551.2,180.430,150.2
552.2,180.564,143.8
553.2,180.692,137.6
554.2,180.815,131.3
555.2,180.948,143.3
556.2,181.071,132.1
557.2,181.205,143.7
558.2,181.530,348.7
559.2,182.058,566.6
560.2,182.407,374.3
561.2,182.593,200.3
562.2,182.727,143.8
563.2,182.856,137.6
564.2,182.984,137.8
565.2,183.112,137.6
566.2,183.246,143.9
567.2,183.369,131.2
568.2,183.580,226.8
569.2,184.090,547.5
570.2,184.549,492.3
571.2,184.786,254.7
572.2,184.917,140.6
573.2,185.046,137.6
574.2,185.177,140.5
575.2,185.305,137.8
576.2,185.433,137.8
577.2,185.562,138.0
578.2,185.702,150.7
579.2,186.128,456.9
580.2,186.658,569.1
581.2,186.947,310.4
582.2,187.114,179.0
583.2,187.246,141.6
584.2,187.375,137.8
585.2,187.497,131.5
586.2,187.627,139.1
587.2,187.759,142.5
588.2,187.888,137.5
589.2,188.157,289.1
590.2,188.669,549.2
591.2,189.089,450.5
592.2,189.311,238.7
593.2,189.439,137.5
594.2,189.573,143.8
595.2,189.708,144.0
596.2,189.836,137.8
597.2,189.970,143.8
598.2,190.098,137.5
599.2,190.271,185.9
600.2,190.778,544.2
601.2,191.253,509.5
602.2,191.492,256.6
603.2,191.620,137.4
604.2,191.754,143.9
605.2,191.882,137.8
606.2,192.014,141.2
607.2,192.145,140.5
608.2,192.273,137.5
609.2,192.413,150.2
610.2,192.851,469.8
611.2,193.402,591.3
612.2,193.673,291.2
613.2,193.836,174.9
614.2,193.965,137.8
615.2,194.093,137.8
616.2,194.221,137.6
617.2,194.350,137.8
618.2,194.475,134.5
619.2,194.598,131.7
620.2,194.847,267.9
621.2,195.388,579.7
622.2,195.806,449.2
623.2,196.028,237.9
624.2,196.157,138.7
625.2,196.286,137.9
626.2,196.420,143.8
627.2,196.548,137.6
628.2,196.682,143.6
629.2,196.804,131.5
630.2,196.956,162.6
631.2,197.442,521.3
632.2,197.953,549.2
633.3,198.195,258.9
634.3,198.332,147.6
635.3,198.461,137.8
636.3,198.591,139.6
637.3,198.717,135.8
638.3,198.845,137.4
639.3,198.974,137.8
640.3,199.109,144.7
641.3,199.454,371.1
642.3,199.984,567.6
643.3,200.321,361.5
644.3,200.514,208.0
645.3,200.647,142.6
646.3,200.776,137.6
647.3,200.904,137.8
648.3,201.032,137.5
649.3,201.157,134.5
650.3,201.285,137.2
651.3,201.474,202.2
652.3,201.998,562.4
653.3,202.455,490.7
654.3,202.700,262.9
655.3,202.834,144.0
656.3,202.964,138.4
657.3,203.091,136.8
658.3,203.219,137.6
659.3,203.350,140.2
660.3,203.482,141.4
661.3,203.616,144.3
662.3,203.996,407.7
663.3,204.494,533.3
664.3,204.829,359.7
665.3,205.015,200.5
666.3,205.150,143.9
667.3,205.280,140.2
668.3,205.406,135.0
669.3,205.534,137.6
670.3,205.663,137.8
671.3,205.791,137.6
672.3,206.012,237.0
673.3,206.537,563.1
674.3,206.969,463.8
675.3,207.202,250.3
676.3,207.331,138.0
677.3,207.459,137.4
678.3,207.586,137.1
679.3,207.709,131.5
680.3,207.837,137.6
681.3,207.967,138.7
682.3,208.106,149.9
683.3,208.496,417.6
684.3,208.993,533.1
685.3,209.308,338.0
686.3,209.498,203.9
687.3,209.628,140.4
688.3,209.757,138.3
689.3,209.885,136.7
690.3,210.011,135.8
691.3,210.141,139.6
692.3,210.264,131.5
693.3,210.481,232.5
694.3,210.996,553.1
695.3,211.442,478.8
696.3,211.669,244.1
697.3,211.798,137.8
698.3,211.926,137.4
699.3,212.060,143.9
700.3,212.185,134.1
701.3,212.311,135.0
702.3,212.439,137.8
703.3,212.579,149.9
704.3,212.974,424.4
705.3,213.506,570.7
706.3,213.807,322.8
707.3,213.979,184.5
708.3,214.108,139.1
709.3,214.235,136.1
710.3,214.359,133.6
711.3,214.492,141.8
712.3,214.626,143.9
713.3,214.754,137.5
714.3,215.005,269.2
715.3,215.533,566.6
716.3,215.948,445.5
717.3,216.159,227.0
718.3,216.288,137.5
719.3,216.416,137.6
720.3,216.541,134.5
721.3,216.670,138.5
722.3,216.801,139.7
723.3,216.923,131.3
724.3,217.069,156.5
725.3,217.538,502.7
726.3,218.085,588.1
727.3,218.311,242.6
728.3,218.469,168.6
729.3,218.597,137.9
730.3,218.731,143.9
731.3,218.853,131.3
732.3,218.982,137.8
733.3,219.116,143.8
734.3,219.250,143.9
735.3,219.526,296.5
736.3,220.049,561.0
737.3,220.442,422.2
738.3,220.662,235.3
739.3,220.798,145.9
740.3,220.924,135.5
741.3,221.052,137.6
742.3,221.180,137.4
743.3,221.309,137.9
744.3,221.443,144.0
745.3,221.599,167.9
746.3,222.134,574.4
747.3,222.604,502.9
748.3,222.860,274.7
749.3,222.989,138.3
750.3,223.117,137.6
751.3,223.250,143.4
752.3,223.373,132.1
753.3,223.507,143.7
754.3,223.642,144.0
755.3,223.793,162.8
756.3,224.242,482.0
757.3,224.787,584.6
758.3,225.042,272.9
759.3,225.187,156.4
760.3,225.316,137.8
761.3,225.446,140.0
762.3,225.572,135.0
763.3,225.698,134.6
764.3,225.829,140.6
765.3,225.963,143.9
766.3,226.273,333.3
767.3,226.711,469.6
768.3,227.135,454.8
769.3,227.362,244.2
770.3,227.491,137.8
771.3,227.622,140.6
772.3,227.753,140.8
773.3,227.875,131.1
774.3,228.003,137.2
775.3,228.131,137.8
776.3,228.277,156.4
777.3,228.752,509.5
778.3,229.292,579.3
779.3,229.548,274.9
780.3,229.695,156.9
781.3,229.817,131.3
782.3,229.940,131.6
783.3,230.067,136.8
784.3,230.190,132.1
785.3,230.319,137.8
786.3,230.453,143.9
787.3,230.748,316.7
788.3,231.288,579.9
789.3,231.659,398.1
790.3,231.858,213.8
791.3,231.987,137.8
792.4,232.109,131.5
793.4,232.237,137.6
794.4,232.366,137.6
795.4,232.494,138.1
796.4,232.625,140.8
797.4,232.774,159.1
798.4,233.316,581.4
799.4,233.807,526.5
800.4,234.057,269.1
801.4,234.186,137.8
802.4,234.308,131.3
803.4,234.437,137.8
804.4,234.561,133.0
805.4,234.687,135.5
806.4,234.815,137.6
807.4,234.951,146.3
808.4,235.281,354.2
809.4,235.808,564.7
810.4,236.156,374.5
811.4,236.349,206.6
812.4,236.477,137.8
813.4,236.611,144.0
814.4,236.734,131.2
815.4,236.862,137.6
816.4,236.992,139.3
817.4,237.119,136.2
818.4,237.328,224.9
819.4,237.846,556.0
820.4,238.303,489.1
821.4,238.542,256.8
822.4,238.666,133.2
823.4,238.798,142.2
824.4,238.921,131.2
825.4,239.049,137.4
826.4,239.177,138.1
827.4,239.303,134.5
828.4,239.446,153.4
829.4,239.869,454.3
830.4,240.403,573.1
831.4,240.701,319.6
832.4,240.863,173.2
833.4,240.985,131.3
834.4,241.113,137.4
835.4,241.237,133.4
836.4,241.369,141.6
837.4,241.498,137.6
838.4,241.627,138.9
839.4,241.920,314.4
840.4,242.447,566.0
841.4,242.849,431.3
842.4,243.060,226.4
843.4,243.189,137.8
844.4,243.317,137.5
845.4,243.445,137.5
846.4,243.574,137.8
847.4,243.702,137.8
848.4,243.830,137.5
849.4,243.982,162.5
850.4,244.477,531.4
851.4,244.970,529.1
852.4,245.232,281.5
853.4,245.370,148.0
854.4,245.498,137.2
855.4,245.626,137.6
856.4,245.749,131.3
857.4,245.883,143.9
858.4,246.011,137.8
859.4,246.143,141.7
860.4,246.465,345.4
861.4,246.979,553.0
862.4,247.341,388.4
863.4,247.551,225.1
864.4,247.673,131.3
865.4,247.802,137.9
866.4,247.930,137.6
867.4,248.053,132.0
868.4,248.184,140.6
869.4,248.311,136.3
870.4,248.466,167.1
871.4,248.961,530.8
872.4,249.444,519.4
873.4,249.691,265.2
874.4,249.831,149.8
875.4,249.964,143.5
876.4,250.093,138.3
877.4,250.216,131.6
878.4,250.350,143.9
879.4,250.478,137.4
880.4,250.612,144.2
881.4,250.945,357.4
882.4,251.488,582.6
883.4,251.847,386.4
884.4,252.041,207.5
885.4,252.163,131.5
886.4,252.297,143.4
887.4,252.426,138.4
888.4,252.554,137.6
889.4,252.682,137.6
890.4,252.801,128.1
891.4,252.966,177.4
892.4,253.485,556.8
893.4,253.972,522.5
894.4,254.228,275.5
895.4,254.356,137.8
896.4,254.485,137.8
897.4,254.612,136.8
898.4,254.736,132.4
899.4,254.864,137.9
900.4,254.994,139.5
901.4,255.136,152.3
902.4,255.517,409.1
903.4,256.044,566.2
904.4,256.356,335.6
905.4,256.525,180.9
906.4,256.647,131.5
907.4,256.776,137.8
908.4,256.904,137.6
909.4,257.027,132.0
910.4,257.161,143.7
911.4,257.283,131.3
912.4,257.501,234.5
913.4,258.007,543.2
914.4,258.459,485.5
915.4,258.695,253.5
916.4,258.828,142.9
917.4,258.957,137.6
918.4,259.085,137.8
919.4,259.213,137.6
920.4,259.340,135.5
921.4,259.464,133.4
922.4,259.610,156.5
923.4,260.048,470.3
924.4,260.591,583.3
925.4,260.878,308.2
926.4,261.038,171.7
927.4,261.167,137.6
928.4,261.298,141.4
929.4,261.423,134.0
930.4,261.551,137.5
931.4,261.683,141.2
932.4,261.814,140.5
933.4,262.138,347.6
934.4,262.684,586.3
935.4,263.038,380.5
936.4,263.231,206.6
937.4,263.365,143.9
938.4,263.491,135.8
939.4,263.615,133.4
940.4,263.745,139.3
941.4,263.828,89.1
942.4,263.953,133.7
943.4,264.153,214.3
944.4,264.687,573.6
945.4,265.129,474.3
946.4,265.317,201.9
947.4,265.445,137.6
948.4,265.572,135.9
949.4,265.696,133.2
950.4,265.818,131.2
951.4,265.949,140.6
952.4,266.081,141.2
953.4,266.227,156.4
954.4,266.707,515.0
955.4,267.253,586.7
956.4,267.522,288.0
957.4,267.662,150.2
958.4,267.794,142.6
959.4,267.924,139.1
960.4,268.052,137.5
961.4,268.180,137.8
962.4,268.315,143.9
963.4,268.450,145.6
964.4,268.861,440.8
965.4,269.413,592.6
966.4,269.691,298.2
967.4,269.854,175.4
968.4,269.982,137.8
969.4,270.111,137.6
970.4,270.239,137.2
971.4,270.365,135.7
972.4,270.495,140.0
973.4,270.624,137.8
974.4,270.907,303.8
975.4,271.440,572.5
976.4,271.843,431.6
977.4,272.058,231.6
978.4,272.193,143.9
979.4,272.327,144.0
980.4,272.461,143.5
981.4,272.595,143.9
982.4,272.725,139.6
983.4,272.857,142.0
984.4,273.101,262.1
985.4,273.543,473.8
986.4,273.814,290.6
987.4,274.058,262.9
988.4,274.187,137.6
989.4,274.274,94.1
990.4,274.355,86.8
991.4,274.484,138.3
992.4,274.617,143.3
993.4,274.711,100.4
994.4,274.810,106.3
995.4,275.358,587.9
996.4,275.916,599.7
997.4,276.129,227.7
998.4,276.279,161.0
999.4,276.413,143.9
1000.4,276.546,143.5
1001.4,276.575,31.1
1002.4,276.710,143.9
1003.4,276.840,140.5
1004.4,276.984,153.6
1005.4,277.363,407.0
1006.4,277.911,587.9
1007.4,278.161,269.1
1008.4,278.266,113.0
1009.4,278.348,87.0
1010.4,278.475,137.0
1011.4,278.604,137.9
1012.4,278.639,38.3
1013.4,278.772,142.9
1014.4,278.912,150.2
1015.4,279.361,481.4
1016.4,279.833,506.3
1017.4,280.069,253.1
1018.4,280.221,163.1
1019.4,280.283,66.3
1020.4,280.381,105.1
1021.4,280.505,133.8
1022.4,280.637,141.3
1023.4,280.676,41.3
1024.4,280.812,146.8
1025.4,281.168,381.7
1026.4,281.707,579.2
1027.4,281.960,271.2
1028.4,282.130,182.6
1029.5,282.223,99.4
1030.5,282.298,80.2
1031.5,282.426,137.9
1032.5,282.502,81.8
1033.5,282.589,93.2
1034.5,282.721,141.7
1035.5,282.975,272.9
1036.5,283.503,565.6
1037.5,283.853,376.7
1038.5,284.046,206.6
1039.5,284.174,137.8
1040.5,284.303,137.6
1041.5,284.421,127.1
1042.5,284.543,130.9
1043.5,284.669,135.5
1044.5,284.792,131.9
1045.5,284.944,162.2
1046.5,285.433,524.7
1047.5,285.947,551.7
1048.5,286.204,275.5
1049.5,286.332,137.8
1050.5,286.449,125.2
1051.5,286.582,143.7
1052.5,286.711,137.8
1053.5,286.839,137.8
1054.5,286.972,142.2
1055.5,287.102,139.3
1056.5,287.342,257.9
1057.5,287.877,573.6
1058.5,288.275,427.4
1059.5,288.490,230.7
1060.5,288.618,137.8
1061.5,288.746,137.5
1062.5,288.875,137.6
1063.5,288.997,131.7
1064.5,289.124,136.2
1065.5,289.254,138.9
1066.5,289.393,149.9
1067.5,289.881,523.2
1068.5,290.409,566.2
1069.5,290.664,274.3
1070.5,290.810,156.4
1071.5,290.933,132.3
1072.5,291.067,143.8
1073.5,291.195,137.8
1074.5,291.324,137.6
1075.5,291.452,137.8
1076.5,291.580,137.2
1077.5,291.912,356.8
1078.5,292.442,568.5
1079.5,292.792,375.5
1080.5,292.980,201.6
1081.5,293.112,142.0
1082.5,293.242,139.3
1083.5,293.370,137.6
1084.5,293.498,137.8
1085.5,293.627,137.6
1086.5,293.749,131.2
1087.5,293.956,222.6
1088.5,294.467,548.1
1089.5,294.927,493.9
1090.5,295.172,262.9
1091.5,295.300,137.5
1092.5,295.429,137.8
1093.5,295.557,137.6
1094.5,295.679,131.5
1095.5,295.812,142.5
1096.5,295.936,132.6
1097.5,296.076,150.2
1098.5,296.453,405.1
1099.5,296.882,460.6
1100.5,297.256,401.3
1101.5,297.452,210.1
1102.5,297.586,144.0
1103.5,297.714,137.6
1104.5,297.843,137.8
1105.5,297.971,137.6
1106.5,298.099,137.0
1107.5,298.221,131.9
1108.5,298.400,192.0
1109.5,298.898,533.7
1110.5,299.394,532.0
1111.5,299.644,268.8
1112.5,299.773,137.7
1113.5,299.901,137.6
1114.5,300.029,137.6
1115.5,300.157,137.8
1116.5,300.286,137.5
1117.5,300.412,135.8
1118.5,300.548,145.9
1119.5,300.919,398.2
1120.5,301.459,579.7
1121.5,301.778,342.1
1122.5,301.964,199.7
1123.5,302.093,138.0
1124.5,302.221,137.1
1125.5,302.344,132.1
1126.5,302.470,135.8
1127.5,302.594,132.9
1128.5,302.725,139.9
1129.5,302.908,197.4
1130.5,303.438,568.2
1131.5,303.896,491.3
1132.5,304.134,255.9
1133.5,304.262,137.6
1134.5,304.391,137.8
1135.5,304.519,137.6
1136.5,304.645,134.7
1137.5,304.775,140.4
1138.5,304.904,137.8
1139.5,305.044,150.2
1140.5,305.344,321.7
1141.5,305.876,571.5
1142.5,306.228,377.5
1143.5,306.420,206.6
1144.5,306.549,137.8
1145.5,306.677,137.8
1146.5,306.805,137.5
1147.5,306.931,135.1
1148.5,307.060,138.4
1149.5,307.184,133.2
1150.5,307.324,150.2
1151.5,307.812,523.9
1152.5,308.316,540.1
1153.5,308.559,261.2
1154.5,308.701,151.8
1155.5,308.832,141.2
1156.5,308.963,140.4
1157.5,309.086,132.1
1158.5,309.220,143.3
1159.5,309.348,137.6
1160.5,309.483,145.4
1161.5,309.812,352.6
1162.5,310.334,559.8
1163.5,310.684,375.7
1164.5,310.886,217.4
1165.5,311.016,139.3
1166.5,311.144,137.5
1167.5,311.273,137.8
1168.5,311.401,137.6
1169.5,311.531,139.9
1170.5,311.658,135.7
1171.5,311.792,143.7
1172.5,312.300,545.0
1173.5,312.802,538.8
1174.5,313.049,265.6
1175.5,313.188,148.9
1176.5,313.314,134.5
1177.5,313.442,137.8
1178.5,313.570,137.8
1179.5,313.699,137.6
1180.5,313.827,137.6
1181.5,313.955,137.5
1182.5,314.258,325.3
1183.5,314.797,578.6
1184.5,315.168,398.1
1185.5,315.377,224.1
1186.5,315.506,138.7
1187.5,315.635,137.8
1188.5,315.764,139.2
1189.5,315.891,136.2
1190.5,316.020,137.8
1191.5,316.148,137.5
1192.5,316.305,169.1
1193.5,316.852,586.7
1194.5,317.320,501.7
1195.5,317.557,255.2
1196.5,317.687,139.6
1197.5,317.816,137.6
1198.5,317.950,143.9
1199.5,318.078,137.8
1200.5,318.208,139.1
1201.5,318.336,137.5
1202.5,318.478,152.3
1203.5,318.897,449.4
1204.5,319.394,534.1
1205.5,319.688,315.1
1206.5,319.868,193.9
1207.5,320.002,143.9
1208.5,320.132,139.3
1209.6,320.253,129.9
1210.6,320.381,137.6
1211.6,320.511,139.6
1212.6,320.637,135.1
1213.6,320.864,243.3
1214.6,321.351,522.7
1215.6,321.787,467.8
1216.6,322.029,259.8
1217.6,322.166,146.8
1218.6,322.294,137.8
1219.6,322.423,137.6
1220.6,322.539,125.2
1221.6,322.667,137.6
1222.6,322.801,143.8
1223.6,322.930,137.8
1224.6,323.253,347.3
1225.6,323.766,549.8
1226.6,324.119,379.6
1227.6,324.318,212.9
1228.6,324.446,137.6
1229.6,324.580,143.9
1230.6,324.703,131.5
1231.6,324.831,137.6
1232.6,324.959,137.6
1233.6,325.081,130.8
1234.6,325.219,148.5
1235.6,325.716,533.2
1236.6,326.235,556.4
1237.6,326.482,264.8
1238.6,326.621,149.6
1239.6,326.738,125.7
1240.6,326.866,137.6
1241.6,326.990,132.9
1242.6,327.123,142.1
1243.6,327.245,131.5
1244.6,327.373,137.8
1245.6,327.630,275.8
1246.6,328.122,527.6
1247.6,328.557,466.3
1248.6,328.779,237.9
1249.6,328.907,137.8
1250.6,329.035,137.6
1251.6,329.164,137.8
1252.6,329.286,131.1
1253.6,329.420,143.9
1254.6,329.548,137.8
1255.6,329.689,151.3
1256.6,330.102,443.3
1257.6,330.578,510.4
1258.6,330.889,334.6
1259.6,331.076,200.4
1260.6,331.204,137.6
1261.6,331.333,137.8
1262.6,331.455,131.2
1263.6,331.577,131.3
1264.6,331.706,137.6
1265.6,331.834,137.8
1266.6,332.018,197.7
1267.6,332.552,572.8
1268.6,332.989,468.8
1269.6,333.234,262.9
1270.6,333.368,143.9
1271.6,333.497,137.8
1272.6,333.619,131.1
1273.6,333.747,137.8
1274.6,333.864,125.2
1275.6,333.998,143.9
1276.6,334.129,140.6
1277.6,334.450,344.9
1278.6,334.980,568.7
1279.6,335.327,372.2
1280.6,335.525,212.7
1281.6,335.653,137.8
1282.6,335.781,137.2
1283.6,335.904,131.5
1284.6,336.032,137.8
1285.6,336.161,137.6
1286.6,336.289,137.8
1287.6,336.444,167.0
1288.6,336.969,562.4
1289.6,337.461,528.5
1290.6,337.712,268.8
1291.6,337.846,144.2
1292.6,337.975,138.1
1293.6,338.105,140.1
1294.6,338.229,132.6
1295.6,338.359,139.7
1296.6,338.483,133.0
1297.6,338.621,148.4
1298.6,338.986,391.5
1299.6,339.500,551.7
1300.6,339.829,352.7
1301.6,340.010,194.0
1302.6,340.144,143.8
1303.6,340.272,137.6
1304.6,340.399,135.9
1305.6,340.528,138.5
1306.6,340.656,137.4
1307.6,340.779,132.5
1308.6,340.978,213.5
1309.6,341.490,548.9
1310.6,341.949,493.2
1311.6,342.194,262.9
1312.6,342.325,140.1
1313.6,342.459,143.9
1314.6,342.587,137.6
1315.6,342.720,142.1
1316.6,342.850,139.6
1317.6,342.978,137.4
1318.6,343.129,162.7
1319.6,343.598,502.8
1320.6,344.139,581.0
1321.6,344.381,259.3
1322.6,344.531,160.9
1323.6,344.663,142.0
1324.6,344.785,131.6
1325.6,344.914,137.8
1326.6,345.042,137.6
1327.6,345.170,137.5
1328.6,345.304,144.0
1329.6,345.610,328.1
1330.6,346.134,563.1
1331.6,346.508,401.5
1332.6,346.716,222.2
1333.6,346.850,143.9
1334.6,346.980,140.2
1335.6,347.112,141.3
1336.6,347.239,136.1
1337.6,347.363,132.8
1338.6,347.491,137.6
1339.6,347.635,154.8
1340.6,348.104,502.7
1341.6,348.618,552.0
1342.6,348.864,263.2
1343.6,349.018,165.4
1344.6,349.147,138.1
1345.6,349.275,137.5
1346.6,349.397,131.5
1347.6,349.528,140.4
1348.6,349.659,140.0
1349.6,349.794,145.0
1350.6,350.109,338.4
1351.6,350.655,585.1
1352.6,350.995,365.2
1353.6,351.188,207.4
1354.6,351.316,137.8
1355.6,351.446,139.6
1356.6,351.577,139.9
1357.6,351.707,139.3
1358.6,351.835,137.8
1359.6,351.963,137.6
1360.6,352.141,190.6
1361.6,352.670,567.0
1362.6,353.135,499.4
1363.6,353.375,257.6
1364.6,353.508,143.1
1365.6,353.642,143.9
1366.6,353.771,137.8
1367.6,353.899,137.4
1368.6,354.027,137.8
1369.6,354.158,140.3
1370.6,354.300,153.0
1371.6,354.694,423.1
1372.6,355.208,551.6
1373.6,355.510,324.1
1374.6,355.695,199.1
1375.6,355.824,138.3
1376.6,355.958,143.4
1377.6,356.080,131.3
1378.6,356.213,142.7
1379.6,356.342,139.1
1380.6,356.471,137.8
1381.6,356.705,251.8
1382.6,357.219,551.9
1383.6,357.654,467.0
1384.6,357.893,256.8
1385.6,358.022,137.8
1386.6,358.150,137.9
1387.6,358.278,137.5
1388.6,358.406,137.8
1389.6,358.541,144.0
1390.6,358.669,137.6
1391.6,358.815,156.7
1392.6,359.274,493.2
1393.6,359.805,570.1
1394.6,360.051,264.5
1395.6,360.209,169.0
1396.6,360.337,137.8
1397.6,360.471,143.8
1398.6,360.594,131.5
1399.6,360.722,137.9
1400.6,360.850,137.6
1401.6,360.978,137.9
1402.6,361.247,288.0
1403.6,361.751,541.1
1404.6,362.162,441.2
1405.6,362.384,238.5
1406.6,362.512,137.8
1407.6,362.641,138.1
1408.6,362.775,143.4
1409.6,362.900,135.1
1410.6,363.031,140.4
1411.6,363.160,137.6
1412.6,363.300,150.7
1413.6,363.759,492.3
1414.6,364.299,579.7
1415.6,364.540,258.5
1416.7,364.693,164.2
1417.7,364.821,137.5
1418.7,364.949,137.8
1419.7,365.072,131.6
1420.7,365.200,137.6
1421.7,365.328,137.6
1422.7,365.462,143.7
1423.7,365.751,309.5
1424.7,366.249,535.3
1425.7,366.635,413.5
1426.7,366.845,225.4
1427.7,366.967,131.2
1428.7,367.095,137.6
1429.7,367.224,137.8
1430.7,367.346,131.5
1431.7,367.477,140.8
1432.7,367.607,138.7
1433.7,367.754,158.5
1434.7,368.197,475.1
1435.7,368.727,568.7
1436.7,368.985,277.0
1437.7,369.142,168.8
1438.7,369.276,143.9
1439.7,369.405,137.6
1440.7,369.533,137.8
1441.7,369.662,138.5
1442.7,369.795,142.7
1443.7,369.927,142.1
1444.7,370.248,343.8
1445.7,370.776,566.9
1446.7,371.142,393.0
1447.7,371.341,213.1
1448.7,371.469,137.6
1449.7,371.599,139.1
1450.7,371.731,142.6
1451.7,371.859,136.7
1452.7,371.984,133.8
1453.7,372.116,142.3
1454.7,372.272,166.6
1455.7,372.809,577.5
1456.7,373.282,507.6
1457.7,373.533,269.2
1458.7,373.667,144.0
1459.7,373.797,138.8
1460.7,373.930,142.7
1461.7,374.052,131.5
1462.7,374.186,143.8
1463.7,374.314,137.6
1464.7,374.454,150.2
1465.7,374.827,400.0
1466.7,375.358,570.3
1467.7,375.671,336.3
1468.7,375.854,195.7
1469.7,375.988,143.9
1470.7,376.116,137.6
1471.7,376.245,137.8
1472.7,376.373,137.5
1473.7,376.499,135.5
1474.7,376.623,133.4
1475.7,376.839,231.5
1476.7,377.345,542.6
1477.7,377.790,477.8
1478.7,378.023,250.3
1479.7,378.157,144.0
1480.7,378.285,137.6
1481.7,378.408,131.5
1482.7,378.535,137.0
1483.7,378.669,143.9
1484.7,378.804,144.0
1485.7,378.880,81.3
1486.7,379.091,226.9
1487.7,379.606,552.4
1488.7,380.036,461.6
1489.7,380.262,242.0
1490.7,380.390,137.8
1491.7,380.524,143.9
1492.7,380.646,131.2
1493.7,380.774,136.8
1494.7,380.898,132.9
1495.7,381.031,143.3
1496.7,381.171,150.2
1497.7,381.575,433.3
1498.7,382.104,567.6
1499.7,382.392,309.1
1500.7,382.565,185.3
1501.7,382.696,140.9
1502.7,382.827,140.4
1503.7,382.952,134.5
1504.7,383.084,141.0
1505.7,383.212,137.6
1506.7,383.340,137.6
1507.7,383.609,288.8
1508.7,384.144,573.7
1509.7,384.546,431.5
1510.7,384.746,214.7
1511.7,384.874,137.6
1512.7,385.002,137.4
1513.7,385.131,137.8
1514.7,385.259,137.5
1515.7,385.387,137.6
1516.7,385.516,137.9
1517.7,385.661,156.2
1518.7,386.101,471.5
1519.7,386.650,590.1
1520.7,387.150,536.2
1521.7,387.511,387.1
1522.7,387.657,156.8
1523.7,387.790,142.2
1524.7,387.918,137.6
1525.7,388.052,143.9
1526.7,388.175,131.7
1527.7,388.303,137.1
1528.7,388.431,137.6
1529.7,388.589,169.1
1530.7,389.122,572.4
1531.7,389.604,517.6
1532.7,389.854,268.3
1533.7,389.988,143.9
1534.7,390.117,137.6
1535.7,390.245,137.6
1536.7,390.373,137.8
1537.7,390.501,137.5
1538.7,390.635,144.0
1539.7,390.772,146.3
1540.7,391.135,390.5
1541.7,391.664,567.9
1542.7,391.973,331.4
1543.7,392.155,195.0
1544.7,392.285,140.0
1545.7,392.414,137.8
1546.7,392.536,131.5
1547.7,392.664,137.5
1548.7,392.793,137.8
1549.7,392.915,131.5
1550.7,393.087,184.8
1551.7,393.591,540.4
1552.7,394.080,524.3
1553.7,394.328,266.2
1554.7,394.461,142.6
1555.7,394.589,137.5
1556.7,394.723,144.0
1557.7,394.846,131.5
1558.7,394.974,137.8
1559.7,395.108,143.9
1560.7,395.248,149.9
1561.7,395.585,362.4
1562.7,395.841,274.3
1563.7,395.965,133.0
1564.7,396.096,140.0
1565.7,396.227,141.6
1566.7,396.352,133.4
1567.7,396.484,141.8
1568.7,396.612,137.8
1569.7,396.755,153.2
1570.7,397.106,376.6
1571.7,397.645,578.9
1572.7,397.929,304.7
1573.7,398.081,163.1
1574.7,398.111,32.0
1575.7,398.244,142.6
1576.7,398.372,137.8
1577.7,398.486,121.5
1578.7,398.541,59.5
1579.7,398.681,150.2
1580.7,399.107,457.0
1581.7,399.564,490.3
1582.7,400.108,583.6
