08-10-2026 23:01:22 RAM 2682/15599MB (lfb 59x4MB) CPU [0%@729,0%@729,1%@729,0%@729,0%@729,1%@729,0%@729,0%@729] GR3D_FREQ 0% cv0@57.031C/57.031C cpu@61.031C/61.031C soc2@54.781C/54.781C soc0@57.875C/57.875C cv1@57.562C/57.562C gpu@59.468C/59.468C tj@61.031C/61.031C soc1@56.687C/56.687C cv2@54.093C/54.093C VDD_IN 6134mW/6134mW/6134mW VDD_CPU_GPU_CV 857mW/857mW/857mW VDD_SOC 2368mW/2368mW/2368mW
08-10-2026 23:01:23 RAM 2728/15599MB (lfb 59x4MB) CPU [5%@1958,3%@1958,5%@1958,1%@1958,5%@1984,3%@1984,5%@1984,5%@1984] GR3D_FREQ 0% cv0@57.937C/57.937C cpu@62.218C/62.218C soc2@54.937C/54.937C soc0@57.843C/57.875C cv1@57.656C/57.656C gpu@59.468C/59.468C tj@62.218C/62.218C soc1@56.75C/56.75C cv2@54.062C/54.093C VDD_IN 6461mW/6298mW/6461mW VDD_CPU_GPU_CV 1143mW/1000mW/1143mW VDD_SOC 2409mW/2389mW/2409mW
08-10-2026 23:01:23 RAM 5626/15599MB (lfb 12x4MB) CPU [100%@1984,100%@1984,100%@1984,100%@1984,97%@1984,100%@1984,100%@1984,97%@1984] GR3D_FREQ 41% cv0@59.562C/59.562C cpu@64.968C/64.968C soc2@55.937C/55.937C soc0@57.906C/57.906C cv1@58.718C/58.718C gpu@60.5C/60.5C tj@64.968C/64.968C soc1@56.781C/56.781C cv2@54.312C/54.312C VDD_IN 12577mW/8391mW/12577mW VDD_CPU_GPU_CV 5477mW/2492mW/5477mW VDD_SOC 3012mW/2596mW/3012mW
08-10-2026 23:01:24 RAM 7158/15599MB (lfb 5x4MB) CPU [100%@1984,100%@1984,100%@1984,100%@1984,100%@1984,100%@1984,100%@1984,100%@1984] GR3D_FREQ 46% cv0@59.937C/59.937C cpu@65.156C/65.156C soc2@56.281C/56.281C soc0@58C/58C cv1@59.062C/59.062C gpu@60.5C/60.5C tj@65.156C/65.156C soc1@57.093C/57.093C cv2@54.593C/54.593C VDD_IN 15361mW/10133mW/15361mW VDD_CPU_GPU_CV 7361mW/3710mW/7361mW VDD_SOC 3367mW/2789mW/3367mW
08-10-2026 23:01:24 RAM 7260/15599MB (lfb 6x4MB) CPU [100%@1984,100%@1984,100%@1984,100%@1984,100%@1984,100%@1984,100%@1984,94%@1984] GR3D_FREQ 25% cv0@60.312C/60.312C cpu@64.937C/65.156C soc2@56.468C/56.468C soc0@58C/58C cv1@59.343C/59.343C gpu@60.625C/60.625C tj@64.937C/65.156C soc1@57.187C/57.187C cv2@54.687C/54.687C VDD_IN 14711mW/11049mW/15361mW VDD_CPU_GPU_CV 7725mW/4513mW/7725mW VDD_SOC 2966mW/2824mW/3367mW
08-10-2026 23:01:25 RAM 7336/15599MB (lfb 6x4MB) CPU [100%@1984,100%@1984,100%@1984,100%@1984,98%@1984,98%@1984,100%@1984,98%@1984] GR3D_FREQ 28% cv0@60.5C/60.5C cpu@64.968C/65.156C soc2@56.593C/56.593C soc0@58.187C/58.187C cv1@59.406C/59.406C gpu@60.562C/60.625C tj@64.968C/65.156C soc1@57.281C/57.281C cv2@54.843C/54.843C VDD_IN 13595mW/11473mW/15361mW VDD_CPU_GPU_CV 7494mW/5010mW/7725mW VDD_SOC 2600mW/2787mW/3367mW
08-10-2026 23:01:25 RAM 7413/15599MB (lfb 6x4MB) CPU [100%@1984,97%@1984,100%@1984,100%@1984,100%@1984,100%@1984,100%@1984,100%@1984] GR3D_FREQ 9% cv0@60.531C/60.531C cpu@65.031C/65.156C soc2@56.593C/56.593C soc0@58.406C/58.406C cv1@59.5C/59.5C gpu@60.562C/60.625C tj@65.031C/65.156C soc1@57.312C/57.312C cv2@54.906C/54.906C VDD_IN 13269mW/11730mW/15361mW VDD_CPU_GPU_CV 7454mW/5359mW/7725mW VDD_SOC 2479mW/2743mW/3367mW
08-10-2026 23:01:26 RAM 8020/15599MB (lfb 1x4MB) CPU [100%@1984,100%@1984,100%@1984,100%@1984,100%@1984,100%@1984,100%@1984,100%@1984] GR3D_FREQ 0% cv0@60.406C/60.531C cpu@65.218C/65.218C soc2@56.687C/56.687C soc0@58.312C/58.406C cv1@59.781C/59.781C gpu@60.625C/60.625C tj@65.218C/65.218C soc1@57.343C/57.343C cv2@54.937C/54.937C VDD_IN 13310mW/11927mW/15361mW VDD_CPU_GPU_CV 7373mW/5611mW/7725mW VDD_SOC 2519mW/2715mW/3367mW
08-10-2026 23:01:26 RAM 10461/15599MB (lfb 2x4MB) CPU [100%@1984,90%@1984,100%@1984,100%@1984,100%@1984,100%@1984,100%@1984,100%@1984] GR3D_FREQ 48% cv0@60.625C/60.625C cpu@65.656C/65.656C soc2@56.812C/56.812C soc0@58.468C/58.468C cv1@59.906C/59.906C gpu@61.25C/61.25C tj@65.656C/65.656C soc1@57.437C/57.437C cv2@55C/55C VDD_IN 14833mW/12250mW/15361mW VDD_CPU_GPU_CV 7482mW/5818mW/7725mW VDD_SOC 3129mW/2761mW/3367mW
08-10-2026 23:01:27 RAM 11961/15599MB (lfb 7x1MB) CPU [100%@1984,100%@1984,98%@1984,100%@1984,100%@1984,100%@1984,100%@1984,100%@1984] GR3D_FREQ 10% cv0@60.718C/60.718C cpu@65.781C/65.781C soc2@56.937C/56.937C soc0@58.593C/58.593C cv1@59.875C/59.906C gpu@61.218C/61.25C tj@65.781C/65.781C soc1@57.5C/57.5C cv2@55.093C/55.093C VDD_IN 15646mW/12590mW/15646mW VDD_CPU_GPU_CV 7887mW/6025mW/7887mW VDD_SOC 3286mW/2814mW/3367mW
08-10-2026 23:01:27 RAM 12065/15599MB (lfb 1x4MB) CPU [100%@1984,100%@1984,100%@1984,96%@1984,100%@1984,100%@1984,100%@1984,100%@1984] GR3D_FREQ 99% cv0@60.531C/60.718C cpu@65.343C/65.781C soc2@57.25C/57.25C soc0@58.687C/58.687C cv1@59.906C/59.906C gpu@64.75C/64.75C tj@65.343C/65.781C soc1@57.531C/57.531C cv2@55.281C/55.281C VDD_IN 23581mW/13589mW/23581mW VDD_CPU_GPU_CV 13862mW/6738mW/13862mW VDD_SOC 3957mW/2917mW/3957mW
08-10-2026 23:01:28 RAM 12095/15599MB (lfb 4x4MB) CPU [100%@1984,100%@1984,100%@1984,100%@1984,100%@1984,100%@1984,100%@1984,100%@1984] GR3D_FREQ 99% cv0@60.937C/60.937C cpu@65.625C/65.781C soc2@57.625C/57.625C soc0@59.031C/59.031C cv1@60.125C/60.125C gpu@65.687C/65.687C tj@65.687C/65.781C soc1@57.687C/57.687C cv2@55.562C/55.562C VDD_IN 29151mW/14886mW/29151mW VDD_CPU_GPU_CV 18181mW/7691mW/18181mW VDD_SOC 4300mW/3033mW/4300mW
08-10-2026 23:01:28 RAM 12135/15599MB (lfb 3x4MB) CPU [100%@1984,100%@1984,100%@1984,100%@1984,100%@1984,100%@1984,100%@1984,100%@1984] GR3D_FREQ 99% cv0@61.218C/61.218C cpu@65.937C/65.937C soc2@58.031C/58.031C soc0@59.343C/59.343C cv1@60.281C/60.281C gpu@66.5C/66.5C tj@66.5C/66.5C soc1@57.843C/57.843C cv2@55.718C/55.718C VDD_IN 30844mW/16113mW/30844mW VDD_CPU_GPU_CV 19395mW/8592mW/19395mW VDD_SOC 4380mW/3136mW/4380mW
08-10-2026 23:01:29 RAM 12203/15599MB (lfb 5x4MB) CPU [100%@1984,100%@1984,100%@1984,100%@1984,100%@1984,100%@1984,100%@1984,100%@1984] GR3D_FREQ 99% cv0@61.5C/61.5C cpu@66.125C/66.125C soc2@58.312C/58.312C soc0@59.562C/59.562C cv1@60.562C/60.562C gpu@66.812C/66.812C tj@66.812C/66.812C soc1@58.125C/58.125C cv2@56C/56C VDD_IN 31117mW/17185mW/31117mW VDD_CPU_GPU_CV 19673mW/9383mW/19673mW VDD_SOC 4414mW/3228mW/4414mW
08-10-2026 23:01:30 RAM 12212/15599MB (lfb 2x4MB) CPU [100%@1984,100%@1984,100%@1984,100%@1984,100%@1984,100%@1984,100%@1984,100%@1984] GR3D_FREQ 99% cv0@61.906C/61.906C cpu@66.562C/66.562C soc2@58.656C/58.656C soc0@59.906C/59.906C cv1@60.875C/60.875C gpu@66.656C/66.812C tj@66.656C/66.812C soc1@58.406C/58.406C cv2@56.312C/56.312C VDD_IN 30876mW/18098mW/31117mW VDD_CPU_GPU_CV 19147mW/10034mW/19673mW VDD_SOC 4823mW/3334mW/4823mW
08-10-2026 23:01:30 RAM 12211/15599MB (lfb 2x4MB) CPU [100%@1984,100%@1984,100%@1984,100%@1984,100%@1984,100%@1984,100%@1984,100%@1984] GR3D_FREQ 99% cv0@62.281C/62.281C cpu@66.968C/66.968C soc2@58.906C/58.906C soc0@60.156C/60.156C cv1@61.218C/61.218C gpu@66.843C/66.843C tj@66.968C/66.968C soc1@58.5C/58.5C cv2@56.437C/56.437C VDD_IN 30675mW/18884mW/31117mW VDD_CPU_GPU_CV 18709mW/10576mW/19673mW VDD_SOC 4983mW/3437mW/4983mW
08-10-2026 23:01:31 RAM 12211/15599MB (lfb 2x4MB) CPU [100%@1984,100%@1984,100%@1984,100%@1984,100%@1984,100%@1984,100%@1984,100%@1984] GR3D_FREQ 99% cv0@62.437C/62.437C cpu@67C/67C soc2@59.156C/59.156C soc0@60.312C/60.312C cv1@61.343C/61.343C gpu@66.968C/66.968C tj@67C/67C soc1@58.687C/58.687C cv2@56.687C/56.687C VDD_IN 30715mW/19580mW/31117mW VDD_CPU_GPU_CV 18709mW/11055mW/19673mW VDD_SOC 5064mW/3533mW/5064mW
08-10-2026 23:01:31 RAM 12211/15599MB (lfb 2x4MB) CPU [100%@1984,100%@1984,100%@1984,100%@1984,100%@1984,100%@1984,100%@1984,100%@1984] GR3D_FREQ 99% cv0@62.593C/62.593C cpu@67.25C/67.25C soc2@59.343C/59.343C soc0@60.531C/60.531C cv1@61.5C/61.5C gpu@67.062C/67.062C tj@67.25C/67.25C soc1@58.968C/58.968C cv2@56.812C/56.812C VDD_IN 30675mW/20196mW/31117mW VDD_CPU_GPU_CV 18630mW/11476mW/19673mW VDD_SOC 5064mW/3618mW/5064mW
08-10-2026 23:01:32 RAM 12211/15599MB (lfb 2x4MB) CPU [100%@1984,100%@1984,100%@1984,100%@1984,100%@1984,100%@1984,100%@1984,100%@1984] GR3D_FREQ 99% cv0@62.75C/62.75C cpu@67.437C/67.437C soc2@59.468C/59.468C soc0@60.843C/60.843C cv1@61.843C/61.843C gpu@67.343C/67.343C tj@67.437C/67.437C soc1@59.187C/59.187C cv2@57.031C/57.031C VDD_IN 30836mW/20756mW/31117mW VDD_CPU_GPU_CV 18709mW/11856mW/19673mW VDD_SOC 5064mW/3694mW/5064mW
08-10-2026 23:01:32 RAM 12213/15599MB (lfb 1x4MB) CPU [100%@1984,100%@1984,100%@1984,100%@1984,100%@1984,100%@1984,100%@1984,100%@1984] GR3D_FREQ 99% cv0@62.937C/62.937C cpu@67.812C/67.812C soc2@59.812C/59.812C soc0@61.031C/61.031C cv1@62.031C/62.031C gpu@67.343C/67.343C tj@67.812C/67.812C soc1@59.218C/59.218C cv2@57.093C/57.093C VDD_IN 30755mW/21256mW/31117mW VDD_CPU_GPU_CV 18630mW/12195mW/19673mW VDD_SOC 5104mW/3764mW/5104mW
08-10-2026 23:01:33 RAM 12213/15599MB (lfb 2x4MB) CPU [100%@1984,100%@1984,100%@1984,100%@1984,100%@1984,100%@1984,100%@1984,100%@1984] GR3D_FREQ 99% cv0@63.062C/63.062C cpu@68C/68C soc2@59.937C/59.937C soc0@61.125C/61.125C cv1@62.218C/62.218C gpu@67.687C/67.687C tj@68C/68C soc1@59.406C/59.406C cv2@57.406C/57.406C VDD_IN 30916mW/21716mW/31117mW VDD_CPU_GPU_CV 18829mW/12511mW/19673mW VDD_SOC 5104mW/3828mW/5104mW
08-10-2026 23:01:33 RAM 12218/15599MB (lfb 2x4MB) CPU [100%@1984,100%@1984,100%@1984,100%@1984,100%@1984,100%@1984,100%@1984,100%@1984] GR3D_FREQ 99% cv0@63.281C/63.281C cpu@68C/68C soc2@60.187C/60.187C soc0@61.343C/61.343C cv1@62.281C/62.281C gpu@67.75C/67.75C tj@68C/68C soc1@59.593C/59.593C cv2@57.656C/57.656C VDD_IN 30795mW/22129mW/31117mW VDD_CPU_GPU_CV 18669mW/12791mW/19673mW VDD_SOC 5104mW/3886mW/5104mW
08-10-2026 23:01:34 RAM 12218/15599MB (lfb 2x4MB) CPU [100%@1984,100%@1984,100%@1984,100%@1984,100%@1984,100%@1984,100%@1984,100%@1984] GR3D_FREQ 99% cv0@63.5C/63.5C cpu@68.218C/68.218C soc2@60.25C/60.25C soc0@61.437C/61.437C cv1@62.5C/62.5C gpu@67.875C/67.875C tj@68.218C/68.218C soc1@59.718C/59.718C cv2@57.781C/57.781C VDD_IN 30997mW/22514mW/31117mW VDD_CPU_GPU_CV 18868mW/13055mW/19673mW VDD_SOC 5104mW/3939mW/5104mW
08-10-2026 23:01:34 RAM 12218/15599MB (lfb 2x4MB) CPU [100%@1984,100%@1984,100%@1984,100%@1984,100%@1984,100%@1984,100%@1984,100%@1984] GR3D_FREQ 99% cv0@63.625C/63.625C cpu@68.375C/68.375C soc2@60.375C/60.375C soc0@61.656C/61.656C cv1@62.625C/62.625C gpu@68.187C/68.187C tj@68.375C/68.375C soc1@59.843C/59.843C cv2@57.968C/57.968C VDD_IN 30916mW/22864mW/31117mW VDD_CPU_GPU_CV 18749mW/13292mW/19673mW VDD_SOC 5104mW/3988mW/5104mW
08-10-2026 23:01:35 RAM 12218/15599MB (lfb 2x4MB) CPU [100%@1984,100%@1984,100%@1984,100%@1984,100%@1984,100%@1984,100%@1984,100%@1984] GR3D_FREQ 99% cv0@63.812C/63.812C cpu@68.468C/68.468C soc2@60.625C/60.625C soc0@61.906C/61.906C cv1@62.875C/62.875C gpu@68.312C/68.312C tj@68.468C/68.468C soc1@60.125C/60.125C cv2@58.218C/58.218C VDD_IN 30997mW/23190mW/31117mW VDD_CPU_GPU_CV 18829mW/13514mW/19673mW VDD_SOC 5104mW/4032mW/5104mW
08-10-2026 23:01:35 RAM 12218/15599MB (lfb 2x4MB) CPU [100%@1984,100%@1984,100%@1984,100%@1984,100%@1984,100%@1984,100%@1984,100%@1984] GR3D_FREQ 99% cv0@63.968C/63.968C cpu@68.812C/68.812C soc2@60.718C/60.718C soc0@62C/62C cv1@62.937C/62.937C gpu@68.562C/68.562C tj@68.812C/68.812C soc1@60.25C/60.25C cv2@58.281C/58.281C VDD_IN 30876mW/23485mW/31117mW VDD_CPU_GPU_CV 18749mW/13715mW/19673mW VDD_SOC 5104mW/4074mW/5104mW
08-10-2026 23:01:36 RAM 12219/15599MB (lfb 2x4MB) CPU [100%@1984,100%@1984,100%@1984,100%@1984,100%@1984,100%@1984,100%@1984,100%@1984] GR3D_FREQ 99% cv0@64.156C/64.156C cpu@68.875C/68.875C soc2@60.968C/60.968C soc0@62.343C/62.343C cv1@63.156C/63.156C gpu@68.812C/68.812C tj@68.875C/68.875C soc1@60.5C/60.5C cv2@58.437C/58.437C VDD_IN 30916mW/23761mW/31117mW VDD_CPU_GPU_CV 18868mW/13906mW/19673mW VDD_SOC 5104mW/4112mW/5104mW
08-10-2026 23:01:36 RAM 12219/15599MB (lfb 2x4MB) CPU [100%@1984,100%@1984,100%@1984,100%@1984,100%@1984,100%@1984,100%@1984,100%@1984] GR3D_FREQ 99% cv0@64.406C/64.406C cpu@69.062C/69.062C soc2@61.156C/61.156C soc0@62.25C/62.343C cv1@63.25C/63.25C gpu@68.75C/68.812C tj@69.062C/69.062C soc1@60.687C/60.687C cv2@58.593C/58.593C VDD_IN 31037mW/24020mW/31117mW VDD_CPU_GPU_CV 18908mW/14085mW/19673mW VDD_SOC 5136mW/4148mW/5136mW
08-10-2026 23:01:37 RAM 12219/15599MB (lfb 2x4MB) CPU [100%@1984,100%@1984,100%@1984,100%@1984,100%@1984,100%@1984,100%@1984,100%@1984] GR3D_FREQ 99% cv0@64.375C/64.406C cpu@69.25C/69.25C soc2@61.343C/61.343C soc0@62.718C/62.718C cv1@63.531C/63.531C gpu@69.312C/69.312C tj@69.312C/69.312C soc1@60.781C/60.781C cv2@58.687C/58.687C VDD_IN 31037mW/24262mW/31117mW VDD_CPU_GPU_CV 18948mW/14252mW/19673mW VDD_SOC 5104mW/4181mW/5136mW
08-10-2026 23:01:37 RAM 11450/15599MB (lfb 9x4MB) CPU [100%@1984,100%@1984,100%@1984,100%@1984,100%@1984,100%@1984,100%@1984,100%@1984] GR3D_FREQ 99% cv0@64.281C/64.406C cpu@69.031C/69.25C soc2@61.406C/61.406C soc0@62.875C/62.875C cv1@63.531C/63.531C gpu@69.968C/69.968C tj@69.968C/69.968C soc1@60.843C/60.843C cv2@58.812C/58.812C VDD_IN 31399mW/24500mW/31399mW VDD_CPU_GPU_CV 19792mW/14437mW/19792mW VDD_SOC 4694mW/4198mW/5136mW
08-10-2026 23:01:38 RAM 10490/15599MB (lfb 20x4MB) CPU [100%@1984,100%@1984,100%@1984,100%@1984,100%@1984,100%@1984,100%@1984,100%@1984] GR3D_FREQ 99% cv0@64.437C/64.437C cpu@69.25C/69.25C soc2@61.593C/61.593C soc0@63.031C/63.031C cv1@63.625C/63.625C gpu@69.906C/69.968C tj@69.906C/69.968C soc1@61C/61C cv2@59.031C/59.031C VDD_IN 31560mW/24728mW/31560mW VDD_CPU_GPU_CV 20070mW/14619mW/20070mW VDD_SOC 4614mW/4212mW/5136mW
08-10-2026 23:01:38 RAM 8730/15599MB (lfb 35x4MB) CPU [100%@1984,100%@1984,100%@1984,100%@1984,100%@1984,100%@1984,100%@1984,100%@1984] GR3D_FREQ 99% cv0@64.531C/64.531C cpu@69.406C/69.406C soc2@61.687C/61.687C soc0@63.218C/63.218C cv1@63.781C/63.781C gpu@70.218C/70.218C tj@70.218C/70.218C soc1@61.062C/61.062C cv2@59.343C/59.343C VDD_IN 31480mW/24939mW/31560mW VDD_CPU_GPU_CV 20070mW/14789mW/20070mW VDD_SOC 4614mW/4224mW/5136mW
08-10-2026 23:01:39 RAM 8960/15599MB (lfb 43x4MB) CPU [100%@1984,100%@1984,100%@1984,100%@1984,98%@1984,100%@1984,100%@1984,100%@1984] GR3D_FREQ 99% cv0@64.656C/64.656C cpu@69.437C/69.437C soc2@61.781C/61.781C soc0@63.312C/63.312C cv1@63.875C/63.875C gpu@70.125C/70.218C tj@70.125C/70.218C soc1@61.25C/61.25C cv2@59.437C/59.437C VDD_IN 31359mW/25134mW/31560mW VDD_CPU_GPU_CV 19911mW/14944mW/20070mW VDD_SOC 4574mW/4235mW/5136mW
08-10-2026 23:01:39 RAM 9328/15599MB (lfb 43x4MB) CPU [100%@1984,100%@1984,100%@1984,100%@1984,100%@1984,100%@1984,100%@1984,100%@1984] GR3D_FREQ 99% cv0@64.906C/64.906C cpu@70.156C/70.156C soc2@62C/62C soc0@63.406C/63.406C cv1@64.031C/64.031C gpu@70.312C/70.312C tj@70.312C/70.312C soc1@61.437C/61.437C cv2@59.531C/59.531C VDD_IN 31882mW/25332mW/31882mW VDD_CPU_GPU_CV 19911mW/15090mW/20070mW VDD_SOC 4855mW/4253mW/5136mW
08-10-2026 23:01:40 RAM 9889/15599MB (lfb 43x4MB) CPU [100%@1984,100%@1984,100%@1984,100%@1984,100%@1984,100%@1984,100%@1984,100%@1984] GR3D_FREQ 99% cv0@65.218C/65.218C cpu@69.937C/70.156C soc2@62.093C/62.093C soc0@63.5C/63.5C cv1@64.156C/64.156C gpu@70.593C/70.593C tj@70.593C/70.593C soc1@61.468C/61.468C cv2@59.718C/59.718C VDD_IN 31842mW/25518mW/31882mW VDD_CPU_GPU_CV 19872mW/15227mW/20070mW VDD_SOC 4895mW/4271mW/5136mW
08-10-2026 23:01:40 RAM 9916/15599MB (lfb 43x4MB) CPU [100%@1984,100%@1984,100%@1984,100%@1984,100%@1984,100%@1984,100%@1984,100%@1984] GR3D_FREQ 99% cv0@65.218C/65.218C cpu@70C/70.156C soc2@62.25C/62.25C soc0@63.781C/63.781C cv1@64.375C/64.375C gpu@70.437C/70.593C tj@70.437C/70.593C soc1@61.593C/61.593C cv2@59.718C/59.718C VDD_IN 31359mW/25680mW/31882mW VDD_CPU_GPU_CV 19792mW/15354mW/20070mW VDD_SOC 4614mW/4281mW/5136mW
08-10-2026 23:01:41 RAM 9943/15599MB (lfb 43x4MB) CPU [100%@1984,100%@1984,100%@1984,100%@1984,100%@1984,100%@1984,100%@1984,100%@1984] GR3D_FREQ 99% cv0@65.593C/65.593C cpu@70.062C/70.156C soc2@62.406C/62.406C soc0@63.843C/63.843C cv1@64.531C/64.531C gpu@70.625C/70.625C tj@70.625C/70.625C soc1@61.781C/61.781C cv2@59.937C/59.937C VDD_IN 31117mW/25827mW/31882mW VDD_CPU_GPU_CV 19752mW/15473mW/20070mW VDD_SOC 4501mW/4287mW/5136mW
08-10-2026 23:01:41 RAM 9975/15599MB (lfb 43x4MB) CPU [100%@1984,100%@1984,100%@1984,100%@1984,100%@1984,100%@1984,100%@1984,100%@1984] GR3D_FREQ 99% cv0@65.531C/65.593C cpu@70.156C/70.156C soc2@62.531C/62.531C soc0@63.937C/63.937C cv1@64.593C/64.593C gpu@70.843C/70.843C tj@70.843C/70.843C soc1@62.093C/62.093C cv2@60.093C/60.093C VDD_IN 31198mW/25969mW/31882mW VDD_CPU_GPU_CV 19991mW/15591mW/20070mW VDD_SOC 4501mW/4293mW/5136mW
08-10-2026 23:01:42 RAM 9999/15599MB (lfb 43x4MB) CPU [100%@1984,100%@1984,100%@1984,100%@1984,100%@1984,100%@1984,100%@1984,100%@1984] GR3D_FREQ 99% cv0@65.625C/65.625C cpu@70.187C/70.187C soc2@62.656C/62.656C soc0@64.093C/64.093C cv1@64.687C/64.687C gpu@71C/71C tj@71C/71C soc1@62.125C/62.125C cv2@60.187C/60.187C VDD_IN 31278mW/26105mW/31882mW VDD_CPU_GPU_CV 20030mW/15705mW/20070mW VDD_SOC 4501mW/4298mW/5136mW
08-10-2026 23:01:42 RAM 10030/15599MB (lfb 42x4MB) CPU [100%@1984,100%@1984,100%@1984,100%@1984,100%@1984,100%@1984,100%@1984,100%@1984] GR3D_FREQ 99% cv0@65.812C/65.812C cpu@70.468C/70.468C soc2@62.937C/62.937C soc0@64.218C/64.218C cv1@64.906C/64.906C gpu@71.375C/71.375C tj@71.375C/71.375C soc1@62.125C/62.125C cv2@60.375C/60.375C VDD_IN 31600mW/26242mW/31882mW VDD_CPU_GPU_CV 20189mW/15817mW/20189mW VDD_SOC 4494mW/4303mW/5136mW
08-10-2026 23:01:43 RAM 11368/15599MB (lfb 21x4MB) CPU [100%@1984,100%@1984,100%@1984,100%@1984,100%@1984,100%@1984,100%@1984,100%@1984] GR3D_FREQ 99% cv0@65.718C/65.812C cpu@70.5C/70.5C soc2@62.875C/62.937C soc0@64.406C/64.406C cv1@64.875C/64.906C gpu@71.406C/71.406C tj@71.406C/71.406C soc1@62.468C/62.468C cv2@60.406C/60.406C VDD_IN 31802mW/26378mW/31882mW VDD_CPU_GPU_CV 20229mW/15925mW/20229mW VDD_SOC 4614mW/4310mW/5136mW
08-10-2026 23:01:43 RAM 11588/15599MB (lfb 6x4MB) CPU [100%@1984,100%@1984,100%@1984,100%@1984,100%@1984,100%@1984,100%@1984,100%@1984] GR3D_FREQ 99% cv0@65.937C/65.937C cpu@70.718C/70.718C soc2@63.093C/63.093C soc0@64.5C/64.5C cv1@65.156C/65.156C gpu@71.375C/71.406C tj@71.375C/71.406C soc1@62.406C/62.468C cv2@60.531C/60.531C VDD_IN 32325mW/26519mW/32325mW VDD_CPU_GPU_CV 20189mW/16027mW/20229mW VDD_SOC 4975mW/4326mW/5136mW
08-10-2026 23:01:44 RAM 12181/15599MB (lfb 6x4MB) CPU [100%@1984,100%@1984,100%@1984,100%@1984,100%@1984,100%@1984,100%@1984,100%@1984] GR3D_FREQ 99% cv0@66.093C/66.093C cpu@70.781C/70.781C soc2@63.187C/63.187C soc0@64.687C/64.687C cv1@65.125C/65.156C gpu@71.687C/71.687C tj@71.687C/71.687C soc1@62.593C/62.593C cv2@60.781C/60.781C VDD_IN 31963mW/26646mW/32325mW VDD_CPU_GPU_CV 20110mW/16121mW/20229mW VDD_SOC 4815mW/4338mW/5136mW
08-10-2026 23:01:44 RAM 12204/15599MB (lfb 7x4MB) CPU [100%@1984,100%@1984,100%@1984,100%@1984,100%@1984,100%@1984,100%@1984,100%@1984] GR3D_FREQ 99% cv0@66.343C/66.343C cpu@71.218C/71.218C soc2@63.343C/63.343C soc0@65.031C/65.031C cv1@65.468C/65.468C gpu@71.562C/71.687C tj@71.562C/71.687C soc1@62.687C/62.687C cv2@60.843C/60.843C VDD_IN 31761mW/26762mW/32325mW VDD_CPU_GPU_CV 20189mW/16214mW/20229mW VDD_SOC 4574mW/4343mW/5136mW
08-10-2026 23:01:45 RAM 12236/15599MB (lfb 6x4MB) CPU [100%@1984,100%@1984,100%@1984,100%@1984,100%@1984,100%@1984,100%@1984,100%@1984] GR3D_FREQ 99% cv0@66.437C/66.437C cpu@70.906C/71.218C soc2@63.5C/63.5C soc0@65.031C/65.031C cv1@65.562C/65.562C gpu@71.906C/71.906C tj@71.906C/71.906C soc1@62.937C/62.937C cv2@61C/61C VDD_IN 31520mW/26868mW/32325mW VDD_CPU_GPU_CV 20309mW/16305mW/20309mW VDD_SOC 4534mW/4347mW/5136mW
08-10-2026 23:01:45 RAM 12223/15599MB (lfb 7x4MB) CPU [100%@1984,100%@1984,100%@1984,100%@1984,100%@1984,100%@1984,100%@1984,100%@1984] GR3D_FREQ 99% cv0@66.625C/66.625C cpu@71.25C/71.25C soc2@63.656C/63.656C soc0@65.218C/65.218C cv1@65.656C/65.656C gpu@71.843C/71.906C tj@71.843C/71.906C soc1@62.937C/62.937C cv2@61.156C/61.156C VDD_IN 31560mW/26970mW/32325mW VDD_CPU_GPU_CV 20110mW/16388mW/20309mW VDD_SOC 4454mW/4350mW/5136mW
08-10-2026 23:01:46 RAM 12218/15599MB (lfb 9x4MB) CPU [100%@1984,100%@1984,100%@1984,100%@1984,100%@1984,100%@1984,100%@1984,100%@1984] GR3D_FREQ 99% cv0@66.781C/66.781C cpu@71.531C/71.531C soc2@63.812C/63.812C soc0@65.281C/65.281C cv1@65.843C/65.843C gpu@71.5C/71.906C tj@71.531C/71.906C soc1@63.062C/63.062C cv2@61.312C/61.312C VDD_IN 31359mW/27063mW/32325mW VDD_CPU_GPU_CV 19514mW/16454mW/20309mW VDD_SOC 4614mW/4355mW/5136mW
08-10-2026 23:01:46 RAM 12226/15599MB (lfb 10x4MB) CPU [100%@1984,100%@1984,100%@1984,100%@1984,100%@1984,100%@1984,100%@1984,100%@1984] GR3D_FREQ 99% cv0@67.062C/67.062C cpu@71.687C/71.687C soc2@64C/64C soc0@65.375C/65.375C cv1@65.937C/65.937C gpu@71.312C/71.906C tj@71.687C/71.906C soc1@63.218C/63.218C cv2@61.406C/61.406C VDD_IN 31117mW/27148mW/32325mW VDD_CPU_GPU_CV 19068mW/16509mW/20309mW VDD_SOC 4983mW/4368mW/5136mW
08-10-2026 23:01:47 RAM 12226/15599MB (lfb 10x4MB) CPU [100%@1984,100%@1984,100%@1984,100%@1984,100%@1984,100%@1984,100%@1984,100%@1984] GR3D_FREQ 99% cv0@67.125C/67.125C cpu@71.687C/71.687C soc2@64.093C/64.093C soc0@65.437C/65.437C cv1@66.031C/66.031C gpu@71.5C/71.906C tj@71.687C/71.906C soc1@63.312C/63.312C cv2@61.562C/61.562C VDD_IN 31037mW/27227mW/32325mW VDD_CPU_GPU_CV 18948mW/16558mW/20309mW VDD_SOC 5104mW/4383mW/5136mW
08-10-2026 23:01:47 RAM 12226/15599MB (lfb 10x4MB) CPU [100%@1984,100%@1984,100%@1984,100%@1984,100%@1984,100%@1984,100%@1984,100%@1984] GR3D_FREQ 99% cv0@67.281C/67.281C cpu@71.906C/71.906C soc2@64.125C/64.125C soc0@65.625C/65.625C cv1@66.187C/66.187C gpu@71.718C/71.906C tj@71.906C/71.906C soc1@63.406C/63.406C cv2@61.75C/61.75C VDD_IN 31037mW/27303mW/32325mW VDD_CPU_GPU_CV 18908mW/16605mW/20309mW VDD_SOC 5104mW/4398mW/5136mW
08-10-2026 23:01:48 RAM 12226/15599MB (lfb 10x4MB) CPU [100%@1984,100%@1984,100%@1984,100%@1984,100%@1984,100%@1984,100%@1984,100%@1984] GR3D_FREQ 99% cv0@67.437C/67.437C cpu@71.937C/71.937C soc2@64.343C/64.343C soc0@65.718C/65.718C cv1@66.343C/66.343C gpu@71.843C/71.906C tj@71.937C/71.937C soc1@63.687C/63.687C cv2@61.843C/61.843C VDD_IN 30997mW/27376mW/32325mW VDD_CPU_GPU_CV 18908mW/16651mW/20309mW VDD_SOC 5144mW/4412mW/5144mW
08-10-2026 23:01:48 RAM 12226/15599MB (lfb 10x4MB) CPU [100%@1984,100%@1984,100%@1984,100%@1984,100%@1984,100%@1984,100%@1984,100%@1984] GR3D_FREQ 99% cv0@67.531C/67.531C cpu@72.156C/72.156C soc2@64.375C/64.375C soc0@65.781C/65.781C cv1@66.468C/66.468C gpu@72.062C/72.062C tj@72.156C/72.156C soc1@63.75C/63.75C cv2@61.906C/61.906C VDD_IN 31158mW/27448mW/32325mW VDD_CPU_GPU_CV 18948mW/16695mW/20309mW VDD_SOC 5144mW/4426mW/5144mW
08-10-2026 23:01:49 RAM 12226/15599MB (lfb 10x4MB) CPU [100%@1984,100%@1984,100%@1984,100%@1984,100%@1984,100%@1984,100%@1984,100%@1984] GR3D_FREQ 99% cv0@67.562C/67.562C cpu@72.187C/72.187C soc2@64.406C/64.406C soc0@65.875C/65.875C cv1@66.468C/66.468C gpu@72.218C/72.218C tj@72.218C/72.218C soc1@63.812C/63.812C cv2@62.031C/62.031C VDD_IN 30997mW/27515mW/32325mW VDD_CPU_GPU_CV 18749mW/16733mW/20309mW VDD_SOC 5144mW/4440mW/5144mW
08-10-2026 23:01:49 RAM 12226/15599MB (lfb 10x4MB) CPU [100%@1984,100%@1984,100%@1984,100%@1984,100%@1984,100%@1984,100%@1984,100%@1984] GR3D_FREQ 99% cv0@67.687C/67.687C cpu@72.281C/72.281C soc2@64.656C/64.656C soc0@66.093C/66.093C cv1@66.75C/66.75C gpu@72.375C/72.375C tj@72.375C/72.375C soc1@63.875C/63.875C cv2@62.062C/62.062C VDD_IN 31117mW/27582mW/32325mW VDD_CPU_GPU_CV 18868mW/16773mW/20309mW VDD_SOC 5144mW/4453mW/5144mW
08-10-2026 23:01:50 RAM 11431/15599MB (lfb 109x4MB) CPU [100%@1984,100%@1984,100%@1984,100%@1984,100%@1984,100%@1984,100%@1984,100%@1984] GR3D_FREQ 100% cv0@67.906C/67.906C cpu@72.812C/72.812C soc2@64.812C/64.812C soc0@66.187C/66.187C cv1@66.937C/66.937C gpu@72C/72.375C tj@72.812C/72.812C soc1@64.062C/64.062C cv2@62.343C/62.343C VDD_IN 31470mW/27653mW/32325mW VDD_CPU_GPU_CV 18033mW/16796mW/20309mW VDD_SOC 5658mW/4475mW/5658mW
08-10-2026 23:01:50 RAM 9190/15599MB (lfb 134x4MB) CPU [100%@1984,100%@1984,100%@1984,100%@1984,100%@1984,100%@1984,100%@1984,100%@1984] GR3D_FREQ 100% cv0@68.031C/68.031C cpu@72.875C/72.875C soc2@64.875C/64.875C soc0@66.281C/66.281C cv1@66.937C/66.937C gpu@71.843C/72.375C tj@72.875C/72.875C soc1@64.093C/64.093C cv2@62.531C/62.531C VDD_IN 30947mW/27712mW/32325mW VDD_CPU_GPU_CV 17316mW/16805mW/20309mW VDD_SOC 5827mW/4499mW/5827mW
08-10-2026 23:01:51 RAM 8470/15599MB (lfb 140x4MB) CPU [100%@1984,100%@1984,100%@1984,100%@1984,100%@1984,100%@1984,100%@1984,100%@1984] GR3D_FREQ 99% cv0@68.25C/68.25C cpu@73C/73C soc2@65.062C/65.062C soc0@66.343C/66.343C cv1@67.25C/67.25C gpu@72C/72.375C tj@73C/73C soc1@64.25C/64.25C cv2@62.468C/62.531C VDD_IN 31188mW/27773mW/32325mW VDD_CPU_GPU_CV 17435mW/16816mW/20309mW VDD_SOC 5898mW/4524mW/5898mW
08-10-2026 23:01:51 RAM 9111/15599MB (lfb 138x4MB) CPU [100%@1984,100%@1984,100%@1984,100%@1984,100%@1984,100%@1984,100%@1984,100%@1984] GR3D_FREQ 7% cv0@68.343C/68.343C cpu@73.187C/73.187C soc2@65.062C/65.062C soc0@66.437C/66.437C cv1@67.218C/67.25C gpu@70.406C/72.375C tj@73.218C/73.218C soc1@64.406C/64.406C cv2@62.75C/62.75C VDD_IN 27820mW/27773mW/32325mW VDD_CPU_GPU_CV 15295mW/16790mW/20309mW VDD_SOC 5354mW/4538mW/5898mW
08-10-2026 23:01:52 RAM 8129/15599MB (lfb 158x4MB) CPU [100%@1984,100%@1984,100%@1984,100%@1984,100%@1984,100%@1984,100%@1984,100%@1984] GR3D_FREQ 22% cv0@68.218C/68.343C cpu@73.218C/73.218C soc2@64.812C/65.062C soc0@66.343C/66.437C cv1@67.125C/67.25C gpu@69.687C/72.375C tj@73.218C/73.218C soc1@64.468C/64.468C cv2@62.718C/62.75C VDD_IN 19769mW/27638mW/32325mW VDD_CPU_GPU_CV 10345mW/16681mW/20309mW VDD_SOC 4051mW/4530mW/5898mW
08-10-2026 23:01:52 RAM 6765/15599MB (lfb 158x4MB) CPU [100%@1984,100%@1984,100%@1984,100%@1984,100%@1984,100%@1984,100%@1984,100%@1984] GR3D_FREQ 0% cv0@68.25C/68.343C cpu@72.75C/73.218C soc2@64.5C/65.062C soc0@66.218C/66.437C cv1@67.125C/67.25C gpu@68.75C/72.375C tj@72.75C/73.218C soc1@64.437C/64.468C cv2@62.593C/62.75C VDD_IN 15808mW/27441mW/32325mW VDD_CPU_GPU_CV 8413mW/16543mW/20309mW VDD_SOC 3124mW/4506mW/5898mW
08-10-2026 23:01:53 RAM 5547/15599MB (lfb 177x4MB) CPU [100%@1984,100%@1984,100%@1984,100%@1984,98%@1984,100%@1984,100%@1984,100%@1984] GR3D_FREQ 12% cv0@68C/68.343C cpu@72.531C/73.218C soc2@64.437C/65.062C soc0@66.062C/66.437C cv1@66.906C/67.25C gpu@68.687C/72.375C tj@72.531C/73.218C soc1@64.437C/64.468C cv2@62.468C/62.75C VDD_IN 14305mW/27225mW/32325mW VDD_CPU_GPU_CV 7725mW/16398mW/20309mW VDD_SOC 2804mW/4478mW/5898mW
08-10-2026 23:01:53 RAM 6502/15599MB (lfb 177x4MB) CPU [100%@1984,100%@1984,100%@1984,100%@1984,100%@1984,100%@1984,100%@1984,100%@1984] GR3D_FREQ 23% cv0@67.812C/68.343C cpu@72.562C/73.218C soc2@64.312C/65.062C soc0@65.968C/66.437C cv1@66.843C/67.25C gpu@68.687C/72.375C tj@72.562C/73.218C soc1@64.437C/64.468C cv2@62.343C/62.75C VDD_IN 14996mW/27028mW/32325mW VDD_CPU_GPU_CV 7766mW/16259mW/20309mW VDD_SOC 3048mW/4455mW/5898mW
08-10-2026 23:01:54 RAM 8879/15599MB (lfb 17x4MB) CPU [100%@1984,100%@1984,100%@1984,100%@1984,100%@1984,100%@1984,100%@1984,100%@1984] GR3D_FREQ 40% cv0@67.843C/68.343C cpu@72.468C/73.218C soc2@64.25C/65.062C soc0@65.906C/66.437C cv1@66.843C/67.25C gpu@68.437C/72.375C tj@72.468C/73.218C soc1@64.312C/64.468C cv2@62.343C/62.75C VDD_IN 14996mW/26837mW/32325mW VDD_CPU_GPU_CV 7604mW/16122mW/20309mW VDD_SOC 3169mW/4435mW/5898mW
08-10-2026 23:01:54 RAM 9491/15599MB (lfb 17x4MB) CPU [100%@1984,100%@1984,100%@1984,100%@1984,100%@1984,100%@1984,100%@1984,100%@1984] GR3D_FREQ 99% cv0@67.781C/68.343C cpu@72.25C/73.218C soc2@64.125C/65.062C soc0@65.906C/66.437C cv1@66.781C/67.25C gpu@68.5C/72.375C tj@72.25C/73.218C soc1@64.406C/64.468C cv2@62.25C/62.75C VDD_IN 15971mW/26667mW/32325mW VDD_CPU_GPU_CV 8049mW/15996mW/20309mW VDD_SOC 3367mW/4418mW/5898mW
08-10-2026 23:01:55 RAM 9579/15599MB (lfb 13x4MB) CPU [100%@1984,100%@1984,100%@1984,100%@1984,100%@1984,98%@1984,100%@1984,100%@1984] GR3D_FREQ 99% cv0@67.562C/68.343C cpu@72.062C/73.218C soc2@64.281C/65.062C soc0@66C/66.437C cv1@66.906C/67.25C gpu@71.218C/72.375C tj@72.062C/73.218C soc1@64.375C/64.468C cv2@62.25C/62.75C VDD_IN 20418mW/26571mW/32325mW VDD_CPU_GPU_CV 11856mW/15932mW/20309mW VDD_SOC 3518mW/4404mW/5898mW
08-10-2026 23:01:55 RAM 9618/15599MB (lfb 13x4MB) CPU [100%@1984,100%@1984,100%@1984,100%@1984,100%@1984,100%@1984,100%@1984,100%@1984] GR3D_FREQ 99% cv0@67.625C/68.343C cpu@72.25C/73.218C soc2@64.5C/65.062C soc0@66.312C/66.437C cv1@66.812C/67.25C gpu@72.218C/72.375C tj@72.218C/73.218C soc1@64.437C/64.468C cv2@62.343C/62.75C VDD_IN 28022mW/26593mW/32325mW VDD_CPU_GPU_CV 17543mW/15956mW/20309mW VDD_SOC 4186mW/4401mW/5898mW
08-10-2026 23:01:56 RAM 9640/15599MB (lfb 13x4MB) CPU [100%@1984,100%@1984,100%@1984,100%@1984,100%@1984,100%@1984,100%@1984,100%@1984] GR3D_FREQ 99% cv0@67.75C/68.343C cpu@72.531C/73.218C soc2@64.843C/65.062C soc0@66.5C/66.5C cv1@67.062C/67.25C gpu@72.562C/72.562C tj@72.562C/73.218C soc1@64.5C/64.5C cv2@62.562C/62.75C VDD_IN 30192mW/26647mW/32325mW VDD_CPU_GPU_CV 19187mW/16005mW/20309mW VDD_SOC 4380mW/4401mW/5898mW
08-10-2026 23:01:56 RAM 9859/15599MB (lfb 12x4MB) CPU [100%@1984,100%@1984,100%@1984,100%@1984,100%@1984,100%@1984,100%@1984,100%@1984] GR3D_FREQ 99% cv0@68C/68.343C cpu@72.593C/73.218C soc2@65.062C/65.062C soc0@66.656C/66.656C cv1@67.156C/67.25C gpu@73.125C/73.125C tj@72.875C/73.218C soc1@64.562C/64.562C cv2@62.75C/62.75C VDD_IN 31037mW/26711mW/32325mW VDD_CPU_GPU_CV 19832mW/16061mW/20309mW VDD_SOC 4501mW/4402mW/5898mW
08-10-2026 23:01:57 RAM 11648/15599MB (lfb 4x4MB) CPU [100%@1984,100%@1984,100%@1984,100%@1984,100%@1984,100%@1984,100%@1984,100%@1984] GR3D_FREQ 99% cv0@68.281C/68.343C cpu@73.031C/73.218C soc2@65.25C/65.25C soc0@66.75C/66.75C cv1@67.343C/67.343C gpu@73.218C/73.218C tj@73.218C/73.218C soc1@64.593C/64.593C cv2@63C/63C VDD_IN 31681mW/26783mW/32325mW VDD_CPU_GPU_CV 20110mW/16120mW/20309mW VDD_SOC 4735mW/4407mW/5898mW
08-10-2026 23:01:57 RAM 12109/15599MB (lfb 5x4MB) CPU [100%@1984,100%@1984,100%@1984,100%@1984,100%@1984,100%@1984,100%@1984,100%@1984] GR3D_FREQ 99% cv0@68.406C/68.406C cpu@72.968C/73.218C soc2@65.406C/65.406C soc0@66.906C/66.906C cv1@67.375C/67.375C gpu@73.125C/73.218C tj@73.125C/73.218C soc1@64.875C/64.875C cv2@63.187C/63.187C VDD_IN 32003mW/26858mW/32325mW VDD_CPU_GPU_CV 20070mW/16176mW/20309mW VDD_SOC 4895mW/4414mW/5898mW
08-10-2026 23:01:58 RAM 12260/15599MB (lfb 5x4MB) CPU [100%@1984,100%@1984,100%@1984,100%@1984,100%@1984,100%@1984,100%@1984,100%@1984] GR3D_FREQ 99% cv0@68.562C/68.562C cpu@73C/73.218C soc2@65.593C/65.593C soc0@67.093C/67.093C cv1@67.593C/67.593C gpu@73.906C/73.906C tj@73.906C/73.906C soc1@64.875C/64.875C cv2@63.281C/63.281C VDD_IN 31802mW/26928mW/32325mW VDD_CPU_GPU_CV 20030mW/16230mW/20309mW VDD_SOC 4775mW/4419mW/5898mW
08-10-2026 23:01:58 RAM 12271/15599MB (lfb 8x4MB) CPU [100%@1984,100%@1984,100%@1984,100%@1984,100%@1984,100%@1984,100%@1984,100%@1984] GR3D_FREQ 99% cv0@68.718C/68.718C cpu@73.156C/73.218C soc2@65.718C/65.718C soc0@67.187C/67.187C cv1@67.687C/67.687C gpu@73.75C/73.906C tj@73.75C/73.906C soc1@65.031C/65.031C cv2@63.406C/63.406C VDD_IN 31721mW/26994mW/32325mW VDD_CPU_GPU_CV 19991mW/16283mW/20309mW VDD_SOC 4574mW/4421mW/5898mW
08-10-2026 23:01:59 RAM 12309/15599MB (lfb 6x4MB) CPU [100%@1984,100%@1984,100%@1984,100%@1984,100%@1984,100%@1984,100%@1984,100%@1984] GR3D_FREQ 99% cv0@68.812C/68.812C cpu@73.218C/73.218C soc2@65.781C/65.781C soc0@67.312C/67.312C cv1@67.812C/67.812C gpu@73.906C/73.906C tj@73.906C/73.906C soc1@65.281C/65.281C cv2@63.593C/63.593C VDD_IN 31641mW/27058mW/32325mW VDD_CPU_GPU_CV 20030mW/16334mW/20309mW VDD_SOC 4494mW/4422mW/5898mW
08-10-2026 23:01:59 RAM 12361/15599MB (lfb 5x4MB) CPU [100%@1984,100%@1984,100%@1984,100%@1984,100%@1984,100%@1984,100%@1984,100%@1984] GR3D_FREQ 99% cv0@69.031C/69.031C cpu@73.375C/73.375C soc2@65.906C/65.906C soc0@67.375C/67.375C cv1@67.968C/67.968C gpu@73.875C/73.906C tj@73.875C/73.906C soc1@65.281C/65.281C cv2@63.656C/63.656C VDD_IN 31480mW/27118mW/32325mW VDD_CPU_GPU_CV 19911mW/16382mW/20309mW VDD_SOC 4454mW/4423mW/5898mW
08-10-2026 23:02:00 RAM 12372/15599MB (lfb 5x4MB) CPU [100%@1984,100%@1984,100%@1984,100%@1984,100%@1984,100%@1984,100%@1984,100%@1984] GR3D_FREQ 99% cv0@69.187C/69.187C cpu@73.656C/73.656C soc2@66.031C/66.031C soc0@67.593C/67.593C cv1@68.125C/68.125C gpu@73.562C/73.906C tj@73.656C/73.906C soc1@65.437C/65.437C cv2@63.781C/63.781C VDD_IN 31278mW/27173mW/32325mW VDD_CPU_GPU_CV 19355mW/16422mW/20309mW VDD_SOC 4855mW/4428mW/5898mW
08-10-2026 23:02:00 RAM 12372/15599MB (lfb 5x4MB) CPU [100%@1984,100%@1984,100%@1984,100%@1984,100%@1984,100%@1984,100%@1984,100%@1984] GR3D_FREQ 99% cv0@69.281C/69.281C cpu@73.875C/73.875C soc2@66.156C/66.156C soc0@67.687C/67.687C cv1@68.343C/68.343C gpu@73.875C/73.906C tj@73.875C/73.906C soc1@65.531C/65.531C cv2@63.875C/63.875C VDD_IN 31278mW/27227mW/32325mW VDD_CPU_GPU_CV 19156mW/16458mW/20309mW VDD_SOC 5056mW/4437mW/5898mW
08-10-2026 23:02:01 RAM 12364/15599MB (lfb 6x4MB) CPU [100%@1984,100%@1984,100%@1984,100%@1984,100%@1984,100%@1984,100%@1984,100%@1984] GR3D_FREQ 99% cv0@69.437C/69.437C cpu@74.093C/74.093C soc2@66.375C/66.375C soc0@67.812C/67.812C cv1@68.406C/68.406C gpu@73.781C/73.906C tj@74.093C/74.093C soc1@65.562C/65.562C cv2@63.968C/63.968C VDD_IN 31198mW/27279mW/32325mW VDD_CPU_GPU_CV 18988mW/16491mW/20309mW VDD_SOC 5144mW/4446mW/5898mW
08-10-2026 23:02:01 RAM 12364/15599MB (lfb 6x4MB) CPU [100%@1984,100%@1984,100%@1984,100%@1984,100%@1984,100%@1984,100%@1984,100%@1984] GR3D_FREQ 99% cv0@69.406C/69.437C cpu@74.062C/74.093C soc2@66.406C/66.406C soc0@67.937C/67.937C cv1@68.5C/68.5C gpu@74.156C/74.156C tj@74.281C/74.281C soc1@65.687C/65.687C cv2@64.093C/64.093C VDD_IN 31198mW/27329mW/32325mW VDD_CPU_GPU_CV 18878mW/16521mW/20309mW VDD_SOC 5144mW/4455mW/5898mW
08-10-2026 23:02:02 RAM 12356/15599MB (lfb 6x4MB) CPU [100%@1984,100%@1984,100%@1984,100%@1984,100%@1984,100%@1984,100%@1984,100%@1984] GR3D_FREQ 99% cv0@69.718C/69.718C cpu@74.218C/74.218C soc2@66.531C/66.531C soc0@68C/68C cv1@68.593C/68.593C gpu@73.968C/74.156C tj@74.218C/74.281C soc1@65.75C/65.75C cv2@64.218C/64.218C VDD_IN 31158mW/27377mW/32325mW VDD_CPU_GPU_CV 18868mW/16551mW/20309mW VDD_SOC 5184mW/4464mW/5898mW
08-10-2026 23:02:02 RAM 12356/15599MB (lfb 6x4MB) CPU [100%@1984,100%@1984,100%@1984,100%@1984,100%@1984,100%@1984,100%@1984,100%@1984] GR3D_FREQ 99% cv0@69.687C/69.718C cpu@74.281C/74.281C soc2@66.625C/66.625C soc0@68C/68C cv1@68.593C/68.593C gpu@74.125C/74.156C tj@74.25C/74.281C soc1@65.843C/65.843C cv2@64.437C/64.437C VDD_IN 31198mW/27425mW/32325mW VDD_CPU_GPU_CV 18908mW/16580mW/20309mW VDD_SOC 5144mW/4472mW/5898mW
08-10-2026 23:02:03 RAM 12352/15599MB (lfb 7x4MB) CPU [100%@1984,100%@1984,100%@1984,100%@1984,100%@1984,100%@1984,100%@1984,100%@1984] GR3D_FREQ 99% cv0@69.968C/69.968C cpu@74.312C/74.312C soc2@66.687C/66.687C soc0@68.093C/68.093C cv1@68.75C/68.75C gpu@74.187C/74.187C tj@74.437C/74.437C soc1@65.968C/65.968C cv2@64.5C/64.5C VDD_IN 31117mW/27471mW/32325mW VDD_CPU_GPU_CV 18878mW/16609mW/20309mW VDD_SOC 5184mW/4481mW/5898mW
08-10-2026 23:02:04 RAM 12352/15599MB (lfb 7x4MB) CPU [100%@1984,100%@1984,100%@1984,100%@1984,100%@1984,100%@1984,100%@1984,100%@1984] GR3D_FREQ 99% cv0@70.062C/70.062C cpu@74.468C/74.468C soc2@66.781C/66.781C soc0@68.218C/68.218C cv1@68.812C/68.812C gpu@74.343C/74.343C tj@74.468C/74.468C soc1@66.187C/66.187C cv2@64.5C/64.5C VDD_IN 31117mW/27515mW/32325mW VDD_CPU_GPU_CV 18908mW/16637mW/20309mW VDD_SOC 5144mW/4489mW/5898mW
08-10-2026 23:02:04 RAM 12346/15599MB (lfb 6x4MB) CPU [100%@1984,100%@1984,100%@1984,100%@1984,100%@1984,100%@1984,100%@1984,100%@1984] GR3D_FREQ 99% cv0@70.062C/70.062C cpu@74.562C/74.562C soc2@66.843C/66.843C soc0@68.343C/68.343C cv1@68.875C/68.875C gpu@74.687C/74.687C tj@74.687C/74.687C soc1@66.281C/66.281C cv2@64.687C/64.687C VDD_IN 31077mW/27558mW/32325mW VDD_CPU_GPU_CV 18789mW/16663mW/20309mW VDD_SOC 5184mW/4498mW/5898mW
08-10-2026 23:02:05 RAM 12346/15599MB (lfb 6x4MB) CPU [100%@1984,100%@1984,100%@1984,100%@1984,100%@1984,100%@1984,100%@1984,100%@1984] GR3D_FREQ 99% cv0@70.187C/70.187C cpu@74.687C/74.687C soc2@66.968C/66.968C soc0@68.437C/68.437C cv1@69C/69C gpu@74.625C/74.687C tj@74.687C/74.687C soc1@66.343C/66.343C cv2@64.75C/64.75C VDD_IN 31158mW/27601mW/32325mW VDD_CPU_GPU_CV 18868mW/16689mW/20309mW VDD_SOC 5184mW/4506mW/5898mW
08-10-2026 23:02:05 RAM 12340/15599MB (lfb 7x4MB) CPU [100%@1984,100%@1984,100%@1984,100%@1984,100%@1984,100%@1984,100%@1984,100%@1984] GR3D_FREQ 99% cv0@70.25C/70.25C cpu@74.937C/74.937C soc2@67.218C/67.218C soc0@68.687C/68.687C cv1@69.25C/69.25C gpu@74.625C/74.687C tj@74.937C/74.937C soc1@66.468C/66.468C cv2@64.843C/64.843C VDD_IN 31198mW/27643mW/32325mW VDD_CPU_GPU_CV 18908mW/16715mW/20309mW VDD_SOC 5184mW/4514mW/5898mW
08-10-2026 23:02:06 RAM 12340/15599MB (lfb 7x4MB) CPU [100%@1984,100%@1984,100%@1984,100%@1984,100%@1984,100%@1984,100%@1984,100%@1984] GR3D_FREQ 99% cv0@70.343C/70.343C cpu@74.843C/74.937C soc2@67.281C/67.281C soc0@68.75C/68.75C cv1@69.281C/69.281C gpu@74.812C/74.812C tj@74.843C/74.937C soc1@66.468C/66.468C cv2@64.906C/64.906C VDD_IN 31278mW/27685mW/32325mW VDD_CPU_GPU_CV 18957mW/16741mW/20309mW VDD_SOC 5176mW/4522mW/5898mW
08-10-2026 23:02:06 RAM 12335/15599MB (lfb 7x4MB) CPU [100%@1984,100%@1984,100%@1984,100%@1984,100%@1984,100%@1984,100%@1984,100%@1984] GR3D_FREQ 99% cv0@70.375C/70.375C cpu@75C/75C soc2@67.343C/67.343C soc0@68.781C/68.781C cv1@69.375C/69.375C gpu@74.843C/74.843C tj@75.031C/75.031C soc1@66.5C/66.5C cv2@65.062C/65.062C VDD_IN 31278mW/27727mW/32325mW VDD_CPU_GPU_CV 19028mW/16767mW/20309mW VDD_SOC 5184mW/4529mW/5898mW
08-10-2026 23:02:07 RAM 12335/15599MB (lfb 7x4MB) CPU [100%@1984,100%@1984,100%@1984,100%@1984,100%@1984,100%@1984,100%@1984,100%@1984] GR3D_FREQ 99% cv0@70.593C/70.593C cpu@75.093C/75.093C soc2@67.468C/67.468C soc0@68.843C/68.843C cv1@69.343C/69.375C gpu@75.093C/75.093C tj@75.093C/75.093C soc1@66.625C/66.625C cv2@65.343C/65.343C VDD_IN 31158mW/27766mW/32325mW VDD_CPU_GPU_CV 18798mW/16791mW/20309mW VDD_SOC 5184mW/4537mW/5898mW
08-10-2026 23:02:07 RAM 12330/15599MB (lfb 7x4MB) CPU [100%@1984,100%@1984,100%@1984,100%@1984,100%@1984,100%@1984,100%@1984,100%@1984] GR3D_FREQ 99% cv0@70.531C/70.593C cpu@75.312C/75.312C soc2@67.593C/67.593C soc0@69C/69C cv1@69.5C/69.5C gpu@75.031C/75.093C tj@75.312C/75.312C soc1@66.781C/66.781C cv2@65.187C/65.343C VDD_IN 31198mW/27804mW/32325mW VDD_CPU_GPU_CV 18878mW/16814mW/20309mW VDD_SOC 5176mW/4544mW/5898mW
08-10-2026 23:02:08 RAM 11485/15599MB (lfb 16x4MB) CPU [100%@1984,100%@1984,100%@1984,100%@1984,100%@1984,100%@1984,100%@1984,100%@1984] GR3D_FREQ 99% cv0@70.437C/70.593C cpu@74.968C/75.312C soc2@67.562C/67.593C soc0@69.093C/69.093C cv1@69.468C/69.5C gpu@76.031C/76.031C tj@76.031C/76.031C soc1@66.843C/66.843C cv2@65.406C/65.406C VDD_IN 31520mW/27846mW/32325mW VDD_CPU_GPU_CV 19713mW/16846mW/20309mW VDD_SOC 4855mW/4547mW/5898mW
08-10-2026 23:02:08 RAM 10510/15599MB (lfb 92x4MB) CPU [100%@1984,100%@1984,100%@1984,100%@1984,100%@1984,100%@1984,100%@1984,100%@1984] GR3D_FREQ 99% cv0@70.5C/70.593C cpu@75.031C/75.312C soc2@67.656C/67.656C soc0@69.156C/69.156C cv1@69.531C/69.531C gpu@76.156C/76.156C tj@76.156C/76.156C soc1@67C/67C cv2@65.406C/65.406C VDD_IN 31681mW/27888mW/32325mW VDD_CPU_GPU_CV 20150mW/16883mW/20309mW VDD_SOC 4694mW/4549mW/5898mW
08-10-2026 23:02:09 RAM 8356/15599MB (lfb 118x4MB) CPU [100%@1984,100%@1984,100%@1984,100%@1984,100%@1984,100%@1984,100%@1984,100%@1984] GR3D_FREQ 99% cv0@70.656C/70.656C cpu@75.093C/75.312C soc2@67.718C/67.718C soc0@69.281C/69.281C cv1@69.625C/69.625C gpu@76.343C/76.343C tj@76.343C/76.343C soc1@67.062C/67.062C cv2@65.625C/65.625C VDD_IN 31681mW/27929mW/32325mW VDD_CPU_GPU_CV 20150mW/16918mW/20309mW VDD_SOC 4694mW/4550mW/5898mW
08-10-2026 23:02:09 RAM 9456/15599MB (lfb 117x4MB) CPU [100%@1984,100%@1984,100%@1984,100%@1984,100%@1984,100%@1984,100%@1984,100%@1984] GR3D_FREQ 99% cv0@70.718C/70.718C cpu@75.312C/75.312C soc2@67.875C/67.875C soc0@69.375C/69.375C cv1@69.656C/69.656C gpu@76.375C/76.375C tj@76.375C/76.375C soc1@67.187C/67.187C cv2@65.656C/65.656C VDD_IN 31721mW/27970mW/32325mW VDD_CPU_GPU_CV 20189mW/16953mW/20309mW VDD_SOC 4654mW/4552mW/5898mW
08-10-2026 23:02:10 RAM 9456/15599MB (lfb 117x4MB) CPU [100%@1984,100%@1984,100%@1984,100%@1984,100%@1984,100%@1984,100%@1984,100%@1984] GR3D_FREQ 99% cv0@70.906C/70.906C cpu@75.375C/75.375C soc2@67.875C/67.875C soc0@69.5C/69.5C cv1@69.968C/69.968C gpu@76.125C/76.375C tj@76.125C/76.375C soc1@67.218C/67.218C cv2@65.687C/65.687C VDD_IN 32124mW/28014mW/32325mW VDD_CPU_GPU_CV 20030mW/16986mW/20309mW VDD_SOC 4975mW/4556mW/5898mW
08-10-2026 23:02:10 RAM 9933/15599MB (lfb 117x4MB) CPU [100%@1984,100%@1984,100%@1984,100%@1984,100%@1984,100%@1984,100%@1984,100%@1984] GR3D_FREQ 99% cv0@71.093C/71.093C cpu@75.468C/75.468C soc2@68.031C/68.031C soc0@69.687C/69.687C cv1@70.031C/70.031C gpu@76.375C/76.375C tj@76.375C/76.375C soc1@67.312C/67.312C cv2@65.875C/65.875C VDD_IN 32003mW/28056mW/32325mW VDD_CPU_GPU_CV 19872mW/17016mW/20309mW VDD_SOC 4895mW/4560mW/5898mW
08-10-2026 23:02:11 RAM 9954/15599MB (lfb 117x4MB) CPU [100%@1984,100%@1984,100%@1984,100%@1984,100%@1984,100%@1984,100%@1984,100%@1984] GR3D_FREQ 99% cv0@71.093C/71.093C cpu@75.656C/75.656C soc2@68.125C/68.125C soc0@69.812C/69.812C cv1@70.187C/70.187C gpu@76.406C/76.406C tj@76.406C/76.406C soc1@67.406C/67.406C cv2@65.968C/65.968C VDD_IN 31399mW/28091mW/32325mW VDD_CPU_GPU_CV 19832mW/17046mW/20309mW VDD_SOC 4654mW/4561mW/5898mW
08-10-2026 23:02:11 RAM 9987/15599MB (lfb 117x4MB) CPU [100%@1984,100%@1984,100%@1984,100%@1984,100%@1984,100%@1984,100%@1984,100%@1984] GR3D_FREQ 99% cv0@71.187C/71.187C cpu@75.906C/75.906C soc2@68.187C/68.187C soc0@69.812C/69.812C cv1@70.187C/70.187C gpu@76.781C/76.781C tj@76.781C/76.781C soc1@67.437C/67.437C cv2@66C/66C VDD_IN 31560mW/28127mW/32325mW VDD_CPU_GPU_CV 20150mW/17078mW/20309mW VDD_SOC 4574mW/4561mW/5898mW
08-10-2026 23:02:12 RAM 10006/15599MB (lfb 117x4MB) CPU [100%@1984,100%@1984,100%@1984,100%@1984,100%@1984,100%@1984,100%@1984,100%@1984] GR3D_FREQ 99% cv0@71.156C/71.187C cpu@75.812C/75.906C soc2@68.343C/68.343C soc0@69.843C/69.843C cv1@70.25C/70.25C gpu@76.625C/76.781C tj@76.812C/76.812C soc1@67.531C/67.531C cv2@66.187C/66.187C VDD_IN 31641mW/28162mW/32325mW VDD_CPU_GPU_CV 20189mW/17109mW/20309mW VDD_SOC 4534mW/4560mW/5898mW
08-10-2026 23:02:12 RAM 10040/15599MB (lfb 117x4MB) CPU [100%@1984,100%@1984,100%@1984,100%@1984,100%@1984,100%@1984,100%@1984,100%@1984] GR3D_FREQ 99% cv0@71.281C/71.281C cpu@75.906C/75.906C soc2@68.406C/68.406C soc0@70.125C/70.125C cv1@70.406C/70.406C gpu@76.843C/76.843C tj@76.843C/76.843C soc1@67.656C/67.656C cv2@66.218C/66.218C VDD_IN 31399mW/28195mW/32325mW VDD_CPU_GPU_CV 20150mW/17140mW/20309mW VDD_SOC 4541mW/4560mW/5898mW
08-10-2026 23:02:13 RAM 10064/15599MB (lfb 117x4MB) CPU [100%@1984,100%@1984,100%@1984,100%@1984,100%@1984,100%@1984,100%@1984,100%@1984] GR3D_FREQ 99% cv0@71.468C/71.468C cpu@75.906C/75.906C soc2@68.468C/68.468C soc0@70.031C/70.125C cv1@70.468C/70.468C gpu@76.593C/76.843C tj@76.593C/76.843C soc1@67.75C/67.75C cv2@66.406C/66.406C VDD_IN 31198mW/28225mW/32325mW VDD_CPU_GPU_CV 20030mW/17169mW/20309mW VDD_SOC 4501mW/4560mW/5898mW
08-10-2026 23:02:13 RAM 11524/15599MB (lfb 6x4MB) CPU [100%@1984,100%@1984,100%@1984,100%@1984,100%@1984,100%@1984,100%@1984,100%@1984] GR3D_FREQ 95% cv0@71.531C/71.531C cpu@76.125C/76.125C soc2@68.562C/68.562C soc0@70.218C/70.218C cv1@70.5C/70.5C gpu@76.75C/76.843C tj@76.75C/76.843C soc1@67.75C/67.75C cv2@66.593C/66.593C VDD_IN 31681mW/28259mW/32325mW VDD_CPU_GPU_CV 20189mW/17199mW/20309mW VDD_SOC 4654mW/4561mW/5898mW
08-10-2026 23:02:14 RAM 11524/15599MB (lfb 6x4MB) CPU [100%@1984,100%@1984,100%@1984,100%@1984,100%@1984,100%@1984,100%@1984,100%@1984] GR3D_FREQ 99% cv0@71.656C/71.656C cpu@76.125C/76.125C soc2@68.656C/68.656C soc0@70.25C/70.25C cv1@70.562C/70.562C gpu@77.062C/77.062C tj@77.062C/77.062C soc1@67.875C/67.875C cv2@66.531C/66.593C VDD_IN 32285mW/28299mW/32325mW VDD_CPU_GPU_CV 20309mW/17229mW/20309mW VDD_SOC 4975mW/4565mW/5898mW
08-10-2026 23:02:14 RAM 12315/15599MB (lfb 5x4MB) CPU [100%@1984,100%@1984,100%@1984,100%@1984,100%@1984,100%@1984,100%@1984,100%@1984] GR3D_FREQ 99% cv0@71.75C/71.75C cpu@76.093C/76.125C soc2@68.781C/68.781C soc0@70.375C/70.375C cv1@70.656C/70.656C gpu@77.312C/77.312C tj@77.312C/77.312C soc1@68C/68C cv2@66.718C/66.718C VDD_IN 32084mW/28336mW/32325mW VDD_CPU_GPU_CV 20309mW/17259mW/20309mW VDD_SOC 4895mW/4568mW/5898mW
08-10-2026 23:02:15 RAM 12330/15599MB (lfb 5x4MB) CPU [100%@1984,100%@1984,100%@1984,100%@1984,100%@1984,100%@1984,100%@1984,100%@1984] GR3D_FREQ 99% cv0@71.875C/71.875C cpu@76.343C/76.343C soc2@68.843C/68.843C soc0@70.437C/70.437C cv1@70.781C/70.781C gpu@77.187C/77.312C tj@77.187C/77.312C soc1@68.125C/68.125C cv2@66.75C/66.75C VDD_IN 31761mW/28369mW/32325mW VDD_CPU_GPU_CV 20309mW/17289mW/20309mW VDD_SOC 4614mW/4568mW/5898mW
08-10-2026 23:02:15 RAM 12346/15599MB (lfb 1x4MB) CPU [100%@1984,100%@1984,100%@1984,100%@1984,100%@1984,100%@1984,100%@1984,100%@1984] GR3D_FREQ 99% cv0@71.968C/71.968C cpu@76.437C/76.437C soc2@68.937C/68.937C soc0@70.687C/70.687C cv1@70.968C/70.968C gpu@77.281C/77.312C tj@77.281C/77.312C soc1@68.281C/68.281C cv2@66.812C/66.812C VDD_IN 31761mW/28401mW/32325mW VDD_CPU_GPU_CV 20189mW/17316mW/20309mW VDD_SOC 4574mW/4568mW/5898mW
08-10-2026 23:02:16 RAM 11463/15599MB (lfb 6x4MB) CPU [100%@1984,100%@1984,100%@1984,96%@1984,100%@1984,100%@1984,100%@1984,100%@1984] GR3D_FREQ 99% cv0@72.281C/72.281C cpu@76.843C/76.843C soc2@68.906C/68.937C soc0@70.656C/70.687C cv1@71.281C/71.281C gpu@75.593C/77.312C tj@76.843C/77.312C soc1@68.312C/68.312C cv2@66.937C/66.937C VDD_IN 25563mW/28374mW/32325mW VDD_CPU_GPU_CV 15480mW/17299mW/20309mW VDD_SOC 4193mW/4565mW/5898mW
08-10-2026 23:02:16 RAM 9502/15599MB (lfb 19x4MB) CPU [100%@1984,100%@1984,100%@1984,100%@1984,100%@1984,100%@1984,100%@1984,100%@1984] GR3D_FREQ 99% cv0@72.156C/72.281C cpu@77C/77C soc2@69.125C/69.125C soc0@70.656C/70.687C cv1@71.281C/71.281C gpu@76C/77.312C tj@77C/77.312C soc1@68.312C/68.312C cv2@67.031C/67.031C VDD_IN 29628mW/28386mW/32325mW VDD_CPU_GPU_CV 16786mW/17294mW/20309mW VDD_SOC 5466mW/4573mW/5898mW
08-10-2026 23:02:17 RAM 8672/15599MB (lfb 42x4MB) CPU [100%@1984,100%@1984,100%@1984,100%@1984,100%@1984,100%@1984,100%@1984,100%@1984] GR3D_FREQ 85% cv0@72.406C/72.406C cpu@77.312C/77.312C soc2@69.218C/69.218C soc0@70.843C/70.843C cv1@71.375C/71.375C gpu@76.343C/77.312C tj@77.312C/77.312C soc1@68.343C/68.343C cv2@67.093C/67.093C VDD_IN 30675mW/28407mW/32325mW VDD_CPU_GPU_CV 17117mW/17293mW/20309mW VDD_SOC 5787mW/4585mW/5898mW
08-10-2026 23:02:17 RAM 9191/15599MB (lfb 42x4MB) CPU [100%@1984,100%@1984,100%@1984,100%@1984,100%@1984,100%@1984,100%@1984,100%@1984] GR3D_FREQ 98% cv0@72.625C/72.625C cpu@77.468C/77.468C soc2@69.406C/69.406C soc0@70.781C/70.843C cv1@71.468C/71.468C gpu@76.468C/77.312C tj@77.468C/77.468C soc1@68.531C/68.531C cv2@67.218C/67.218C VDD_IN 31309mW/28434mW/32325mW VDD_CPU_GPU_CV 17276mW/17292mW/20309mW VDD_SOC 6059mW/4598mW/6059mW
08-10-2026 23:02:18 RAM 9612/15599MB (lfb 43x4MB) CPU [100%@1984,100%@1984,100%@1984,100%@1984,100%@1984,100%@1984,100%@1984,100%@1984] GR3D_FREQ 99% cv0@72.718C/72.718C cpu@77.562C/77.562C soc2@69.562C/69.562C soc0@70.843C/70.843C cv1@71.625C/71.625C gpu@76.781C/77.312C tj@77.562C/77.562C soc1@68.656C/68.656C cv2@67.468C/67.468C VDD_IN 31631mW/28463mW/32325mW VDD_CPU_GPU_CV 17475mW/17294mW/20309mW VDD_SOC 6179mW/4612mW/6179mW
08-10-2026 23:02:18 RAM 9636/15599MB (lfb 43x4MB) CPU [100%@1984,100%@1984,100%@1984,100%@1984,100%@1984,100%@1984,100%@1984,100%@1984] GR3D_FREQ 99% cv0@72.875C/72.875C cpu@77.625C/77.625C soc2@69.625C/69.625C soc0@70.875C/70.875C cv1@71.687C/71.687C gpu@76.875C/77.312C tj@77.625C/77.625C soc1@68.687C/68.687C cv2@67.593C/67.593C VDD_IN 31550mW/28490mW/32325mW VDD_CPU_GPU_CV 17555mW/17296mW/20309mW VDD_SOC 6059mW/4625mW/6179mW
08-10-2026 23:02:19 RAM 9657/15599MB (lfb 43x4MB) CPU [100%@1984,100%@1984,100%@1984,100%@1984,100%@1984,100%@1984,100%@1984,100%@1984] GR3D_FREQ 99% cv0@73.031C/73.031C cpu@77.625C/77.625C soc2@69.687C/69.687C soc0@70.968C/70.968C cv1@71.843C/71.843C gpu@77C/77.312C tj@77.625C/77.625C soc1@68.75C/68.75C cv2@67.687C/67.687C VDD_IN 31671mW/28519mW/32325mW VDD_CPU_GPU_CV 17833mW/17301mW/20309mW VDD_SOC 5979mW/4638mW/6179mW
08-10-2026 23:02:19 RAM 9688/15599MB (lfb 43x4MB) CPU [100%@1984,100%@1984,100%@1984,100%@1984,100%@1984,100%@1984,100%@1984,100%@1984] GR3D_FREQ 99% cv0@73.218C/73.218C cpu@77.812C/77.812C soc2@69.718C/69.718C soc0@71.125C/71.125C cv1@71.875C/71.875C gpu@76.718C/77.312C tj@77.812C/77.812C soc1@68.875C/68.875C cv2@67.687C/67.687C VDD_IN 31269mW/28543mW/32325mW VDD_CPU_GPU_CV 17634mW/17304mW/20309mW VDD_SOC 5818mW/4648mW/6179mW
08-10-2026 23:02:20 RAM 8818/15599MB (lfb 125x4MB) CPU [100%@1984,100%@1984,100%@1984,100%@1984,100%@1984,100%@1984,100%@1984,100%@1984] GR3D_FREQ 0% cv0@73.093C/73.218C cpu@77.593C/77.812C soc2@69.468C/69.718C soc0@71.125C/71.125C cv1@71.781C/71.875C gpu@73.875C/77.312C tj@77.593C/77.812C soc1@68.937C/68.937C cv2@67.687C/67.687C VDD_IN 19648mW/28465mW/32325mW VDD_CPU_GPU_CV 11070mW/17249mW/20309mW VDD_SOC 3646mW/4639mW/6179mW
08-10-2026 23:02:20 RAM 8317/15599MB (lfb 138x4MB) CPU [100%@1984,100%@1984,100%@1984,100%@1984,100%@1984,100%@1984,100%@1984,100%@1984] GR3D_FREQ 0% cv0@72.625C/73.218C cpu@77.593C/77.812C soc2@69.218C/69.718C soc0@70.875C/71.125C cv1@71.781C/71.875C gpu@73.468C/77.312C tj@77.593C/77.812C soc1@68.937C/68.937C cv2@67.5C/67.687C VDD_IN 16215mW/28359mW/32325mW VDD_CPU_GPU_CV 8682mW/17175mW/20309mW VDD_SOC 3164mW/4626mW/6179mW
08-10-2026 23:02:21 RAM 8317/15599MB (lfb 146x4MB) CPU [100%@1984,100%@1984,100%@1984,100%@1984,100%@1984,100%@1984,100%@1984,100%@1984] GR3D_FREQ 0% cv0@72.531C/73.218C cpu@77.5C/77.812C soc2@69.031C/69.718C soc0@70.781C/71.125C cv1@71.5C/71.875C gpu@73.156C/77.312C tj@77.5C/77.812C soc1@68.906C/68.937C cv2@67.437C/67.687C VDD_IN 16093mW/28253mW/32325mW VDD_CPU_GPU_CV 8372mW/17099mW/20309mW VDD_SOC 3286mW/4615mW/6179mW
08-10-2026 23:02:21 RAM 9969/15599MB (lfb 33x4MB) CPU [100%@1984,100%@1984,100%@1984,100%@1984,100%@1984,100%@1984,100%@1984,100%@1984] GR3D_FREQ 99% cv0@72.281C/73.218C cpu@76.781C/77.812C soc2@69C/69.718C soc0@70.687C/71.125C cv1@71.25C/71.875C gpu@76.125C/77.312C tj@76.781C/77.812C soc1@68.906C/68.937C cv2@67.343C/67.687C VDD_IN 22327mW/28202mW/32325mW VDD_CPU_GPU_CV 12720mW/17062mW/20309mW VDD_SOC 4078mW/4610mW/6179mW
08-10-2026 23:02:22 RAM 10143/15599MB (lfb 34x4MB) CPU [100%@1984,100%@1984,100%@1984,100%@1984,100%@1984,100%@1984,100%@1984,100%@1984] GR3D_FREQ 99% cv0@72.25C/73.218C cpu@76.875C/77.812C soc2@69.218C/69.718C soc0@70.781C/71.125C cv1@71.406C/71.875C gpu@76.937C/77.312C tj@76.937C/77.812C soc1@68.843C/68.937C cv2@67.437C/67.687C VDD_IN 29312mW/28212mW/32325mW VDD_CPU_GPU_CV 17663mW/17067mW/20309mW VDD_SOC 4863mW/4612mW/6179mW
08-10-2026 23:02:22 RAM 10170/15599MB (lfb 34x4MB) CPU [100%@1984,100%@1984,100%@1984,100%@1984,100%@1984,100%@1984,100%@1984,100%@1984] GR3D_FREQ 99% cv0@72.625C/73.218C cpu@76.937C/77.812C soc2@69.468C/69.718C soc0@71.062C/71.125C cv1@71.5C/71.875C gpu@77.437C/77.437C tj@77.437C/77.812C soc1@68.875C/68.937C cv2@67.562C/67.687C VDD_IN 30876mW/28234mW/32325mW VDD_CPU_GPU_CV 19236mW/17085mW/20309mW VDD_SOC 4662mW/4613mW/6179mW
08-10-2026 23:02:23 RAM 10199/15599MB (lfb 34x4MB) CPU [100%@1984,100%@1984,100%@1984,100%@1984,100%@1984,100%@1984,100%@1984,100%@1984] GR3D_FREQ 99% cv0@72.812C/73.218C cpu@77.093C/77.812C soc2@69.625C/69.718C soc0@71.156C/71.156C cv1@71.687C/71.875C gpu@77.781C/77.781C tj@77.781C/77.812C soc1@69.125C/69.125C cv2@67.718C/67.718C VDD_IN 31278mW/28259mW/32325mW VDD_CPU_GPU_CV 19792mW/17107mW/20309mW VDD_SOC 4622mW/4613mW/6179mW
08-10-2026 23:02:23 RAM 10226/15599MB (lfb 34x4MB) CPU [100%@1984,100%@1984,100%@1984,100%@1984,100%@1984,100%@1984,100%@1984,100%@1984] GR3D_FREQ 95% cv0@72.75C/73.218C cpu@77.25C/77.812C soc2@69.718C/69.718C soc0@71.25C/71.25C cv1@71.75C/71.875C gpu@77.687C/77.781C tj@77.687C/77.812C soc1@69.125C/69.125C cv2@67.812C/67.812C VDD_IN 31439mW/28286mW/32325mW VDD_CPU_GPU_CV 19991mW/17131mW/20309mW VDD_SOC 4581mW/4613mW/6179mW
08-10-2026 23:02:24 RAM 10233/15599MB (lfb 35x4MB) CPU [100%@1984,100%@1984,100%@1984,100%@1984,100%@1984,100%@1984,100%@1984,100%@1984] GR3D_FREQ 99% cv0@72.843C/73.218C cpu@77.312C/77.812C soc2@69.906C/69.906C soc0@71.406C/71.406C cv1@71.906C/71.906C gpu@78.281C/78.281C tj@78.281C/78.281C soc1@69.281C/69.281C cv2@67.875C/67.875C VDD_IN 31560mW/28313mW/32325mW VDD_CPU_GPU_CV 20110mW/17156mW/20309mW VDD_SOC 4501mW/4612mW/6179mW
08-10-2026 23:02:24 RAM 10264/15599MB (lfb 35x4MB) CPU [100%@1984,100%@1984,100%@1984,100%@1984,100%@1984,100%@1984,100%@1984,100%@1984] GR3D_FREQ 99% cv0@73C/73.218C cpu@77.625C/77.812C soc2@70C/70C soc0@71.562C/71.562C cv1@71.906C/71.906C gpu@78.312C/78.312C tj@78.312C/78.312C soc1@69.375C/69.375C cv2@67.937C/67.937C VDD_IN 31359mW/28337mW/32325mW VDD_CPU_GPU_CV 20030mW/17179mW/20309mW VDD_SOC 4501mW/4611mW/6179mW
08-10-2026 23:02:25 RAM 11296/15599MB (lfb 26x4MB) CPU [100%@1984,100%@1984,100%@1984,100%@1984,100%@1984,100%@1984,100%@1984,100%@1984] GR3D_FREQ 99% cv0@73.062C/73.218C cpu@77.406C/77.812C soc2@70.062C/70.062C soc0@71.656C/71.656C cv1@71.937C/71.937C gpu@78.468C/78.468C tj@78.468C/78.468C soc1@69.437C/69.437C cv2@68.062C/68.062C VDD_IN 31600mW/28364mW/32325mW VDD_CPU_GPU_CV 20189mW/17203mW/20309mW VDD_SOC 4614mW/4611mW/6179mW
08-10-2026 23:02:25 RAM 11758/15599MB (lfb 1x4MB) CPU [100%@1984,100%@1984,100%@1984,100%@1984,100%@1984,100%@1984,100%@1984,100%@1984] GR3D_FREQ 99% cv0@73.187C/73.218C cpu@77.718C/77.812C soc2@70.218C/70.218C soc0@71.812C/71.812C cv1@72.25C/72.25C gpu@78.75C/78.75C tj@78.75C/78.75C soc1@69.437C/69.437C cv2@68.156C/68.156C VDD_IN 32394mW/28396mW/32394mW VDD_CPU_GPU_CV 20587mW/17230mW/20587mW VDD_SOC 4935mW/4613mW/6179mW
08-10-2026 23:02:26 RAM 12327/15599MB (lfb 1x4MB) CPU [100%@1984,100%@1984,100%@1984,100%@1984,100%@1984,100%@1984,100%@1984,100%@1984] GR3D_FREQ 99% cv0@73.281C/73.281C cpu@77.875C/77.875C soc2@70.312C/70.312C soc0@71.843C/71.843C cv1@72.187C/72.25C gpu@78.968C/78.968C tj@78.968C/78.968C soc1@69.593C/69.593C cv2@68.312C/68.312C VDD_IN 32555mW/28429mW/32555mW VDD_CPU_GPU_CV 20514mW/17257mW/20587mW VDD_SOC 5016mW/4617mW/6179mW
08-10-2026 23:02:26 RAM 12341/15599MB (lfb 2x4MB) CPU [100%@1984,98%@1984,100%@1984,100%@1984,100%@1984,100%@1984,100%@1984,100%@1984] GR3D_FREQ 99% cv0@73.5C/73.5C cpu@78.093C/78.093C soc2@70.312C/70.312C soc0@71.968C/71.968C cv1@72.437C/72.437C gpu@78.75C/78.968C tj@78.75C/78.968C soc1@69.656C/69.656C cv2@68.437C/68.437C VDD_IN 31923mW/28456mW/32555mW VDD_CPU_GPU_CV 20269mW/17280mW/20587mW VDD_SOC 4694mW/4617mW/6179mW
08-10-2026 23:02:27 RAM 12379/15599MB (lfb 2x4MB) CPU [100%@1984,100%@1984,100%@1984,100%@1984,100%@1984,100%@1984,100%@1984,100%@1984] GR3D_FREQ 99% cv0@73.593C/73.593C cpu@78C/78.093C soc2@70.468C/70.468C soc0@72.093C/72.093C cv1@72.406C/72.437C gpu@78.937C/78.968C tj@78.937C/78.968C soc1@69.75C/69.75C cv2@68.562C/68.562C VDD_IN 31761mW/28482mW/32555mW VDD_CPU_GPU_CV 20348mW/17304mW/20587mW VDD_SOC 4574mW/4617mW/6179mW
08-10-2026 23:02:27 RAM 12434/15599MB (lfb 1x4MB) CPU [100%@1984,100%@1984,100%@1984,100%@1984,100%@1984,100%@1984,100%@1984,100%@1984] GR3D_FREQ 99% cv0@73.593C/73.593C cpu@77.937C/78.093C soc2@70.531C/70.531C soc0@72.187C/72.187C cv1@72.531C/72.531C gpu@78.812C/78.968C tj@78.812C/78.968C soc1@69.812C/69.812C cv2@68.593C/68.593C VDD_IN 31520mW/28506mW/32555mW VDD_CPU_GPU_CV 20150mW/17326mW/20587mW VDD_SOC 4534mW/4616mW/6179mW
08-10-2026 23:02:28 RAM 12472/15599MB (lfb 2x4MB) CPU [100%@1984,100%@1984,100%@1984,100%@1984,100%@1984,100%@1984,100%@1984,100%@1984] GR3D_FREQ 99% cv0@73.812C/73.812C cpu@78.468C/78.468C soc2@70.656C/70.656C soc0@72.281C/72.281C cv1@72.718C/72.718C gpu@78.593C/78.968C tj@78.593C/78.968C soc1@69.906C/69.906C cv2@68.656C/68.656C VDD_IN 31641mW/28530mW/32555mW VDD_CPU_GPU_CV 19911mW/17346mW/20587mW VDD_SOC 4654mW/4617mW/6179mW
08-10-2026 23:02:28 RAM 12475/15599MB (lfb 3x4MB) CPU [100%@1984,100%@1984,100%@1984,100%@1984,100%@1984,100%@1984,100%@1984,100%@1984] GR3D_FREQ 99% cv0@74.031C/74.031C cpu@78.656C/78.656C soc2@70.812C/70.812C soc0@72.281C/72.281C cv1@72.843C/72.843C gpu@78.5C/78.968C tj@78.656C/78.968C soc1@69.906C/69.906C cv2@68.656C/68.656C VDD_IN 31681mW/28554mW/32555mW VDD_CPU_GPU_CV 19554mW/17363mW/20587mW VDD_SOC 5016mW/4620mW/6179mW
08-10-2026 23:02:29 RAM 12463/15599MB (lfb 3x4MB) CPU [100%@1984,100%@1984,100%@1984,100%@1984,100%@1984,100%@1984,100%@1984,100%@1984] GR3D_FREQ 99% cv0@74.062C/74.062C cpu@78.625C/78.656C soc2@70.906C/70.906C soc0@72.437C/72.437C cv1@72.906C/72.906C gpu@78.781C/78.968C tj@78.781C/78.968C soc1@69.937C/69.937C cv2@68.875C/68.875C VDD_IN 31590mW/28577mW/32555mW VDD_CPU_GPU_CV 19275mW/17377mW/20587mW VDD_SOC 5176mW/4624mW/6179mW
08-10-2026 23:02:29 RAM 12463/15599MB (lfb 3x4MB) CPU [100%@1984,100%@1984,100%@1984,100%@1984,100%@1984,100%@1984,100%@1984,100%@1984] GR3D_FREQ 99% cv0@74.25C/74.25C cpu@78.781C/78.781C soc2@71C/71C soc0@72.406C/72.437C cv1@73C/73C gpu@78.75C/78.968C tj@78.781C/78.968C soc1@70.031C/70.031C cv2@69.125C/69.125C VDD_IN 31681mW/28600mW/32555mW VDD_CPU_GPU_CV 19275mW/17392mW/20587mW VDD_SOC 5216mW/4628mW/6179mW
08-10-2026 23:02:30 RAM 12450/15599MB (lfb 3x4MB) CPU [100%@1984,100%@1984,100%@1984,100%@1984,100%@1984,100%@1984,100%@1984,100%@1984] GR3D_FREQ 99% cv0@74.312C/74.312C cpu@78.937C/78.937C soc2@71.093C/71.093C soc0@72.531C/72.531C cv1@73.031C/73.031C gpu@78.718C/78.968C tj@78.937C/78.968C soc1@70.125C/70.125C cv2@69.093C/69.125C VDD_IN 31761mW/28624mW/32555mW VDD_CPU_GPU_CV 19275mW/17406mW/20587mW VDD_SOC 5256mW/4633mW/6179mW
08-10-2026 23:02:30 RAM 12450/15599MB (lfb 3x4MB) CPU [100%@1984,100%@1984,100%@1984,100%@1984,100%@1984,100%@1984,100%@1984,100%@1984] GR3D_FREQ 99% cv0@74.312C/74.312C cpu@78.812C/78.937C soc2@71.156C/71.156C soc0@72.531C/72.531C cv1@73.093C/73.093C gpu@78.968C/78.968C tj@78.968C/78.968C soc1@70.375C/70.375C cv2@69.218C/69.218C VDD_IN 31802mW/28647mW/32555mW VDD_CPU_GPU_CV 19355mW/17420mW/20587mW VDD_SOC 5216mW/4637mW/6179mW
08-10-2026 23:02:31 RAM 12436/15599MB (lfb 4x4MB) CPU [100%@1984,100%@1984,100%@1984,100%@1984,100%@1984,100%@1984,100%@1984,100%@1984] GR3D_FREQ 99% cv0@74.437C/74.437C cpu@78.937C/78.937C soc2@71.156C/71.156C soc0@72.625C/72.625C cv1@73.156C/73.156C gpu@79.156C/79.156C tj@79.156C/79.156C soc1@70.468C/70.468C cv2@69.218C/69.218C VDD_IN 31761mW/28670mW/32555mW VDD_CPU_GPU_CV 19355mW/17434mW/20587mW VDD_SOC 5216mW/4641mW/6179mW
08-10-2026 23:02:31 RAM 12436/15599MB (lfb 4x4MB) CPU [100%@1984,100%@1984,100%@1984,100%@1984,100%@1984,100%@1984,100%@1984,100%@1984] GR3D_FREQ 99% cv0@74.562C/74.562C cpu@79C/79C soc2@71.343C/71.343C soc0@72.75C/72.75C cv1@73.343C/73.343C gpu@79.125C/79.156C tj@79.125C/79.156C soc1@70.406C/70.468C cv2@69.343C/69.343C VDD_IN 31832mW/28693mW/32555mW VDD_CPU_GPU_CV 19434mW/17449mW/20587mW VDD_SOC 5256mW/4646mW/6179mW
08-10-2026 23:02:32 RAM 12424/15599MB (lfb 5x4MB) CPU [100%@1984,100%@1984,100%@1984,100%@1984,100%@1984,100%@1984,100%@1984,100%@1984] GR3D_FREQ 99% cv0@74.562C/74.562C cpu@79.375C/79.375C soc2@71.343C/71.343C soc0@72.781C/72.781C cv1@73.375C/73.375C gpu@79.187C/79.187C tj@79.375C/79.375C soc1@70.468C/70.468C cv2@69.468C/69.468C VDD_IN 31802mW/28716mW/32555mW VDD_CPU_GPU_CV 19355mW/17463mW/20587mW VDD_SOC 5216mW/4650mW/6179mW
08-10-2026 23:02:32 RAM 12424/15599MB (lfb 5x4MB) CPU [100%@1984,100%@1984,100%@1984,100%@1984,100%@1984,100%@1984,100%@1984,100%@1984] GR3D_FREQ 99% cv0@74.593C/74.593C cpu@79.156C/79.375C soc2@71.437C/71.437C soc0@72.875C/72.875C cv1@73.375C/73.375C gpu@79.312C/79.312C tj@79.375C/79.375C soc1@70.468C/70.468C cv2@69.468C/69.468C VDD_IN 31761mW/28738mW/32555mW VDD_CPU_GPU_CV 19275mW/17476mW/20587mW VDD_SOC 5256mW/4654mW/6179mW
08-10-2026 23:02:33 RAM 12412/15599MB (lfb 5x4MB) CPU [100%@1984,100%@1984,100%@1984,100%@1984,100%@1984,100%@1984,100%@1984,100%@1984] GR3D_FREQ 99% cv0@74.812C/74.812C cpu@79.343C/79.375C soc2@71.593C/71.593C soc0@73.062C/73.062C cv1@73.406C/73.406C gpu@79.312C/79.312C tj@79.343C/79.375C soc1@70.531C/70.531C cv2@69.593C/69.593C VDD_IN 31721mW/28759mW/32555mW VDD_CPU_GPU_CV 19236mW/17488mW/20587mW VDD_SOC 5216mW/4658mW/6179mW
08-10-2026 23:02:33 RAM 12412/15599MB (lfb 5x4MB) CPU [100%@1984,100%@1984,100%@1984,100%@1984,100%@1984,100%@1984,100%@1984,100%@1984] GR3D_FREQ 99% cv0@74.875C/74.875C cpu@79.218C/79.375C soc2@71.562C/71.593C soc0@73C/73.062C cv1@73.5C/73.5C gpu@79.281C/79.312C tj@79.281C/79.375C soc1@70.593C/70.593C cv2@69.656C/69.656C VDD_IN 31681mW/28780mW/32555mW VDD_CPU_GPU_CV 19236mW/17501mW/20587mW VDD_SOC 5256mW/4663mW/6179mW
08-10-2026 23:02:34 RAM 12400/15599MB (lfb 6x4MB) CPU [100%@1984,100%@1984,100%@1984,100%@1984,100%@1984,100%@1984,100%@1984,100%@1984] GR3D_FREQ 99% cv0@74.875C/74.875C cpu@79.312C/79.375C soc2@71.562C/71.593C soc0@73.062C/73.062C cv1@73.562C/73.562C gpu@79.437C/79.437C tj@79.437C/79.437C soc1@70.625C/70.625C cv2@69.656C/69.656C VDD_IN 31791mW/28801mW/32555mW VDD_CPU_GPU_CV 19395mW/17514mW/20587mW VDD_SOC 5256mW/4667mW/6179mW
08-10-2026 23:02:34 RAM 12400/15599MB (lfb 6x4MB) CPU [100%@1984,100%@1984,100%@1984,100%@1984,100%@1984,100%@1984,100%@1984,100%@1984] GR3D_FREQ 99% cv0@74.937C/74.937C cpu@79.375C/79.375C soc2@71.625C/71.625C soc0@73.281C/73.281C cv1@73.625C/73.625C gpu@79.468C/79.468C tj@79.468C/79.468C soc1@70.875C/70.875C cv2@69.718C/69.718C VDD_IN 31832mW/28822mW/32555mW VDD_CPU_GPU_CV 19395mW/17527mW/20587mW VDD_SOC 5256mW/4671mW/6179mW
08-10-2026 23:02:35 RAM 12388/15599MB (lfb 8x4MB) CPU [100%@1984,100%@1984,100%@1984,100%@1984,100%@1984,100%@1984,100%@1984,100%@1984] GR3D_FREQ 99% cv0@75.031C/75.031C cpu@79.531C/79.531C soc2@71.656C/71.656C soc0@73.156C/73.281C cv1@73.656C/73.656C gpu@79.5C/79.5C tj@79.531C/79.531C soc1@70.937C/70.937C cv2@69.812C/69.812C VDD_IN 31761mW/28843mW/32555mW VDD_CPU_GPU_CV 19236mW/17539mW/20587mW VDD_SOC 5216mW/4675mW/6179mW
08-10-2026 23:02:35 RAM 11745/15599MB (lfb 15x4MB) CPU [100%@1984,100%@1984,100%@1984,100%@1984,100%@1984,100%@1984,100%@1984,100%@1984] GR3D_FREQ 99% cv0@74.718C/75.031C cpu@79.437C/79.531C soc2@71.656C/71.656C soc0@73.375C/73.375C cv1@73.687C/73.687C gpu@80.562C/80.562C tj@80.562C/80.562C soc1@70.875C/70.937C cv2@69.781C/69.812C VDD_IN 31802mW/28863mW/32555mW VDD_CPU_GPU_CV 19633mW/17554mW/20587mW VDD_SOC 5056mW/4677mW/6179mW
08-10-2026 23:02:36 RAM 11546/15599MB (lfb 16x4MB) CPU [100%@1984,100%@1984,100%@1984,100%@1984,100%@1984,100%@1984,100%@1984,100%@1984] GR3D_FREQ 99% cv0@74.718C/75.031C cpu@79.531C/79.531C soc2@71.718C/71.718C soc0@73.343C/73.375C cv1@73.75C/73.75C gpu@80.312C/80.562C tj@80.312C/80.562C soc1@70.937C/70.937C cv2@69.781C/69.812C VDD_IN 31963mW/28884mW/32555mW VDD_CPU_GPU_CV 20309mW/17573mW/20587mW VDD_SOC 4775mW/4678mW/6179mW
08-10-2026 23:02:36 RAM 9718/15599MB (lfb 154x4MB) CPU [100%@1984,100%@1984,100%@1984,100%@1984,100%@1984,100%@1984,100%@1984,100%@1984] GR3D_FREQ 99% cv0@74.843C/75.031C cpu@79.281C/79.531C soc2@71.906C/71.906C soc0@73.406C/73.406C cv1@73.718C/73.75C gpu@80.656C/80.656C tj@80.656C/80.656C soc1@70.968C/70.968C cv2@69.937C/69.937C VDD_IN 32003mW/28905mW/32555mW VDD_CPU_GPU_CV 20355mW/17591mW/20587mW VDD_SOC 4735mW/4678mW/6179mW
08-10-2026 23:02:37 RAM 8499/15599MB (lfb 163x4MB) CPU [100%@1984,100%@1984,100%@1984,100%@1984,100%@1984,100%@1984,100%@1984,100%@1984] GR3D_FREQ 99% cv0@74.75C/75.031C cpu@79.281C/79.531C soc2@71.875C/71.906C soc0@73.5C/73.5C cv1@73.875C/73.875C gpu@80.593C/80.656C tj@80.593C/80.656C soc1@71.031C/71.031C cv2@69.968C/69.968C VDD_IN 31923mW/28926mW/32555mW VDD_CPU_GPU_CV 20428mW/17611mW/20587mW VDD_SOC 4654mW/4678mW/6179mW
08-10-2026 23:02:38 RAM 8724/15599MB (lfb 163x4MB) CPU [100%@1984,100%@1984,100%@1984,100%@1984,100%@1984,100%@1984,100%@1984,100%@1984] GR3D_FREQ 89% cv0@75C/75.031C cpu@79.687C/79.687C soc2@72.062C/72.062C soc0@73.531C/73.531C cv1@73.843C/73.875C gpu@80.5C/80.656C tj@80.5C/80.656C soc1@70.968C/71.031C cv2@70C/70C VDD_IN 31802mW/28945mW/32555mW VDD_CPU_GPU_CV 20309mW/17629mW/20587mW VDD_SOC 4654mW/4678mW/6179mW
08-10-2026 23:02:38 RAM 9301/15599MB (lfb 163x4MB) CPU [100%@1984,100%@1984,100%@1984,100%@1984,100%@1984,100%@1984,100%@1984,100%@1984] GR3D_FREQ 99% cv0@74.968C/75.031C cpu@79.781C/79.781C soc2@72.031C/72.062C soc0@73.5C/73.531C cv1@73.843C/73.875C gpu@80.656C/80.656C tj@80.656C/80.656C soc1@71.156C/71.156C cv2@70.093C/70.093C VDD_IN 32526mW/28969mW/32555mW VDD_CPU_GPU_CV 20435mW/17647mW/20587mW VDD_SOC 4927mW/4680mW/6179mW
08-10-2026 23:02:39 RAM 9740/15599MB (lfb 163x4MB) CPU [100%@1984,100%@1984,100%@1984,100%@1984,100%@1984,100%@1984,100%@1984,100%@1984] GR3D_FREQ 99% cv0@75.062C/75.062C cpu@79.687C/79.781C soc2@72.062C/72.062C soc0@73.625C/73.625C cv1@74.031C/74.031C gpu@80.75C/80.75C tj@80.75C/80.75C soc1@71.281C/71.281C cv2@70.156C/70.156C VDD_IN 32607mW/28993mW/32607mW VDD_CPU_GPU_CV 20474mW/17666mW/20587mW VDD_SOC 5008mW/4682mW/6179mW
08-10-2026 23:02:39 RAM 9760/15599MB (lfb 163x4MB) CPU [100%@1984,100%@1984,100%@1984,100%@1984,100%@1984,100%@1984,100%@1984,100%@1984] GR3D_FREQ 99% cv0@75.218C/75.218C cpu@79.718C/79.781C soc2@72.25C/72.25C soc0@73.625C/73.625C cv1@74.031C/74.031C gpu@80.468C/80.75C tj@80.468C/80.75C soc1@71.218C/71.281C cv2@70.187C/70.187C VDD_IN 32084mW/29013mW/32607mW VDD_CPU_GPU_CV 20428mW/17684mW/20587mW VDD_SOC 4735mW/4682mW/6179mW
08-10-2026 23:02:40 RAM 9778/15599MB (lfb 163x4MB) CPU [100%@1984,100%@1984,100%@1984,100%@1984,100%@1984,100%@1984,100%@1984,100%@1984] GR3D_FREQ 99% cv0@75.218C/75.218C cpu@79.812C/79.812C soc2@72.218C/72.25C soc0@73.656C/73.656C cv1@74.125C/74.125C gpu@80.718C/80.75C tj@80.718C/80.75C soc1@71.25C/71.281C cv2@70.281C/70.281C VDD_IN 31852mW/29032mW/32607mW VDD_CPU_GPU_CV 20435mW/17702mW/20587mW VDD_SOC 4614mW/4682mW/6179mW
08-10-2026 23:02:40 RAM 9809/15599MB (lfb 163x4MB) CPU [100%@1984,100%@1984,100%@1984,100%@1984,100%@1984,100%@1984,100%@1984,100%@1984] GR3D_FREQ 99% cv0@75.312C/75.312C cpu@79.718C/79.812C soc2@72.25C/72.25C soc0@73.625C/73.656C cv1@74.031C/74.125C gpu@80.718C/80.75C tj@80.718C/80.75C soc1@71.343C/71.343C cv2@70.406C/70.406C VDD_IN 31852mW/29050mW/32607mW VDD_CPU_GPU_CV 20316mW/17719mW/20587mW VDD_SOC 4534mW/4681mW/6179mW
08-10-2026 23:02:41 RAM 9836/15599MB (lfb 163x4MB) CPU [100%@1984,100%@1984,100%@1984,100%@1984,100%@1984,100%@1984,100%@1984,100%@1984] GR3D_FREQ 99% cv0@75.25C/75.312C cpu@79.843C/79.843C soc2@72.343C/72.343C soc0@73.843C/73.843C cv1@74.187C/74.187C gpu@80.781C/80.781C tj@80.781C/80.781C soc1@71.375C/71.375C cv2@70.312C/70.406C VDD_IN 31852mW/29068mW/32607mW VDD_CPU_GPU_CV 20316mW/17736mW/20587mW VDD_SOC 4534mW/4680mW/6179mW
08-10-2026 23:02:41 RAM 9850/15599MB (lfb 163x4MB) CPU [100%@1984,100%@1984,100%@1984,100%@1984,100%@1984,100%@1984,100%@1984,100%@1984] GR3D_FREQ 99% cv0@75.562C/75.562C cpu@79.937C/79.937C soc2@72.281C/72.343C soc0@73.812C/73.843C cv1@74.218C/74.218C gpu@81.062C/81.062C tj@81.062C/81.062C soc1@71.375C/71.375C cv2@70.5C/70.5C VDD_IN 31893mW/29087mW/32607mW VDD_CPU_GPU_CV 20395mW/17753mW/20587mW VDD_SOC 4574mW/4679mW/6179mW
08-10-2026 23:02:42 RAM 10395/15599MB (lfb 109x4MB) CPU [100%@1984,100%@1984,100%@1984,100%@1984,100%@1984,100%@1984,100%@1984,100%@1984] GR3D_FREQ 99% cv0@75.375C/75.562C cpu@79.75C/79.937C soc2@72.406C/72.406C soc0@73.906C/73.906C cv1@74.156C/74.218C gpu@81.125C/81.125C tj@81.125C/81.125C soc1@71.593C/71.593C cv2@70.531C/70.531C VDD_IN 31802mW/29104mW/32607mW VDD_CPU_GPU_CV 20355mW/17770mW/20587mW VDD_SOC 4614mW/4679mW/6179mW
08-10-2026 23:02:42 RAM 11082/15599MB (lfb 4x4MB) CPU [100%@1984,100%@1984,100%@1984,100%@1984,100%@1984,100%@1984,100%@1984,100%@1984] GR3D_FREQ 22% cv0@75.937C/75.937C cpu@80.531C/80.531C soc2@72.468C/72.468C soc0@74.031C/74.031C cv1@74.406C/74.406C gpu@78.531C/81.125C tj@80.531C/81.125C soc1@71.593C/71.593C cv2@70.625C/70.625C VDD_IN 28869mW/29102mW/32607mW VDD_CPU_GPU_CV 17703mW/17769mW/20587mW VDD_SOC 4622mW/4679mW/6179mW
08-10-2026 23:02:43 RAM 9878/15599MB (lfb 3x4MB) CPU [100%@1984,100%@1984,100%@1984,100%@1984,100%@1984,100%@1984,100%@1984,100%@1984] GR3D_FREQ 0% cv0@75.781C/75.937C cpu@80.468C/80.531C soc2@72.156C/72.468C soc0@73.843C/74.031C cv1@74.437C/74.437C gpu@77C/81.125C tj@80.468C/81.125C soc1@71.562C/71.593C cv2@70.531C/70.625C VDD_IN 20215mW/29046mW/32607mW VDD_CPU_GPU_CV 11271mW/17728mW/20587mW VDD_SOC 3761mW/4673mW/6179mW
08-10-2026 23:02:43 RAM 8428/15599MB (lfb 53x4MB) CPU [100%@1984,100%@1984,100%@1984,100%@1984,100%@1984,100%@1984,100%@1984,100%@1984] GR3D_FREQ 0% cv0@75.562C/75.937C cpu@80.156C/80.531C soc2@71.937C/72.468C soc0@73.593C/74.031C cv1@74.406C/74.437C gpu@76.312C/81.125C tj@80.156C/81.125C soc1@71.531C/71.593C cv2@70.343C/70.625C VDD_IN 16093mW/28965mW/32607mW VDD_CPU_GPU_CV 8965mW/17674mW/20587mW VDD_SOC 3043mW/4663mW/6179mW
08-10-2026 23:02:44 RAM 9725/15599MB (lfb 53x4MB) CPU [100%@1984,100%@1984,100%@1984,100%@1984,100%@1984,100%@1984,100%@1984,100%@1984] GR3D_FREQ 46% cv0@75.375C/75.937C cpu@80.187C/80.531C soc2@71.781C/72.468C soc0@73.593C/74.031C cv1@74.187C/74.437C gpu@77.312C/81.125C tj@80.187C/81.125C soc1@71.437C/71.593C cv2@70.156C/70.625C VDD_IN 17934mW/28897mW/32607mW VDD_CPU_GPU_CV 9838mW/17625mW/20587mW VDD_SOC 3489mW/4655mW/6179mW
08-10-2026 23:02:44 RAM 10034/15599MB (lfb 53x4MB) CPU [100%@1984,100%@1984,100%@1984,100%@1984,100%@1984,100%@1984,100%@1984,100%@1984] GR3D_FREQ 99% cv0@75.562C/75.937C cpu@80.312C/80.531C soc2@72.093C/72.468C soc0@73.562C/74.031C cv1@74.312C/74.437C gpu@78.843C/81.125C tj@80.312C/81.125C soc1@71.343C/71.593C cv2@70.281C/70.625C VDD_IN 27336mW/28887mW/32607mW VDD_CPU_GPU_CV 15015mW/17609mW/20587mW VDD_SOC 5394mW/4660mW/6179mW
08-10-2026 23:02:45 RAM 10281/15599MB (lfb 53x4MB) CPU [100%@1984,100%@1984,100%@1984,100%@1984,100%@1984,100%@1984,100%@1984,100%@1984] GR3D_FREQ 98% cv0@75.625C/75.937C cpu@80.468C/80.531C soc2@72.312C/72.468C soc0@73.625C/74.031C cv1@74.343C/74.437C gpu@79.5C/81.125C tj@80.468C/81.125C soc1@71.468C/71.593C cv2@70.312C/70.625C VDD_IN 30473mW/28897mW/32607mW VDD_CPU_GPU_CV 16985mW/17605mW/20587mW VDD_SOC 5827mW/4667mW/6179mW
08-10-2026 23:02:45 RAM 10312/15599MB (lfb 53x4MB) CPU [100%@1984,100%@1984,100%@1984,100%@1984,100%@1984,100%@1984,100%@1984,98%@1984] GR3D_FREQ 97% cv0@75.75C/75.937C cpu@80.5C/80.531C soc2@72.343C/72.468C soc0@73.656C/74.031C cv1@74.5C/74.5C gpu@79.593C/81.125C tj@80.5C/81.125C soc1@71.5C/71.593C cv2@70.531C/70.625C VDD_IN 31148mW/28911mW/32607mW VDD_CPU_GPU_CV 17634mW/17605mW/20587mW VDD_SOC 5858mW/4674mW/6179mW
08-10-2026 23:02:46 RAM 10343/15599MB (lfb 53x4MB) CPU [100%@1984,100%@1984,100%@1984,100%@1984,100%@1984,100%@1984,100%@1984,100%@1984] GR3D_FREQ 99% cv0@76C/76C cpu@80.593C/80.593C soc2@72.406C/72.468C soc0@73.781C/74.031C cv1@74.656C/74.656C gpu@79.781C/81.125C tj@80.593C/81.125C soc1@71.5C/71.593C cv2@70.625C/70.625C VDD_IN 31791mW/28928mW/32607mW VDD_CPU_GPU_CV 18043mW/17608mW/20587mW VDD_SOC 5979mW/4682mW/6179mW
08-10-2026 23:02:46 RAM 10374/15599MB (lfb 48x4MB) CPU [100%@1984,100%@1984,100%@1984,100%@1984,100%@1984,100%@1984,100%@1984,100%@1984] GR3D_FREQ 99% cv0@76.125C/76.125C cpu@80.718C/80.718C soc2@72.5C/72.5C soc0@73.875C/74.031C cv1@74.625C/74.656C gpu@80.031C/81.125C tj@80.718C/81.125C soc1@71.593C/71.593C cv2@70.625C/70.625C VDD_IN 32073mW/28947mW/32607mW VDD_CPU_GPU_CV 18321mW/17612mW/20587mW VDD_SOC 5979mW/4690mW/6179mW
08-10-2026 23:02:47 RAM 10404/15599MB (lfb 48x4MB) CPU [100%@1984,100%@1984,100%@1984,100%@1984,100%@1984,100%@1984,100%@1984,100%@1984] GR3D_FREQ 99% cv0@76.156C/76.156C cpu@80.718C/80.718C soc2@72.625C/72.625C soc0@74C/74.031C cv1@74.687C/74.687C gpu@79.937C/81.125C tj@80.718C/81.125C soc1@71.75C/71.75C cv2@70.656C/70.656C VDD_IN 32033mW/28966mW/32607mW VDD_CPU_GPU_CV 18242mW/17616mW/20587mW VDD_SOC 5938mW/4697mW/6179mW
08-10-2026 23:02:47 RAM 11648/15599MB (lfb 3x4MB) CPU [100%@1984,100%@1984,100%@1984,100%@1984,100%@1984,100%@1984,100%@1984,100%@1984] GR3D_FREQ 89% cv0@76.281C/76.281C cpu@80.968C/80.968C soc2@72.687C/72.687C soc0@74C/74.031C cv1@74.718C/74.718C gpu@80.125C/81.125C tj@80.968C/81.125C soc1@71.875C/71.875C cv2@70.812C/70.812C VDD_IN 32113mW/28984mW/32607mW VDD_CPU_GPU_CV 18043mW/17618mW/20587mW VDD_SOC 6099mW/4706mW/6179mW
08-10-2026 23:02:48 RAM 10753/15599MB (lfb 91x4MB) CPU [100%@1984,100%@1984,100%@1984,100%@1984,100%@1984,100%@1984,100%@1984,100%@1984] GR3D_FREQ 99% cv0@76.031C/76.281C cpu@80.906C/80.968C soc2@72.406C/72.687C soc0@74.031C/74.031C cv1@74.75C/74.75C gpu@77.156C/81.125C tj@80.718C/81.125C soc1@71.875C/71.875C cv2@70.718C/70.812C VDD_IN 21922mW/28943mW/32607mW VDD_CPU_GPU_CV 11776mW/17584mW/20587mW VDD_SOC 4408mW/4704mW/6179mW
08-10-2026 23:02:48 RAM 9074/15599MB (lfb 116x4MB) CPU [100%@1984,100%@1984,100%@1984,100%@1984,100%@1984,100%@1984,100%@1984,100%@1984] GR3D_FREQ 99% cv0@75.343C/76.281C cpu@79.875C/80.968C soc2@72.156C/72.687C soc0@73.843C/74.031C cv1@74.406C/74.75C gpu@79.75C/81.125C tj@79.875C/81.125C soc1@71.718C/71.875C cv2@70.531C/70.812C VDD_IN 24511mW/28917mW/32607mW VDD_CPU_GPU_CV 14423mW/17565mW/20587mW VDD_SOC 4240mW/4701mW/6179mW
08-10-2026 23:02:49 RAM 8640/15599MB (lfb 134x4MB) CPU [100%@1984,100%@1984,100%@1984,100%@1984,100%@1984,100%@1984,100%@1984,100%@1984] GR3D_FREQ 99% cv0@75.406C/76.281C cpu@79.968C/80.968C soc2@72.312C/72.687C soc0@73.937C/74.031C cv1@74.437C/74.75C gpu@80.843C/81.125C tj@80.843C/81.125C soc1@71.75C/71.875C cv2@70.625C/70.812C VDD_IN 29514mW/28920mW/32607mW VDD_CPU_GPU_CV 18351mW/17570mW/20587mW VDD_SOC 4541mW/4700mW/6179mW
08-10-2026 23:02:49 RAM 8967/15599MB (lfb 134x4MB) CPU [100%@1984,100%@1984,100%@1984,100%@1984,100%@1984,100%@1984,100%@1984,100%@1984] GR3D_FREQ 99% cv0@75.468C/76.281C cpu@80.281C/80.968C soc2@72.562C/72.687C soc0@74.093C/74.093C cv1@74.5C/74.75C gpu@81.093C/81.125C tj@81.093C/81.125C soc1@71.812C/71.875C cv2@70.593C/70.812C VDD_IN 31933mW/28938mW/32607mW VDD_CPU_GPU_CV 19800mW/17583mW/20587mW VDD_SOC 4967mW/4702mW/6179mW
08-10-2026 23:02:50 RAM 9471/15599MB (lfb 134x4MB) CPU [100%@1984,100%@1984,100%@1984,100%@1984,100%@1984,100%@1984,100%@1984,100%@1984] GR3D_FREQ 99% cv0@75.781C/76.281C cpu@80.468C/80.968C soc2@72.625C/72.687C soc0@74.093C/74.093C cv1@74.531C/74.75C gpu@80.937C/81.125C tj@80.937C/81.125C soc1@71.843C/71.875C cv2@70.75C/70.812C VDD_IN 32325mW/28957mW/32607mW VDD_CPU_GPU_CV 20078mW/17597mW/20587mW VDD_SOC 5000mW/4704mW/6179mW
08-10-2026 23:02:50 RAM 9503/15599MB (lfb 134x4MB) CPU [100%@1984,100%@1984,100%@1984,100%@1984,100%@1984,100%@1984,100%@1984,100%@1984] GR3D_FREQ 97% cv0@75.75C/76.281C cpu@80.187C/80.968C soc2@72.75C/72.75C soc0@74.156C/74.156C cv1@74.718C/74.75C gpu@80.906C/81.125C tj@80.906C/81.125C soc1@71.843C/71.875C cv2@70.781C/70.812C VDD_IN 31973mW/28974mW/32607mW VDD_CPU_GPU_CV 20117mW/17612mW/20587mW VDD_SOC 4687mW/4704mW/6179mW
08-10-2026 23:02:51 RAM 9533/15599MB (lfb 134x4MB) CPU [100%@1984,100%@1984,100%@1984,100%@1984,100%@1984,100%@1984,100%@1984,100%@1984] GR3D_FREQ 99% cv0@76.031C/76.281C cpu@80.406C/80.968C soc2@72.781C/72.781C soc0@74.156C/74.156C cv1@74.656C/74.75C gpu@81.156C/81.156C tj@81.156C/81.156C soc1@71.875C/71.875C cv2@70.843C/70.843C VDD_IN 31772mW/28990mW/32607mW VDD_CPU_GPU_CV 20316mW/17627mW/20587mW VDD_SOC 4574mW/4703mW/6179mW
08-10-2026 23:02:51 RAM 9554/15599MB (lfb 134x4MB) CPU [100%@1984,100%@1984,100%@1984,100%@1984,100%@1984,100%@1984,100%@1984,100%@1984] GR3D_FREQ 99% cv0@75.968C/76.281C cpu@80.25C/80.968C soc2@72.812C/72.812C soc0@74.281C/74.281C cv1@74.781C/74.781C gpu@81.375C/81.375C tj@81.375C/81.375C soc1@71.875C/71.875C cv2@71.031C/71.031C VDD_IN 31731mW/29006mW/32607mW VDD_CPU_GPU_CV 20276mW/17642mW/20587mW VDD_SOC 4574mW/4702mW/6179mW
08-10-2026 23:02:52 RAM 9588/15599MB (lfb 134x4MB) CPU [100%@1984,100%@1984,100%@1984,100%@1984,100%@1984,100%@1984,100%@1984,100%@1984] GR3D_FREQ 99% cv0@75.937C/76.281C cpu@80.437C/80.968C soc2@72.875C/72.875C soc0@74.406C/74.406C cv1@74.812C/74.812C gpu@81.656C/81.656C tj@81.656C/81.656C soc1@71.968C/71.968C cv2@71.093C/71.093C VDD_IN 31772mW/29022mW/32607mW VDD_CPU_GPU_CV 20316mW/17657mW/20587mW VDD_SOC 4534mW/4701mW/6179mW
08-10-2026 23:02:52 RAM 9611/15599MB (lfb 134x4MB) CPU [100%@1984,100%@1984,100%@1984,100%@1984,100%@1984,100%@1984,100%@1984,100%@1984] GR3D_FREQ 99% cv0@76.031C/76.281C cpu@80.5C/80.968C soc2@72.843C/72.875C soc0@74.437C/74.437C cv1@74.843C/74.843C gpu@81.593C/81.656C tj@81.593C/81.656C soc1@72.031C/72.031C cv2@71.125C/71.125C VDD_IN 31772mW/29037mW/32607mW VDD_CPU_GPU_CV 20316mW/17672mW/20587mW VDD_SOC 4574mW/4700mW/6179mW
08-10-2026 23:02:53 RAM 10499/15599MB (lfb 54x4MB) CPU [100%@1984,100%@1984,100%@1984,100%@1984,100%@1984,100%@1984,100%@1984,100%@1984] GR3D_FREQ 99% cv0@75.968C/76.281C cpu@80.437C/80.968C soc2@72.968C/72.968C soc0@74.468C/74.468C cv1@74.812C/74.843C gpu@81.875C/81.875C tj@81.875C/81.875C soc1@72.062C/72.062C cv2@71.062C/71.125C VDD_IN 32003mW/29054mW/32607mW VDD_CPU_GPU_CV 20514mW/17688mW/20587mW VDD_SOC 4654mW/4700mW/6179mW
08-10-2026 23:02:53 RAM 11576/15599MB (lfb 3x4MB) CPU [60%@729,33%@729,38%@729,32%@729,36%@1574,50%@1574,32%@1574,100%@1574] GR3D_FREQ 0% cv0@74.437C/76.281C cpu@78.875C/80.968C soc2@72.531C/72.968C soc0@74.562C/74.562C cv1@74.281C/74.843C gpu@79.343C/81.875C tj@79.343C/81.875C soc1@72.25C/72.25C cv2@71.031C/71.125C VDD_IN 28344mW/29050mW/32607mW VDD_CPU_GPU_CV 17105mW/17685mW/20587mW VDD_SOC 4669mW/4700mW/6179mW
08-10-2026 23:02:54 RAM 7900/15599MB (lfb 187x4MB) CPU [1%@729,0%@729,0%@729,0%@729,0%@1984,0%@1984,0%@1984,100%@1984] GR3D_FREQ 0% cv0@73.875C/76.281C cpu@78.156C/80.968C soc2@71.812C/72.968C soc0@74.312C/74.562C cv1@74.031C/74.843C gpu@76.937C/81.875C tj@78.156C/81.875C soc1@72C/72.25C cv2@70.718C/71.125C VDD_IN 15077mW/28973mW/32607mW VDD_CPU_GPU_CV 7159mW/17627mW/20587mW VDD_SOC 3413mW/4693mW/6179mW
08-10-2026 23:02:54 RAM 6654/15599MB (lfb 210x4MB) CPU [1%@729,0%@729,0%@729,0%@729,0%@729,0%@729,0%@729,33%@729] GR3D_FREQ 0% cv0@73.218C/76.281C cpu@77.187C/80.968C soc2@71.25C/72.968C soc0@74.062C/74.562C cv1@73.437C/74.843C gpu@76.031C/81.875C tj@77.187C/81.875C soc1@71.906C/72.25C cv2@70.343C/71.125C VDD_IN 9636mW/28866mW/32607mW VDD_CPU_GPU_CV 3174mW/17547mW/20587mW VDD_SOC 2853mW/4683mW/6179mW
08-10-2026 23:02:55 RAM 6649/15599MB (lfb 210x4MB) CPU [0%@729,0%@729,0%@729,0%@729,2%@729,0%@729,0%@729,0%@729] GR3D_FREQ 0% cv0@72.968C/76.281C cpu@76.812C/80.968C soc2@70.875C/72.968C soc0@73.781C/74.562C cv1@73.125C/74.843C gpu@75.5C/81.875C tj@76.812C/81.875C soc1@71.531C/72.25C cv2@70.062C/71.125C VDD_IN 7635mW/28750mW/32607mW VDD_CPU_GPU_CV 1753mW/17461mW/20587mW VDD_SOC 2694mW/4672mW/6179mW
08-10-2026 23:02:55 RAM 6649/15599MB (lfb 210x4MB) CPU [0%@729,0%@729,0%@729,0%@729,0%@729,0%@729,0%@729,0%@729] GR3D_FREQ 0% cv0@72.593C/76.281C cpu@76.437C/80.968C soc2@70.5C/72.968C soc0@73.531C/74.562C cv1@72.812C/74.843C gpu@75.156C/81.875C tj@76.437C/81.875C soc1@71.343C/72.25C cv2@69.75C/71.125C VDD_IN 6993mW/28632mW/32607mW VDD_CPU_GPU_CV 1306mW/17373mW/20587mW VDD_SOC 2613mW/4661mW/6179mW
08-10-2026 23:02:56 RAM 6649/15599MB (lfb 210x4MB) CPU [1%@729,0%@729,1%@729,0%@729,2%@729,0%@729,0%@729,0%@729] GR3D_FREQ 0% cv0@72.343C/76.281C cpu@76.062C/80.968C soc2@70.281C/72.968C soc0@73.156C/74.562C cv1@72.625C/74.843C gpu@74.875C/81.875C tj@76.062C/81.875C soc1@71.406C/72.25C cv2@69.562C/71.125C VDD_IN 6788mW/28514mW/32607mW VDD_CPU_GPU_CV 1143mW/17286mW/20587mW VDD_SOC 2572mW/4649mW/6179mW
08-10-2026 23:02:56 RAM 6649/15599MB (lfb 210x4MB) CPU [0%@729,0%@729,0%@729,0%@729,26%@1804,0%@1804,0%@1804,0%@1804] GR3D_FREQ 0% cv0@72.406C/76.281C cpu@76.406C/80.968C soc2@70.125C/72.968C soc0@73.156C/74.562C cv1@72.531C/74.843C gpu@74.718C/81.875C tj@76.406C/81.875C soc1@71.093C/72.25C cv2@69.281C/71.125C VDD_IN 6870mW/28398mW/32607mW VDD_CPU_GPU_CV 1224mW/17199mW/20587mW VDD_SOC 2572mW/4638mW/6179mW
08-10-2026 23:02:57 RAM 2945/15599MB (lfb 274x4MB) CPU [1%@729,0%@729,0%@729,0%@729,100%@1984,0%@1984,0%@1984,0%@1984] GR3D_FREQ 0% cv0@72.562C/76.281C cpu@77.093C/80.968C soc2@70.093C/72.968C soc0@73C/74.562C cv1@72.593C/74.843C gpu@74.593C/81.875C tj@77.093C/81.875C soc1@71C/72.25C cv2@69.218C/71.125C VDD_IN 8329mW/28290mW/32607mW VDD_CPU_GPU_CV 2119mW/17119mW/20587mW VDD_SOC 2776mW/4628mW/6179mW
08-10-2026 23:02:57 RAM 915/15599MB (lfb 454x4MB) CPU [0%@729,0%@729,0%@729,0%@729,54%@729,0%@729,0%@729,0%@729] GR3D_FREQ 0% cv0@71.968C/76.281C cpu@75.781C/80.968C soc2@69.843C/72.968C soc0@72.781C/74.562C cv1@72.25C/74.843C gpu@74.562C/81.875C tj@75.781C/81.875C soc1@70.875C/72.25C cv2@69.125C/71.125C VDD_IN 7839mW/28181mW/32607mW VDD_CPU_GPU_CV 1793mW/17037mW/20587mW VDD_SOC 2694mW/4618mW/6179mW
08-10-2026 23:02:58 RAM 913/15599MB (lfb 454x4MB) CPU [0%@729,0%@729,0%@729,0%@729,0%@729,0%@729,0%@729,0%@729] GR3D_FREQ 0% cv0@71.687C/76.281C cpu@75.593C/80.968C soc2@69.593C/72.968C soc0@72.625C/74.562C cv1@71.968C/74.843C gpu@74.125C/81.875C tj@75.593C/81.875C soc1@70.625C/72.25C cv2@69C/71.125C VDD_IN 7034mW/28070mW/32607mW VDD_CPU_GPU_CV 1306mW/16954mW/20587mW VDD_SOC 2613mW/4607mW/6179mW
08-10-2026 23:02:58 RAM 913/15599MB (lfb 454x4MB) CPU [0%@729,0%@729,0%@729,0%@729,0%@729,0%@729,0%@729,0%@729] GR3D_FREQ 0% cv0@71.468C/76.281C cpu@75.312C/80.968C soc2@69.5C/72.968C soc0@72.531C/74.562C cv1@71.875C/74.843C gpu@74.187C/81.875C tj@75.312C/81.875C soc1@70.656C/72.25C cv2@68.687C/71.125C VDD_IN 6747mW/27957mW/32607mW VDD_CPU_GPU_CV 1143mW/16871mW/20587mW VDD_SOC 2572mW/4597mW/6179mW
08-10-2026 23:02:59 RAM 910/15599MB (lfb 455x4MB) CPU [0%@729,0%@729,0%@729,0%@729,0%@729,0%@729,0%@729,0%@729] GR3D_FREQ 0% cv0@71.281C/76.281C cpu@75.406C/80.968C soc2@69.343C/72.968C soc0@72.312C/74.562C cv1@71.812C/74.843C gpu@73.843C/81.875C tj@75.406C/81.875C soc1@70.468C/72.25C cv2@68.531C/71.125C VDD_IN 6666mW/27846mW/32607mW VDD_CPU_GPU_CV 1102mW/16788mW/20587mW VDD_SOC 2572mW/4586mW/6179mW
08-10-2026 23:02:59 RAM 910/15599MB (lfb 455x4MB) CPU [0%@729,0%@729,0%@729,0%@729,0%@729,0%@729,0%@729,0%@729] GR3D_FREQ 0% cv0@71.281C/76.281C cpu@74.968C/80.968C soc2@69.218C/72.968C soc0@72.343C/74.562C cv1@71.593C/74.843C gpu@73.75C/81.875C tj@74.968C/81.875C soc1@70.343C/72.25C cv2@68.375C/71.125C VDD_IN 6625mW/27735mW/32607mW VDD_CPU_GPU_CV 1061mW/16706mW/20587mW VDD_SOC 2572mW/4576mW/6179mW
08-10-2026 23:03:00 RAM 907/15599MB (lfb 455x4MB) CPU [5%@729,8%@729,6%@729,6%@729,0%@729,8%@729,8%@729,3%@729] GR3D_FREQ 0% cv0@71.156C/76.281C cpu@75.093C/80.968C soc2@69.031C/72.968C soc0@72.218C/74.562C cv1@71.531C/74.843C gpu@73.625C/81.875C tj@75.093C/81.875C soc1@70.218C/72.25C cv2@68.312C/71.125C VDD_IN 6870mW/27627mW/32607mW VDD_CPU_GPU_CV 1224mW/16626mW/20587mW VDD_SOC 2572mW/4565mW/6179mW
08-10-2026 23:03:00 RAM 907/15599MB (lfb 455x4MB) CPU [0%@729,0%@729,0%@729,0%@729,0%@729,0%@729,0%@729,0%@729] GR3D_FREQ 0% cv0@71.093C/76.281C cpu@74.843C/80.968C soc2@69C/72.968C soc0@72C/74.562C cv1@71.406C/74.843C gpu@73.375C/81.875C tj@74.843C/81.875C soc1@70.062C/72.25C cv2@68.218C/71.125C VDD_IN 6706mW/27519mW/32607mW VDD_CPU_GPU_CV 1102mW/16546mW/20587mW VDD_SOC 2572mW/4555mW/6179mW
08-10-2026 23:03:01 RAM 907/15599MB (lfb 455x4MB) CPU [0%@729,0%@729,0%@729,0%@729,0%@729,0%@729,0%@729,0%@729] GR3D_FREQ 0% cv0@70.906C/76.281C cpu@74.687C/80.968C soc2@68.843C/72.968C soc0@71.812C/74.562C cv1@71.25C/74.843C gpu@73.343C/81.875C tj@74.687C/81.875C soc1@70.093C/72.25C cv2@68.062C/71.125C VDD_IN 6625mW/27412mW/32607mW VDD_CPU_GPU_CV 1061mW/16466mW/20587mW VDD_SOC 2572mW/4545mW/6179mW
08-10-2026 23:03:01 RAM 907/15599MB (lfb 455x4MB) CPU [0%@729,0%@729,0%@729,0%@729,0%@729,0%@729,0%@729,0%@729] GR3D_FREQ 0% cv0@70.718C/76.281C cpu@74.5C/80.968C soc2@68.718C/72.968C soc0@71.75C/74.562C cv1@71.281C/74.843C gpu@73.218C/81.875C tj@74.5C/81.875C soc1@69.968C/72.25C cv2@67.937C/71.125C VDD_IN 6625mW/27306mW/32607mW VDD_CPU_GPU_CV 1061mW/16388mW/20587mW VDD_SOC 2531mW/4534mW/6179mW
08-10-2026 23:03:02 RAM 903/15599MB (lfb 456x4MB) CPU [1%@729,0%@729,0%@729,0%@729,0%@729,0%@729,0%@729,0%@729] GR3D_FREQ 0% cv0@70.562C/76.281C cpu@74.5C/80.968C soc2@68.656C/72.968C soc0@71.718C/74.562C cv1@71.093C/74.843C gpu@73.343C/81.875C tj@74.5C/81.875C soc1@69.875C/72.25C cv2@67.718C/71.125C VDD_IN 6625mW/27201mW/32607mW VDD_CPU_GPU_CV 1061mW/16310mW/20587mW VDD_SOC 2531mW/4524mW/6179mW
08-10-2026 23:03:02 RAM 903/15599MB (lfb 456x4MB) CPU [0%@729,1%@729,1%@729,0%@729,0%@729,0%@729,0%@729,0%@729] GR3D_FREQ 0% cv0@70.468C/76.281C cpu@74.437C/80.968C soc2@68.468C/72.968C soc0@71.5C/74.562C cv1@70.906C/74.843C gpu@72.968C/81.875C tj@74.437C/81.875C soc1@69.656C/72.25C cv2@67.75C/71.125C VDD_IN 6584mW/27097mW/32607mW VDD_CPU_GPU_CV 1061mW/16233mW/20587mW VDD_SOC 2531mW/4514mW/6179mW
08-10-2026 23:03:03 RAM 898/15599MB (lfb 456x4MB) CPU [0%@729,0%@729,0%@729,0%@729,0%@729,0%@729,0%@729,0%@729] GR3D_FREQ 0% cv0@70.437C/76.281C cpu@74.218C/80.968C soc2@68.312C/72.968C soc0@71.375C/74.562C cv1@70.75C/74.843C gpu@73.031C/81.875C tj@74.218C/81.875C soc1@69.5C/72.25C cv2@67.562C/71.125C VDD_IN 6584mW/26994mW/32607mW VDD_CPU_GPU_CV 1061mW/16157mW/20587mW VDD_SOC 2535mW/4504mW/6179mW
08-10-2026 23:03:03 RAM 898/15599MB (lfb 456x4MB) CPU [1%@729,0%@729,0%@729,0%@729,0%@729,0%@729,0%@729,0%@729] GR3D_FREQ 0% cv0@70.281C/76.281C cpu@74.031C/80.968C soc2@68.218C/72.968C soc0@71.281C/74.562C cv1@70.687C/74.843C gpu@72.781C/81.875C tj@74.031C/81.875C soc1@69.562C/72.25C cv2@67.531C/71.125C VDD_IN 6584mW/26892mW/32607mW VDD_CPU_GPU_CV 1061mW/16081mW/20587mW VDD_SOC 2531mW/4494mW/6179mW
08-10-2026 23:03:04 RAM 895/15599MB (lfb 456x4MB) CPU [0%@729,1%@729,0%@729,0%@729,0%@729,0%@729,0%@729,0%@729] GR3D_FREQ 0% cv0@70.218C/76.281C cpu@73.968C/80.968C soc2@68.125C/72.968C soc0@71.093C/74.562C cv1@70.468C/74.843C gpu@72.812C/81.875C tj@73.968C/81.875C soc1@69.406C/72.25C cv2@67.312C/71.125C VDD_IN 6584mW/26791mW/32607mW VDD_CPU_GPU_CV 1061mW/16007mW/20587mW VDD_SOC 2531mW/4485mW/6179mW
08-10-2026 23:03:04 RAM 895/15599MB (lfb 456x4MB) CPU [0%@729,0%@729,0%@729,0%@729,0%@729,0%@729,0%@729,0%@729] GR3D_FREQ 0% cv0@70.062C/76.281C cpu@74.062C/80.968C soc2@68.093C/72.968C soc0@71.125C/74.562C cv1@70.468C/74.843C gpu@72.593C/81.875C tj@74.062C/81.875C soc1@69.281C/72.25C cv2@67.187C/71.125C VDD_IN 6584mW/26691mW/32607mW VDD_CPU_GPU_CV 1061mW/15933mW/20587mW VDD_SOC 2531mW/4475mW/6179mW
08-10-2026 23:03:05 RAM 893/15599MB (lfb 456x4MB) CPU [0%@729,0%@729,0%@729,0%@729,0%@729,0%@729,0%@729,0%@729] GR3D_FREQ 0% cv0@69.875C/76.281C cpu@73.843C/80.968C soc2@67.937C/72.968C soc0@70.906C/74.562C cv1@70.468C/74.843C gpu@72.437C/81.875C tj@73.843C/81.875C soc1@69.156C/72.25C cv2@67.156C/71.125C VDD_IN 6584mW/26592mW/32607mW VDD_CPU_GPU_CV 1061mW/15859mW/20587mW VDD_SOC 2535mW/4465mW/6179mW
08-10-2026 23:03:05 RAM 893/15599MB (lfb 456x4MB) CPU [0%@729,0%@729,0%@729,0%@729,0%@729,0%@729,0%@729,0%@729] GR3D_FREQ 0% cv0@69.906C/76.281C cpu@73.718C/80.968C soc2@67.812C/72.968C soc0@70.781C/74.562C cv1@70.25C/74.843C gpu@72.281C/81.875C tj@73.718C/81.875C soc1@69.031C/72.25C cv2@67.093C/71.125C VDD_IN 6543mW/26494mW/32607mW VDD_CPU_GPU_CV 1061mW/15787mW/20587mW VDD_SOC 2531mW/4456mW/6179mW
08-10-2026 23:03:06 RAM 884/15599MB (lfb 460x4MB) CPU [2%@729,7%@729,3%@729,7%@729,0%@806,6%@806,0%@806,3%@806] GR3D_FREQ 0% cv0@69.812C/76.281C cpu@73.687C/80.968C soc2@67.718C/72.968C soc0@70.718C/74.562C cv1@70.062C/74.843C gpu@72.187C/81.875C tj@73.687C/81.875C soc1@69.062C/72.25C cv2@66.875C/71.125C VDD_IN 6706mW/26397mW/32607mW VDD_CPU_GPU_CV 1143mW/15715mW/20587mW VDD_SOC 2531mW/4447mW/6179mW
08-10-2026 23:03:06 RAM 883/15599MB (lfb 460x4MB) CPU [0%@729,1%@729,7%@729,1%@729,0%@729,4%@729,1%@729,0%@729] GR3D_FREQ 0% cv0@69.625C/76.281C cpu@73.375C/80.968C soc2@67.562C/72.968C soc0@70.625C/74.562C cv1@69.968C/74.843C gpu@72.031C/81.875C tj@73.375C/81.875C soc1@68.906C/72.25C cv2@66.718C/71.125C VDD_IN 6666mW/26301mW/32607mW VDD_CPU_GPU_CV 1102mW/15644mW/20587mW VDD_SOC 2531mW/4437mW/6179mW
08-10-2026 23:03:07 RAM 881/15599MB (lfb 460x4MB) CPU [3%@729,1%@729,0%@729,0%@729,0%@729,0%@729,0%@729,0%@729] GR3D_FREQ 0% cv0@69.437C/76.281C cpu@73.218C/80.968C soc2@67.5C/72.968C soc0@70.625C/74.562C cv1@70C/74.843C gpu@71.968C/81.875C tj@73.218C/81.875C soc1@68.812C/72.25C cv2@66.656C/71.125C VDD_IN 6584mW/26206mW/32607mW VDD_CPU_GPU_CV 1061mW/15574mW/20587mW VDD_SOC 2531mW/4428mW/6179mW
08-10-2026 23:03:07 RAM 881/15599MB (lfb 460x4MB) CPU [0%@729,0%@729,0%@729,0%@729,0%@729,1%@729,0%@729,0%@729] GR3D_FREQ 0% cv0@69.343C/76.281C cpu@73.312C/80.968C soc2@67.531C/72.968C soc0@70.437C/74.562C cv1@69.875C/74.843C gpu@71.718C/81.875C tj@73.312C/81.875C soc1@68.687C/72.25C cv2@66.5C/71.125C VDD_IN 6543mW/26111mW/32607mW VDD_CPU_GPU_CV 1020mW/15504mW/20587mW VDD_SOC 2531mW/4419mW/6179mW
08-10-2026 23:03:08 RAM 878/15599MB (lfb 460x4MB) CPU [0%@729,0%@729,0%@729,0%@729,0%@729,0%@729,0%@729,0%@729] GR3D_FREQ 0% cv0@69.343C/76.281C cpu@73.125C/80.968C soc2@67.312C/72.968C soc0@70.312C/74.562C cv1@69.687C/74.843C gpu@71.875C/81.875C tj@73.125C/81.875C soc1@68.562C/72.25C cv2@66.468C/71.125C VDD_IN 6543mW/26018mW/32607mW VDD_CPU_GPU_CV 1020mW/15435mW/20587mW VDD_SOC 2531mW/4410mW/6179mW
08-10-2026 23:03:08 RAM 878/15599MB (lfb 460x4MB) CPU [0%@729,0%@729,0%@729,0%@729,0%@729,0%@729,0%@729,0%@729] GR3D_FREQ 0% cv0@69.218C/76.281C cpu@73.062C/80.968C soc2@67.187C/72.968C soc0@70.125C/74.562C cv1@69.562C/74.843C gpu@71.625C/81.875C tj@73.062C/81.875C soc1@68.437C/72.25C cv2@66.375C/71.125C VDD_IN 6543mW/25925mW/32607mW VDD_CPU_GPU_CV 1020mW/15366mW/20587mW VDD_SOC 2535mW/4401mW/6179mW
08-10-2026 23:03:09 RAM 876/15599MB (lfb 460x4MB) CPU [0%@729,0%@729,0%@729,0%@729,0%@729,0%@729,0%@729,0%@729] GR3D_FREQ 0% cv0@69.093C/76.281C cpu@72.937C/80.968C soc2@66.968C/72.968C soc0@70C/74.562C cv1@69.468C/74.843C gpu@71.718C/81.875C tj@72.937C/81.875C soc1@68.406C/72.25C cv2@66.218C/71.125C VDD_IN 6543mW/25833mW/32607mW VDD_CPU_GPU_CV 1020mW/15298mW/20587mW VDD_SOC 2531mW/4392mW/6179mW
08-10-2026 23:03:09 RAM 876/15599MB (lfb 460x4MB) CPU [0%@729,0%@729,1%@729,0%@729,0%@729,0%@729,0%@729,0%@729] GR3D_FREQ 0% cv0@69.031C/76.281C cpu@72.968C/80.968C soc2@66.937C/72.968C soc0@70.031C/74.562C cv1@69.468C/74.843C gpu@71.468C/81.875C tj@72.843C/81.875C soc1@68.281C/72.25C cv2@66.031C/71.125C VDD_IN 6502mW/25742mW/32607mW VDD_CPU_GPU_CV 1020mW/15231mW/20587mW VDD_SOC 2531mW/4383mW/6179mW
08-10-2026 23:03:10 RAM 875/15599MB (lfb 461x4MB) CPU [1%@729,0%@729,1%@729,0%@729,0%@729,0%@729,0%@729,0%@729] GR3D_FREQ 0% cv0@68.875C/76.281C cpu@72.906C/80.968C soc2@66.968C/72.968C soc0@69.968C/74.562C cv1@69.468C/74.843C gpu@71.437C/81.875C tj@72.906C/81.875C soc1@68.187C/72.25C cv2@66C/71.125C VDD_IN 6502mW/25652mW/32607mW VDD_CPU_GPU_CV 1020mW/15164mW/20587mW VDD_SOC 2494mW/4374mW/6179mW
08-10-2026 23:03:10 RAM 874/15599MB (lfb 461x4MB) CPU [0%@1036,0%@729,3%@729,0%@729,0%@729,3%@729,0%@729,0%@729] GR3D_FREQ 0% cv0@68.812C/76.281C cpu@72.718C/80.968C soc2@66.75C/72.968C soc0@69.75C/74.562C cv1@69.312C/74.843C gpu@71.25C/81.875C tj@72.718C/81.875C soc1@68C/72.25C cv2@66C/71.125C VDD_IN 6543mW/25562mW/32607mW VDD_CPU_GPU_CV 1061mW/15098mW/20587mW VDD_SOC 2531mW/4366mW/6179mW
