08-10-2026 23:48:01 RAM 857/15599MB (lfb 463x4MB) CPU [0%@729,0%@729,0%@729,0%@729,0%@729,0%@729,0%@729,0%@729] GR3D_FREQ 0% cv0@53.187C/53.187C cpu@56.937C/56.937C soc2@50.937C/50.937C soc0@53.968C/53.968C cv1@53.593C/53.593C gpu@55.5C/55.5C tj@56.937C/56.937C soc1@52.718C/52.718C cv2@50.437C/50.437C VDD_IN 6093mW/6093mW/6093mW VDD_CPU_GPU_CV 816mW/816mW/816mW VDD_SOC 2368mW/2368mW/2368mW
08-10-2026 23:48:02 RAM 888/15599MB (lfb 463x4MB) CPU [5%@1574,0%@1574,1%@1574,0%@1574,0%@1420,0%@1420,0%@1420,5%@1420] GR3D_FREQ 0% cv0@53.218C/53.218C cpu@57C/57C soc2@50.937C/50.937C soc0@53.906C/53.968C cv1@53.593C/53.593C gpu@55.718C/55.718C tj@57.125C/57.125C soc1@52.656C/52.718C cv2@50.437C/50.437C VDD_IN 6175mW/6134mW/6175mW VDD_CPU_GPU_CV 816mW/816mW/816mW VDD_SOC 2409mW/2389mW/2409mW
08-10-2026 23:48:02 RAM 4799/15599MB (lfb 463x4MB) CPU [11%@1984,0%@1984,88%@1984,0%@1984,0%@1984,0%@1984,0%@1984,98%@1984] GR3D_FREQ 48% cv0@53.468C/53.468C cpu@58.187C/58.187C soc2@51.156C/51.156C soc0@53.781C/53.968C cv1@53.906C/53.906C gpu@56.281C/56.281C tj@58.187C/58.187C soc1@52.843C/52.843C cv2@50.5C/50.5C VDD_IN 9539mW/7269mW/9539mW VDD_CPU_GPU_CV 2564mW/1399mW/2564mW VDD_SOC 3057mW/2611mW/3057mW
08-10-2026 23:48:03 RAM 6341/15599MB (lfb 250x4MB) CPU [1%@1984,0%@1984,100%@1984,0%@1984,0%@1984,0%@1984,0%@1984,100%@1984] GR3D_FREQ 44% cv0@53.875C/53.875C cpu@58.343C/58.343C soc2@51.375C/51.375C soc0@54.187C/54.187C cv1@54.25C/54.25C gpu@56.875C/56.875C tj@58.343C/58.343C soc1@52.906C/52.906C cv2@50.625C/50.625C VDD_IN 11966mW/8443mW/11966mW VDD_CPU_GPU_CV 3773mW/1992mW/3773mW VDD_SOC 3744mW/2895mW/3744mW
08-10-2026 23:48:03 RAM 6478/15599MB (lfb 249x4MB) CPU [1%@1984,0%@1984,86%@1984,0%@1984,0%@1984,0%@1984,0%@1984,86%@1984] GR3D_FREQ 37% cv0@53.718C/53.875C cpu@58.187C/58.343C soc2@51.468C/51.468C soc0@54.218C/54.218C cv1@54.093C/54.25C gpu@56.281C/56.875C tj@58.187C/58.343C soc1@52.937C/52.937C cv2@50.656C/50.656C VDD_IN 10028mW/8760mW/11966mW VDD_CPU_GPU_CV 3413mW/2276mW/3773mW VDD_SOC 2935mW/2903mW/3744mW
08-10-2026 23:48:04 RAM 6596/15599MB (lfb 249x4MB) CPU [0%@1984,0%@1984,82%@1984,0%@1984,0%@1984,0%@1984,0%@1984,86%@1984] GR3D_FREQ 33% cv0@53.75C/53.875C cpu@58.375C/58.375C soc2@51.531C/51.531C soc0@54.156C/54.218C cv1@54C/54.25C gpu@56.406C/56.875C tj@58.375C/58.375C soc1@52.875C/52.937C cv2@50.75C/50.75C VDD_IN 9213mW/8836mW/11966mW VDD_CPU_GPU_CV 3215mW/2433mW/3773mW VDD_SOC 2609mW/2854mW/3744mW
08-10-2026 23:48:04 RAM 10670/15599MB (lfb 38x4MB) CPU [0%@1984,0%@1984,94%@1984,0%@1984,0%@1984,1%@1984,0%@1984,92%@1984] GR3D_FREQ 0% cv0@53.843C/53.875C cpu@58.218C/58.375C soc2@51.5C/51.531C soc0@54.156C/54.218C cv1@54.187C/54.25C gpu@56.187C/56.875C tj@58.218C/58.375C soc1@52.968C/52.968C cv2@50.781C/50.781C VDD_IN 9662mW/8954mW/11966mW VDD_CPU_GPU_CV 3012mW/2516mW/3773mW VDD_SOC 2853mW/2854mW/3744mW
08-10-2026 23:48:05 RAM 12216/15599MB (lfb 3x4MB) CPU [0%@1984,2%@1984,100%@1984,0%@1984,0%@1984,0%@1984,0%@1984,100%@1984] GR3D_FREQ 0% cv0@54C/54C cpu@58.375C/58.375C soc2@51.687C/51.687C soc0@54.218C/54.218C cv1@54.281C/54.281C gpu@56.687C/56.875C tj@58.375C/58.375C soc1@53.125C/53.125C cv2@50.75C/50.781C VDD_IN 12048mW/9341mW/12048mW VDD_CPU_GPU_CV 3738mW/2668mW/3773mW VDD_SOC 3581mW/2945mW/3744mW
08-10-2026 23:48:05 RAM 12329/15599MB (lfb 1x1MB) CPU [1%@883,0%@883,78%@883,0%@883,0%@729,0%@729,0%@729,60%@729] GR3D_FREQ 99% cv0@54C/54C cpu@58.25C/58.375C soc2@52C/52C soc0@54.343C/54.343C cv1@54.437C/54.437C gpu@61.406C/61.406C tj@61.406C/61.406C soc1@53.125C/53.125C cv2@50.843C/50.843C VDD_IN 19567mW/10477mW/19567mW VDD_CPU_GPU_CV 9741mW/3454mW/9741mW VDD_SOC 4166mW/3080mW/4166mW
08-10-2026 23:48:06 RAM 12360/15599MB (lfb 1x1MB) CPU [0%@729,1%@729,67%@729,0%@729,0%@1984,0%@1984,64%@1984,0%@1984] GR3D_FREQ 99% cv0@54.375C/54.375C cpu@59.093C/59.093C soc2@52.5C/52.5C soc0@54.781C/54.781C cv1@54.687C/54.687C gpu@64C/64C tj@64C/64C soc1@53.281C/53.281C cv2@51.125C/51.125C VDD_IN 27014mW/12131mW/27014mW VDD_CPU_GPU_CV 15920mW/4701mW/15920mW VDD_SOC 4750mW/3247mW/4750mW
08-10-2026 23:48:06 RAM 12383/15599MB (lfb 1x1MB) CPU [0%@729,1%@729,69%@729,0%@729,0%@1984,0%@1984,100%@1984,0%@1984] GR3D_FREQ 99% cv0@54.906C/54.906C cpu@59.437C/59.437C soc2@53C/53C soc0@55.187C/55.187C cv1@54.968C/54.968C gpu@64.406C/64.406C tj@64.406C/64.406C soc1@53.5C/53.5C cv2@51.531C/51.531C VDD_IN 29507mW/13710mW/29507mW VDD_CPU_GPU_CV 18221mW/5930mW/18221mW VDD_SOC 4903mW/3398mW/4903mW
08-10-2026 23:48:07 RAM 12443/15599MB (lfb 1x4MB) CPU [15%@729,1%@729,23%@729,0%@729,0%@1984,0%@1984,100%@1984,0%@1984] GR3D_FREQ 99% cv0@55.25C/55.25C cpu@59.875C/59.875C soc2@53.5C/53.5C soc0@55.625C/55.625C cv1@55.343C/55.343C gpu@63.718C/64.406C tj@63.718C/64.406C soc1@53.687C/53.687C cv2@51.812C/51.812C VDD_IN 29105mW/14993mW/29507mW VDD_CPU_GPU_CV 17304mW/6878mW/18221mW VDD_SOC 4983mW/3530mW/4983mW
08-10-2026 23:48:07 RAM 12447/15599MB (lfb 2x1MB) CPU [94%@1984,0%@1984,0%@1984,0%@1984,0%@1984,0%@1984,100%@1984,0%@1984] GR3D_FREQ 99% cv0@55.781C/55.781C cpu@60.312C/60.312C soc2@53.937C/53.937C soc0@55.812C/55.812C cv1@55.531C/55.531C gpu@63.531C/64.406C tj@63.531C/64.406C soc1@53.968C/53.968C cv2@52.031C/52.031C VDD_IN 28581mW/16038mW/29507mW VDD_CPU_GPU_CV 16307mW/7603mW/18221mW VDD_SOC 5193mW/3658mW/5193mW
08-10-2026 23:48:08 RAM 12446/15599MB (lfb 2x1MB) CPU [100%@1984,0%@1984,0%@1984,0%@1984,0%@1984,0%@1984,100%@1984,0%@1984] GR3D_FREQ 99% cv0@55.968C/55.968C cpu@60.656C/60.656C soc2@54.218C/54.218C soc0@56.187C/56.187C cv1@55.968C/55.968C gpu@64.062C/64.406C tj@64.062C/64.406C soc1@54.281C/54.281C cv2@52.156C/52.156C VDD_IN 28340mW/16917mW/29507mW VDD_CPU_GPU_CV 15894mW/8195mW/18221mW VDD_SOC 5273mW/3773mW/5273mW
08-10-2026 23:48:09 RAM 12446/15599MB (lfb 2x1MB) CPU [100%@1984,0%@1984,0%@1984,0%@1984,0%@1984,0%@1984,100%@1984,0%@1984] GR3D_FREQ 99% cv0@56.125C/56.125C cpu@60.875C/60.875C soc2@54.437C/54.437C soc0@56.218C/56.218C cv1@56.187C/56.187C gpu@64.031C/64.406C tj@64.031C/64.406C soc1@54.375C/54.375C cv2@52.437C/52.437C VDD_IN 28340mW/17679mW/29507mW VDD_CPU_GPU_CV 15894mW/8709mW/18221mW VDD_SOC 5313mW/3876mW/5313mW
08-10-2026 23:48:09 RAM 12446/15599MB (lfb 2x1MB) CPU [100%@1984,0%@1984,0%@1984,0%@1984,1%@1984,1%@1984,100%@1984,0%@1984] GR3D_FREQ 99% cv0@56.5C/56.5C cpu@61.062C/61.062C soc2@54.656C/54.656C soc0@56.437C/56.437C cv1@56.312C/56.312C gpu@64.281C/64.406C tj@64.281C/64.406C soc1@54.531C/54.531C cv2@52.718C/52.718C VDD_IN 28340mW/18345mW/29507mW VDD_CPU_GPU_CV 15814mW/9153mW/18221mW VDD_SOC 5313mW/3966mW/5313mW
08-10-2026 23:48:10 RAM 12446/15599MB (lfb 2x1MB) CPU [100%@1984,0%@1984,1%@1984,0%@1984,0%@1984,0%@1984,100%@1984,0%@1984] GR3D_FREQ 99% cv0@56.562C/56.562C cpu@61.187C/61.187C soc2@54.843C/54.843C soc0@56.625C/56.625C cv1@56.437C/56.437C gpu@64.406C/64.406C tj@64.406C/64.406C soc1@54.875C/54.875C cv2@52.781C/52.781C VDD_IN 28259mW/18928mW/29507mW VDD_CPU_GPU_CV 15694mW/9537mW/18221mW VDD_SOC 5313mW/4045mW/5313mW
08-10-2026 23:48:10 RAM 12446/15599MB (lfb 2x1MB) CPU [100%@1984,0%@1984,0%@1984,0%@1984,0%@1984,0%@1984,100%@1984,0%@1984] GR3D_FREQ 99% cv0@56.718C/56.718C cpu@61.625C/61.625C soc2@55.031C/55.031C soc0@57C/57C cv1@56.781C/56.781C gpu@64.812C/64.812C tj@64.812C/64.812C soc1@54.906C/54.906C cv2@52.937C/52.937C VDD_IN 28340mW/19451mW/29507mW VDD_CPU_GPU_CV 15854mW/9888mW/18221mW VDD_SOC 5313mW/4115mW/5313mW
08-10-2026 23:48:11 RAM 12446/15599MB (lfb 2x1MB) CPU [100%@1984,0%@1984,0%@1984,0%@1984,0%@1984,0%@1984,100%@1984,0%@1984] GR3D_FREQ 99% cv0@56.937C/56.937C cpu@61.562C/61.625C soc2@55.343C/55.343C soc0@57.156C/57.156C cv1@56.968C/56.968C gpu@64.937C/64.937C tj@64.875C/64.875C soc1@55.062C/55.062C cv2@53.062C/53.062C VDD_IN 28299mW/19917mW/29507mW VDD_CPU_GPU_CV 15774mW/10198mW/18221mW VDD_SOC 5313mW/4178mW/5313mW
08-10-2026 23:48:11 RAM 12446/15599MB (lfb 2x1MB) CPU [100%@1984,1%@1984,0%@1984,0%@1984,0%@1984,0%@1984,100%@1984,0%@1984] GR3D_FREQ 99% cv0@57.218C/57.218C cpu@61.906C/61.906C soc2@55.531C/55.531C soc0@57.187C/57.187C cv1@57.093C/57.093C gpu@65.187C/65.187C tj@65.187C/65.187C soc1@55.25C/55.25C cv2@53.406C/53.406C VDD_IN 28420mW/20342mW/29507mW VDD_CPU_GPU_CV 15854mW/10481mW/18221mW VDD_SOC 5305mW/4235mW/5313mW
08-10-2026 23:48:12 RAM 12446/15599MB (lfb 2x1MB) CPU [100%@1984,0%@1984,0%@1984,0%@1984,0%@1984,0%@1984,100%@1984,0%@1984] GR3D_FREQ 99% cv0@57.437C/57.437C cpu@61.937C/61.937C soc2@55.687C/55.687C soc0@57.437C/57.437C cv1@57.281C/57.281C gpu@65.375C/65.375C tj@65.375C/65.375C soc1@55.375C/55.375C cv2@53.5C/53.5C VDD_IN 28380mW/20725mW/29507mW VDD_CPU_GPU_CV 15814mW/10735mW/18221mW VDD_SOC 5354mW/4288mW/5354mW
08-10-2026 23:48:12 RAM 12446/15599MB (lfb 2x1MB) CPU [100%@1984,0%@1984,0%@1984,0%@1984,0%@1984,0%@1984,100%@1984,0%@1984] GR3D_FREQ 99% cv0@57.531C/57.531C cpu@62.125C/62.125C soc2@55.875C/55.875C soc0@57.781C/57.781C cv1@57.593C/57.593C gpu@65.312C/65.375C tj@65.312C/65.375C soc1@55.625C/55.625C cv2@53.625C/53.625C VDD_IN 28299mW/21069mW/29507mW VDD_CPU_GPU_CV 15734mW/10962mW/18221mW VDD_SOC 5345mW/4336mW/5354mW
08-10-2026 23:48:13 RAM 12446/15599MB (lfb 2x1MB) CPU [100%@1984,0%@1984,0%@1984,0%@1984,0%@1984,0%@1984,100%@1984,0%@1984] GR3D_FREQ 99% cv0@57.687C/57.687C cpu@62.437C/62.437C soc2@56.093C/56.093C soc0@57.906C/57.906C cv1@57.718C/57.718C gpu@65.437C/65.437C tj@65.437C/65.437C soc1@55.843C/55.843C cv2@53.75C/53.75C VDD_IN 28460mW/21390mW/29507mW VDD_CPU_GPU_CV 15894mW/11177mW/18221mW VDD_SOC 5305mW/4378mW/5354mW
08-10-2026 23:48:13 RAM 12446/15599MB (lfb 2x1MB) CPU [100%@1984,0%@1984,0%@1984,0%@1984,0%@1984,0%@1984,100%@1984,0%@1984] GR3D_FREQ 99% cv0@57.968C/57.968C cpu@62.562C/62.562C soc2@56.218C/56.218C soc0@58.031C/58.031C cv1@57.812C/57.812C gpu@66C/66C tj@66C/66C soc1@55.968C/55.968C cv2@54.031C/54.031C VDD_IN 28380mW/21681mW/29507mW VDD_CPU_GPU_CV 15814mW/11370mW/18221mW VDD_SOC 5354mW/4419mW/5354mW
08-10-2026 23:48:14 RAM 12446/15599MB (lfb 2x1MB) CPU [100%@1984,0%@1984,0%@1984,0%@1984,0%@1984,0%@1984,100%@1984,0%@1984] GR3D_FREQ 99% cv0@58.125C/58.125C cpu@62.75C/62.75C soc2@56.375C/56.375C soc0@58.093C/58.093C cv1@57.937C/57.937C gpu@66.093C/66.093C tj@66.093C/66.093C soc1@56.281C/56.281C cv2@54.125C/54.125C VDD_IN 28420mW/21951mW/29507mW VDD_CPU_GPU_CV 15934mW/11552mW/18221mW VDD_SOC 5354mW/4456mW/5354mW
08-10-2026 23:48:14 RAM 12449/15599MB (lfb 1x4MB) CPU [100%@1984,1%@1984,0%@1984,0%@1984,0%@1984,0%@1984,100%@1984,29%@1984] GR3D_FREQ 99% cv0@58.281C/58.281C cpu@63.031C/63.031C soc2@56.562C/56.562C soc0@58.468C/58.468C cv1@58.218C/58.218C gpu@66.187C/66.187C tj@66.187C/66.187C soc1@56.437C/56.437C cv2@54.312C/54.312C VDD_IN 28662mW/22209mW/29507mW VDD_CPU_GPU_CV 16134mW/11729mW/18221mW VDD_SOC 5345mW/4490mW/5354mW
08-10-2026 23:48:15 RAM 11512/15599MB (lfb 35x4MB) CPU [100%@1984,52%@1984,0%@1984,0%@1984,0%@1984,10%@1984,100%@1984,100%@1984] GR3D_FREQ 99% cv0@58.812C/58.812C cpu@63.812C/63.812C soc2@56.906C/56.906C soc0@58.625C/58.625C cv1@58.5C/58.5C gpu@68.187C/68.187C tj@68.187C/68.187C soc1@56.531C/56.531C cv2@54.437C/54.437C VDD_IN 31711mW/22561mW/31711mW VDD_CPU_GPU_CV 19037mW/11999mW/19037mW VDD_SOC 5337mW/4522mW/5354mW
08-10-2026 23:48:15 RAM 9893/15599MB (lfb 65x4MB) CPU [100%@1984,22%@1984,0%@1984,0%@1984,0%@1984,0%@1984,100%@1984,100%@1984] GR3D_FREQ 99% cv0@58.937C/58.937C cpu@63.687C/63.812C soc2@57.062C/57.062C soc0@58.937C/58.937C cv1@58.75C/58.75C gpu@68.906C/68.906C tj@68.906C/68.906C soc1@56.718C/56.718C cv2@54.875C/54.875C VDD_IN 33667mW/22958mW/33667mW VDD_CPU_GPU_CV 21030mW/12322mW/21030mW VDD_SOC 5328mW/4551mW/5354mW
08-10-2026 23:48:16 RAM 8490/15599MB (lfb 78x4MB) CPU [50%@1984,28%@1984,20%@1984,1%@1984,1%@1984,0%@1984,100%@1984,100%@1984] GR3D_FREQ 99% cv0@58.937C/58.937C cpu@64C/64C soc2@57.187C/57.187C soc0@59.156C/59.156C cv1@58.906C/58.906C gpu@68.687C/68.906C tj@68.687C/68.906C soc1@56.875C/56.875C cv2@55.062C/55.062C VDD_IN 33547mW/23323mW/33667mW VDD_CPU_GPU_CV 20951mW/12619mW/21030mW VDD_SOC 5208mW/4573mW/5354mW
08-10-2026 23:48:16 RAM 8900/15599MB (lfb 78x4MB) CPU [0%@1984,0%@1984,100%@1984,0%@1984,0%@1984,0%@1984,100%@1984,100%@1984] GR3D_FREQ 99% cv0@59.187C/59.187C cpu@64.187C/64.187C soc2@57.375C/57.375C soc0@59.468C/59.468C cv1@59.187C/59.187C gpu@69.062C/69.062C tj@69.062C/69.062C soc1@57.281C/57.281C cv2@55.187C/55.187C VDD_IN 34148mW/23684mW/34148mW VDD_CPU_GPU_CV 20990mW/12898mW/21030mW VDD_SOC 5568mW/4606mW/5568mW
08-10-2026 23:48:17 RAM 9441/15599MB (lfb 78x4MB) CPU [0%@1267,1%@1267,82%@1267,0%@1267,0%@1984,0%@1984,100%@1984,100%@1984] GR3D_FREQ 99% cv0@59.25C/59.25C cpu@64.5C/64.5C soc2@57.625C/57.625C soc0@59.625C/59.625C cv1@59.5C/59.5C gpu@69.093C/69.093C tj@69.093C/69.093C soc1@57.437C/57.437C cv2@55.468C/55.468C VDD_IN 33306mW/23994mW/34148mW VDD_CPU_GPU_CV 20673mW/13149mW/21030mW VDD_SOC 5337mW/4630mW/5568mW
08-10-2026 23:48:17 RAM 9480/15599MB (lfb 78x4MB) CPU [10%@1344,0%@1344,63%@1344,0%@1344,0%@1984,0%@1984,100%@1984,100%@1984] GR3D_FREQ 99% cv0@59.593C/59.593C cpu@64.75C/64.75C soc2@58.031C/58.031C soc0@59.937C/59.937C cv1@59.625C/59.625C gpu@69.5C/69.5C tj@69.5C/69.5C soc1@57.593C/57.593C cv2@55.562C/55.562C VDD_IN 32796mW/24269mW/34148mW VDD_CPU_GPU_CV 20554mW/13381mW/21030mW VDD_SOC 5096mW/4645mW/5568mW
08-10-2026 23:48:18 RAM 9511/15599MB (lfb 78x4MB) CPU [5%@1267,0%@1267,69%@1267,0%@1267,0%@1984,0%@1984,100%@1984,100%@1984] GR3D_FREQ 99% cv0@59.812C/59.812C cpu@64.718C/64.75C soc2@58.031C/58.031C soc0@60.062C/60.062C cv1@59.781C/59.781C gpu@69.437C/69.5C tj@69.437C/69.5C soc1@57.781C/57.781C cv2@55.906C/55.906C VDD_IN 32635mW/24523mW/34148mW VDD_CPU_GPU_CV 20348mW/13592mW/21030mW VDD_SOC 5056mW/4657mW/5568mW
08-10-2026 23:48:18 RAM 9559/15599MB (lfb 78x4MB) CPU [1%@1267,0%@1267,75%@1267,0%@1267,0%@1984,0%@1984,100%@1984,100%@1984] GR3D_FREQ 99% cv0@60C/60C cpu@64.843C/64.843C soc2@58.281C/58.281C soc0@60.312C/60.312C cv1@59.937C/59.937C gpu@69.718C/69.718C tj@69.718C/69.718C soc1@58.187C/58.187C cv2@56.031C/56.031C VDD_IN 32515mW/24758mW/34148mW VDD_CPU_GPU_CV 20388mW/13792mW/21030mW VDD_SOC 5016mW/4668mW/5568mW
08-10-2026 23:48:19 RAM 11581/15599MB (lfb 73x4MB) CPU [0%@1984,1%@1984,90%@1984,0%@1984,0%@1984,0%@1984,100%@1984,100%@1984] GR3D_FREQ 99% cv0@60.187C/60.187C cpu@65.156C/65.156C soc2@58.468C/58.468C soc0@60.406C/60.406C cv1@60.187C/60.187C gpu@70.312C/70.312C tj@70.312C/70.312C soc1@58.187C/58.187C cv2@56.187C/56.187C VDD_IN 33426mW/25005mW/34148mW VDD_CPU_GPU_CV 20951mW/13996mW/21030mW VDD_SOC 5208mW/4683mW/5568mW
08-10-2026 23:48:19 RAM 12094/15599MB (lfb 18x4MB) CPU [0%@1984,0%@1984,100%@1984,0%@1984,0%@1984,0%@1984,100%@1984,100%@1984] GR3D_FREQ 99% cv0@60.437C/60.437C cpu@65.687C/65.687C soc2@58.812C/58.812C soc0@60.718C/60.718C cv1@60.562C/60.562C gpu@70.375C/70.375C tj@70.375C/70.375C soc1@58.437C/58.437C cv2@56.406C/56.406C VDD_IN 34189mW/25260mW/34189mW VDD_CPU_GPU_CV 21036mW/14192mW/21036mW VDD_SOC 5568mW/4708mW/5568mW
08-10-2026 23:48:20 RAM 12370/15599MB (lfb 6x4MB) CPU [0%@960,0%@960,80%@960,0%@960,0%@1984,0%@1984,100%@1984,100%@1984] GR3D_FREQ 99% cv0@60.562C/60.562C cpu@65.625C/65.687C soc2@58.937C/58.937C soc0@60.968C/60.968C cv1@60.656C/60.656C gpu@69.843C/70.375C tj@69.843C/70.375C soc1@58.625C/58.625C cv2@56.656C/56.656C VDD_IN 32796mW/25464mW/34189mW VDD_CPU_GPU_CV 20236mW/14355mW/21036mW VDD_SOC 5296mW/4723mW/5568mW
08-10-2026 23:48:20 RAM 12401/15599MB (lfb 5x4MB) CPU [1%@729,1%@729,68%@729,1%@729,0%@1984,0%@1984,100%@1984,100%@1984] GR3D_FREQ 99% cv0@60.781C/60.781C cpu@65.781C/65.781C soc2@59.093C/59.093C soc0@61.062C/61.062C cv1@60.781C/60.781C gpu@70.156C/70.375C tj@70.156C/70.375C soc1@58.75C/58.75C cv2@56.843C/56.843C VDD_IN 32434mW/25648mW/34189mW VDD_CPU_GPU_CV 19991mW/14503mW/21036mW VDD_SOC 5056mW/4732mW/5568mW
08-10-2026 23:48:21 RAM 12443/15599MB (lfb 2x4MB) CPU [31%@1984,0%@1984,64%@1984,0%@1984,0%@1984,0%@1984,70%@1984,100%@1984] GR3D_FREQ 99% cv0@61.125C/61.125C cpu@65.812C/65.812C soc2@59.5C/59.5C soc0@61.281C/61.281C cv1@60.906C/60.906C gpu@70.25C/70.375C tj@70.25C/70.375C soc1@58.937C/58.937C cv2@57C/57C VDD_IN 31872mW/25807mW/34189mW VDD_CPU_GPU_CV 19951mW/14643mW/21036mW VDD_SOC 4975mW/4738mW/5568mW
08-10-2026 23:48:21 RAM 12414/15599MB (lfb 2x4MB) CPU [100%@1984,0%@1984,19%@1984,0%@1984,0%@1984,0%@1984,0%@1984,100%@1984] GR3D_FREQ 99% cv0@61.281C/61.281C cpu@65.812C/65.812C soc2@59.718C/59.718C soc0@61.687C/61.687C cv1@61.25C/61.25C gpu@69.281C/70.375C tj@69.281C/70.375C soc1@59.281C/59.281C cv2@57.125C/57.125C VDD_IN 30594mW/25927mW/34189mW VDD_CPU_GPU_CV 18470mW/14739mW/21036mW VDD_SOC 5064mW/4747mW/5568mW
08-10-2026 23:48:22 RAM 12417/15599MB (lfb 2x4MB) CPU [100%@1984,0%@1984,100%@1984,0%@1984,1%@1984,0%@1984,0%@1984,100%@1984] GR3D_FREQ 99% cv0@61.468C/61.468C cpu@66.218C/66.218C soc2@59.843C/59.843C soc0@61.718C/61.718C cv1@61.375C/61.375C gpu@68.812C/70.375C tj@68.812C/70.375C soc1@59.343C/59.343C cv2@57.187C/57.187C VDD_IN 29829mW/26022mW/34189mW VDD_CPU_GPU_CV 17304mW/14801mW/21036mW VDD_SOC 5305mW/4760mW/5568mW
08-10-2026 23:48:22 RAM 12382/15599MB (lfb 3x4MB) CPU [100%@1984,0%@1984,100%@1984,4%@1984,0%@1984,0%@1984,45%@1984,100%@1984] GR3D_FREQ 99% cv0@61.687C/61.687C cpu@66.562C/66.562C soc2@60.125C/60.125C soc0@61.937C/61.937C cv1@61.562C/61.562C gpu@68.968C/70.375C tj@68.968C/70.375C soc1@59.437C/59.437C cv2@57.531C/57.531C VDD_IN 30030mW/26117mW/34189mW VDD_CPU_GPU_CV 17344mW/14862mW/21036mW VDD_SOC 5345mW/4774mW/5568mW
08-10-2026 23:48:23 RAM 11460/15599MB (lfb 28x4MB) CPU [100%@1984,66%@1984,100%@1984,0%@1984,0%@1984,0%@1984,100%@1984,100%@1984] GR3D_FREQ 97% cv0@62.125C/62.125C cpu@67.031C/67.031C soc2@60.125C/60.125C soc0@62C/62C cv1@61.875C/61.875C gpu@67.875C/70.375C tj@67.875C/70.375C soc1@59.656C/59.656C cv2@57.75C/57.75C VDD_IN 29024mW/26185mW/34189mW VDD_CPU_GPU_CV 15654mW/14880mW/21036mW VDD_SOC 5747mW/4797mW/5747mW
08-10-2026 23:48:23 RAM 9144/15599MB (lfb 68x4MB) CPU [100%@1984,43%@1984,100%@1984,1%@1984,0%@1984,0%@1984,100%@1984,100%@1984] GR3D_FREQ 97% cv0@61.968C/62.125C cpu@66.843C/67.031C soc2@60.125C/60.125C soc0@61.906C/62C cv1@61.906C/61.906C gpu@68C/70.375C tj@67.937C/70.375C soc1@59.906C/59.906C cv2@57.75C/57.75C VDD_IN 28264mW/26232mW/34189mW VDD_CPU_GPU_CV 14496mW/14871mW/21036mW VDD_SOC 5957mW/4823mW/5957mW
08-10-2026 23:48:24 RAM 8629/15599MB (lfb 79x4MB) CPU [44%@1984,54%@1984,100%@1984,0%@1984,0%@1984,0%@1984,100%@1984,100%@1984] GR3D_FREQ 99% cv0@62.406C/62.406C cpu@67.187C/67.187C soc2@60.187C/60.187C soc0@62.343C/62.343C cv1@62.25C/62.25C gpu@67.75C/70.375C tj@67.75C/70.375C soc1@60.031C/60.031C cv2@57.875C/57.875C VDD_IN 27780mW/26267mW/34189mW VDD_CPU_GPU_CV 13960mW/14851mW/21036mW VDD_SOC 5957mW/4848mW/5957mW
08-10-2026 23:48:24 RAM 9395/15599MB (lfb 79x4MB) CPU [0%@1984,100%@1984,100%@1984,0%@1984,0%@1984,0%@1984,100%@1984,100%@1984] GR3D_FREQ 99% cv0@62.468C/62.468C cpu@67.468C/67.468C soc2@60.312C/60.312C soc0@62.343C/62.343C cv1@62.281C/62.281C gpu@67.781C/70.375C tj@67.781C/70.375C soc1@60.187C/60.187C cv2@57.968C/57.968C VDD_IN 27417mW/26292mW/34189mW VDD_CPU_GPU_CV 13520mW/14822mW/21036mW VDD_SOC 6038mW/4874mW/6038mW
08-10-2026 23:48:25 RAM 9438/15599MB (lfb 79x4MB) CPU [0%@1984,74%@1984,100%@1984,1%@1984,0%@1984,0%@1984,100%@1984,100%@1984] GR3D_FREQ 99% cv0@62.687C/62.687C cpu@67.437C/67.468C soc2@60.468C/60.468C soc0@62.406C/62.406C cv1@62.375C/62.375C gpu@67.937C/70.375C tj@67.937C/70.375C soc1@60.187C/60.187C cv2@58.25C/58.25C VDD_IN 26611mW/26298mW/34189mW VDD_CPU_GPU_CV 13480mW/14794mW/21036mW VDD_SOC 5886mW/4896mW/6038mW
08-10-2026 23:48:25 RAM 9493/15599MB (lfb 79x4MB) CPU [0%@1984,67%@1984,100%@1984,0%@1984,0%@1984,0%@1984,100%@1984,100%@1984] GR3D_FREQ 99% cv0@62.843C/62.843C cpu@67.531C/67.531C soc2@60.406C/60.468C soc0@62.468C/62.468C cv1@62.437C/62.437C gpu@67.968C/70.375C tj@67.968C/70.375C soc1@60.343C/60.343C cv2@58.343C/58.343C VDD_IN 26691mW/26307mW/34189mW VDD_CPU_GPU_CV 13560mW/14768mW/21036mW VDD_SOC 5716mW/4913mW/6038mW
08-10-2026 23:48:26 RAM 8711/15599MB (lfb 195x4MB) CPU [2%@1984,90%@1984,100%@1984,66%@1984,0%@1984,0%@1984,100%@1984,100%@1984] GR3D_FREQ 0% cv0@62.937C/62.937C cpu@67.593C/67.593C soc2@60.375C/60.468C soc0@62.531C/62.531C cv1@62.5C/62.5C gpu@65.406C/70.375C tj@67.593C/70.375C soc1@60.562C/60.562C cv2@58.375C/58.375C VDD_IN 19000mW/26158mW/34189mW VDD_CPU_GPU_CV 9192mW/14654mW/21036mW VDD_SOC 4172mW/4898mW/6038mW
08-10-2026 23:48:26 RAM 7747/15599MB (lfb 227x4MB) CPU [100%@1984,0%@1984,100%@1984,68%@1984,0%@1984,0%@1984,100%@1984,100%@1984] GR3D_FREQ 33% cv0@62.437C/62.937C cpu@67.468C/67.593C soc2@60.218C/60.468C soc0@62.375C/62.531C cv1@62.312C/62.5C gpu@65.343C/70.375C tj@67.468C/70.375C soc1@60.656C/60.656C cv2@58.25C/58.375C VDD_IN 14955mW/25933mW/34189mW VDD_CPU_GPU_CV 6279mW/14487mW/21036mW VDD_SOC 3698mW/4874mW/6038mW
08-10-2026 23:48:27 RAM 8538/15599MB (lfb 233x4MB) CPU [82%@1984,59%@1984,12%@1984,34%@1984,27%@1984,0%@1984,100%@1984,100%@1984] GR3D_FREQ 99% cv0@62.531C/62.937C cpu@67.156C/67.593C soc2@60.156C/60.468C soc0@62.375C/62.531C cv1@62.5C/62.5C gpu@68.968C/70.375C tj@68.968C/70.375C soc1@60.562C/60.656C cv2@58.156C/58.375C VDD_IN 19283mW/25803mW/34189mW VDD_CPU_GPU_CV 9717mW/14393mW/21036mW VDD_SOC 4091mW/4858mW/6038mW
08-10-2026 23:48:27 RAM 9302/15599MB (lfb 233x4MB) CPU [45%@1984,100%@1984,0%@1984,1%@1984,0%@1984,0%@1984,100%@1984,100%@1984] GR3D_FREQ 99% cv0@62.906C/62.937C cpu@67.718C/67.718C soc2@60.843C/60.843C soc0@62.625C/62.625C cv1@62.656C/62.656C gpu@70.625C/70.625C tj@70.625C/70.625C soc1@60.593C/60.656C cv2@58.531C/58.531C VDD_IN 29547mW/25875mW/34189mW VDD_CPU_GPU_CV 17543mW/14454mW/21036mW VDD_SOC 5144mW/4864mW/6038mW
08-10-2026 23:48:28 RAM 9362/15599MB (lfb 233x4MB) CPU [100%@1984,48%@1984,19%@1984,0%@1984,0%@1984,0%@1984,100%@1984,100%@1984] GR3D_FREQ 99% cv0@62.843C/62.937C cpu@67.625C/67.718C soc2@61.156C/61.156C soc0@62.843C/62.843C cv1@62.781C/62.781C gpu@71.312C/71.312C tj@71.312C/71.312C soc1@60.812C/60.812C cv2@58.75C/58.75C VDD_IN 31791mW/25987mW/34189mW VDD_CPU_GPU_CV 19554mW/14550mW/21036mW VDD_SOC 5016mW/4867mW/6038mW
08-10-2026 23:48:28 RAM 9409/15599MB (lfb 233x4MB) CPU [100%@1984,0%@1984,67%@1984,0%@1984,0%@1984,0%@1984,100%@1984,100%@1984] GR3D_FREQ 99% cv0@63.218C/63.218C cpu@67.875C/67.875C soc2@61.375C/61.375C soc0@63.093C/63.093C cv1@63.031C/63.031C gpu@71.687C/71.687C tj@71.687C/71.687C soc1@61.125C/61.125C cv2@58.937C/58.937C VDD_IN 32756mW/26112mW/34189mW VDD_CPU_GPU_CV 20316mW/14657mW/21036mW VDD_SOC 4935mW/4868mW/6038mW
08-10-2026 23:48:29 RAM 9456/15599MB (lfb 233x4MB) CPU [100%@1984,0%@1984,68%@1984,1%@1984,0%@1984,0%@1984,100%@1984,100%@1984] GR3D_FREQ 95% cv0@63.281C/63.281C cpu@68.062C/68.062C soc2@61.625C/61.625C soc0@63.375C/63.375C cv1@63.312C/63.312C gpu@71.218C/71.687C tj@71.218C/71.687C soc1@61.218C/61.218C cv2@59.156C/59.156C VDD_IN 32917mW/26236mW/34189mW VDD_CPU_GPU_CV 20395mW/14761mW/21036mW VDD_SOC 4935mW/4869mW/6038mW
08-10-2026 23:48:29 RAM 11488/15599MB (lfb 42x4MB) CPU [100%@1984,0%@1984,98%@1984,2%@1984,0%@1984,0%@1984,100%@1984,100%@1984] GR3D_FREQ 99% cv0@63.531C/63.531C cpu@68.468C/68.468C soc2@61.906C/61.906C soc0@63.656C/63.656C cv1@63.468C/63.468C gpu@71.75C/71.75C tj@71.75C/71.75C soc1@61.281C/61.281C cv2@59.281C/59.281C VDD_IN 33278mW/26362mW/34189mW VDD_CPU_GPU_CV 20712mW/14867mW/21036mW VDD_SOC 5216mW/4875mW/6038mW
08-10-2026 23:48:30 RAM 12259/15599MB (lfb 13x4MB) CPU [100%@1984,0%@1984,100%@1984,0%@1984,0%@1984,0%@1984,100%@1984,100%@1984] GR3D_FREQ 99% cv0@63.875C/63.875C cpu@68.812C/68.812C soc2@62.031C/62.031C soc0@63.812C/63.812C cv1@63.593C/63.593C gpu@71.843C/71.843C tj@71.843C/71.843C soc1@61.437C/61.437C cv2@59.5C/59.5C VDD_IN 32716mW/26473mW/34189mW VDD_CPU_GPU_CV 20038mW/14958mW/21036mW VDD_SOC 5337mW/4883mW/6038mW
08-10-2026 23:48:30 RAM 12309/15599MB (lfb 12x4MB) CPU [100%@1984,1%@1984,64%@1984,0%@1984,0%@1984,62%@1984,100%@1984,100%@1984] GR3D_FREQ 99% cv0@64.25C/64.25C cpu@69.031C/69.031C soc2@62.25C/62.25C soc0@63.937C/63.937C cv1@64.156C/64.156C gpu@71.968C/71.968C tj@71.968C/71.968C soc1@61.656C/61.656C cv2@59.843C/59.843C VDD_IN 32274mW/26573mW/34189mW VDD_CPU_GPU_CV 20474mW/15053mW/21036mW VDD_SOC 5056mW/4886mW/6038mW
08-10-2026 23:48:31 RAM 12406/15599MB (lfb 2x4MB) CPU [100%@1984,0%@1984,55%@1984,0%@1984,0%@1984,100%@1984,100%@1984,100%@1984] GR3D_FREQ 99% cv0@64.406C/64.406C cpu@69.187C/69.187C soc2@62.375C/62.375C soc0@64C/64C cv1@64.156C/64.156C gpu@72.25C/72.25C tj@72.25C/72.25C soc1@61.875C/61.875C cv2@59.875C/59.875C VDD_IN 32113mW/26667mW/34189mW VDD_CPU_GPU_CV 20593mW/15147mW/21036mW VDD_SOC 4895mW/4887mW/6038mW
08-10-2026 23:48:31 RAM 12426/15599MB (lfb 1x4MB) CPU [100%@1984,84%@1984,20%@1984,1%@1984,0%@1984,17%@1984,100%@1984,100%@1984] GR3D_FREQ 99% cv0@64.843C/64.843C cpu@69.5C/69.5C soc2@62.656C/62.656C soc0@64.375C/64.375C cv1@64.343C/64.343C gpu@71.531C/72.25C tj@71.531C/72.25C soc1@61.937C/61.937C cv2@60.031C/60.031C VDD_IN 31269mW/26744mW/34189mW VDD_CPU_GPU_CV 19673mW/15223mW/21036mW VDD_SOC 5024mW/4889mW/6038mW
08-10-2026 23:48:32 RAM 12426/15599MB (lfb 1x4MB) CPU [100%@1984,100%@1984,100%@1984,0%@1984,0%@1984,0%@1984,100%@1984,100%@1984] GR3D_FREQ 99% cv0@65.062C/65.062C cpu@69.75C/69.75C soc2@62.875C/62.875C soc0@64.468C/64.468C cv1@64.375C/64.375C gpu@71.656C/72.25C tj@71.375C/72.25C soc1@62.093C/62.093C cv2@60.25C/60.25C VDD_IN 31148mW/26816mW/34189mW VDD_CPU_GPU_CV 18908mW/15283mW/21036mW VDD_SOC 5224mW/4894mW/6038mW
08-10-2026 23:48:32 RAM 12424/15599MB (lfb 1x4MB) CPU [100%@1984,100%@1984,100%@1984,0%@1984,0%@1984,1%@1984,100%@1984,100%@1984] GR3D_FREQ 99% cv0@65.312C/65.312C cpu@69.75C/69.75C soc2@63C/63C soc0@64.468C/64.468C cv1@64.437C/64.437C gpu@71.468C/72.25C tj@71.468C/72.25C soc1@62.25C/62.25C cv2@60.406C/60.406C VDD_IN 31068mW/26884mW/34189mW VDD_CPU_GPU_CV 18590mW/15336mW/21036mW VDD_SOC 5296mW/4901mW/6038mW
08-10-2026 23:48:33 RAM 12424/15599MB (lfb 1x4MB) CPU [100%@1984,100%@1984,100%@1984,0%@1984,0%@1984,0%@1984,100%@1984,100%@1984] GR3D_FREQ 99% cv0@65.343C/65.343C cpu@69.75C/69.75C soc2@63.093C/63.093C soc0@64.593C/64.593C cv1@64.593C/64.593C gpu@71.687C/72.25C tj@71.687C/72.25C soc1@62.343C/62.343C cv2@60.5C/60.5C VDD_IN 31068mW/26951mW/34189mW VDD_CPU_GPU_CV 18431mW/15385mW/21036mW VDD_SOC 5337mW/4908mW/6038mW
08-10-2026 23:48:33 RAM 12424/15599MB (lfb 1x4MB) CPU [100%@1984,100%@1984,100%@1984,0%@1984,0%@1984,0%@1984,100%@1984,100%@1984] GR3D_FREQ 99% cv0@65.468C/65.468C cpu@70.031C/70.031C soc2@63.218C/63.218C soc0@64.906C/64.906C cv1@64.75C/64.75C gpu@71.562C/72.25C tj@71.562C/72.25C soc1@62.531C/62.531C cv2@60.593C/60.593C VDD_IN 31068mW/27015mW/34189mW VDD_CPU_GPU_CV 18431mW/15433mW/21036mW VDD_SOC 5337mW/4915mW/6038mW
08-10-2026 23:48:34 RAM 12424/15599MB (lfb 1x4MB) CPU [100%@1984,100%@1984,100%@1984,0%@1984,0%@1984,0%@1984,100%@1984,100%@1984] GR3D_FREQ 99% cv0@65.562C/65.562C cpu@69.937C/70.031C soc2@63.375C/63.375C soc0@64.937C/64.937C cv1@64.843C/64.843C gpu@72.156C/72.25C tj@72.156C/72.25C soc1@62.625C/62.625C cv2@60.75C/60.75C VDD_IN 31108mW/27078mW/34189mW VDD_CPU_GPU_CV 18470mW/15480mW/21036mW VDD_SOC 5337mW/4921mW/6038mW
08-10-2026 23:48:34 RAM 12424/15599MB (lfb 1x4MB) CPU [100%@1984,100%@1984,100%@1984,0%@1984,0%@1984,0%@1984,100%@1984,100%@1984] GR3D_FREQ 99% cv0@65.843C/65.843C cpu@70.25C/70.25C soc2@63.406C/63.406C soc0@65.062C/65.062C cv1@65C/65C gpu@71.875C/72.25C tj@71.875C/72.25C soc1@62.656C/62.656C cv2@61.125C/61.125C VDD_IN 30988mW/27137mW/34189mW VDD_CPU_GPU_CV 18391mW/15524mW/21036mW VDD_SOC 5337mW/4927mW/6038mW
08-10-2026 23:48:35 RAM 12424/15599MB (lfb 1x4MB) CPU [100%@1984,100%@1984,100%@1984,0%@1984,0%@1984,0%@1984,100%@1984,100%@1984] GR3D_FREQ 99% cv0@65.843C/65.843C cpu@70.25C/70.25C soc2@63.562C/63.562C soc0@65.125C/65.125C cv1@65.125C/65.125C gpu@72.156C/72.25C tj@72.156C/72.25C soc1@62.968C/62.968C cv2@61.125C/61.125C VDD_IN 31148mW/27197mW/34189mW VDD_CPU_GPU_CV 18470mW/15568mW/21036mW VDD_SOC 5345mW/4934mW/6038mW
08-10-2026 23:48:35 RAM 12424/15599MB (lfb 1x4MB) CPU [100%@1984,100%@1984,100%@1984,0%@1984,0%@1984,0%@1984,100%@1984,100%@1984] GR3D_FREQ 99% cv0@65.906C/65.906C cpu@70.593C/70.593C soc2@63.625C/63.625C soc0@65.156C/65.156C cv1@65.281C/65.281C gpu@72C/72.25C tj@72C/72.25C soc1@62.968C/62.968C cv2@61.093C/61.125C VDD_IN 31077mW/27254mW/34189mW VDD_CPU_GPU_CV 18311mW/15608mW/21036mW VDD_SOC 5337mW/4939mW/6038mW
08-10-2026 23:48:36 RAM 12424/15599MB (lfb 1x4MB) CPU [100%@1984,100%@1984,100%@1984,0%@1984,0%@1984,0%@1984,100%@1984,100%@1984] GR3D_FREQ 99% cv0@66.031C/66.031C cpu@70.437C/70.593C soc2@63.875C/63.875C soc0@65.406C/65.406C cv1@65.343C/65.343C gpu@72.125C/72.25C tj@72.125C/72.25C soc1@63.093C/63.093C cv2@61.25C/61.25C VDD_IN 31148mW/27311mW/34189mW VDD_CPU_GPU_CV 18470mW/15650mW/21036mW VDD_SOC 5337mW/4945mW/6038mW
08-10-2026 23:48:36 RAM 12424/15599MB (lfb 1x4MB) CPU [100%@1984,100%@1984,100%@1984,1%@1984,0%@1984,0%@1984,100%@1984,100%@1984] GR3D_FREQ 99% cv0@66.281C/66.281C cpu@70.75C/70.75C soc2@63.937C/63.937C soc0@65.5C/65.5C cv1@65.406C/65.406C gpu@72.187C/72.25C tj@72.187C/72.25C soc1@63.218C/63.218C cv2@61.375C/61.375C VDD_IN 31068mW/27364mW/34189mW VDD_CPU_GPU_CV 18431mW/15689mW/21036mW VDD_SOC 5377mW/4951mW/6038mW
08-10-2026 23:48:37 RAM 12423/15599MB (lfb 1x4MB) CPU [100%@1984,100%@1984,100%@1984,0%@1984,0%@1984,0%@1984,100%@1984,100%@1984] GR3D_FREQ 99% cv0@66.343C/66.343C cpu@70.687C/70.75C soc2@64.031C/64.031C soc0@65.468C/65.5C cv1@65.5C/65.5C gpu@72.25C/72.25C tj@72.25C/72.25C soc1@63.406C/63.406C cv2@61.5C/61.5C VDD_IN 31068mW/27417mW/34189mW VDD_CPU_GPU_CV 18510mW/15729mW/21036mW VDD_SOC 5337mW/4957mW/6038mW
08-10-2026 23:48:37 RAM 12423/15599MB (lfb 1x4MB) CPU [100%@1984,100%@1984,100%@1984,0%@1984,0%@1984,0%@1984,100%@1984,100%@1984] GR3D_FREQ 99% cv0@66.437C/66.437C cpu@70.781C/70.781C soc2@64.031C/64.031C soc0@65.875C/65.875C cv1@65.687C/65.687C gpu@72.375C/72.375C tj@72.375C/72.375C soc1@63.468C/63.468C cv2@61.593C/61.593C VDD_IN 31068mW/27467mW/34189mW VDD_CPU_GPU_CV 18470mW/15767mW/21036mW VDD_SOC 5337mW/4962mW/6038mW
08-10-2026 23:48:38 RAM 12423/15599MB (lfb 1x4MB) CPU [100%@1984,100%@1984,100%@1984,0%@1984,0%@1984,0%@1984,100%@1984,100%@1984] GR3D_FREQ 99% cv0@66.5C/66.5C cpu@71C/71C soc2@64.375C/64.375C soc0@65.875C/65.875C cv1@65.843C/65.843C gpu@72C/72.375C tj@72C/72.375C soc1@63.531C/63.531C cv2@61.812C/61.812C VDD_IN 30997mW/27516mW/34189mW VDD_CPU_GPU_CV 18311mW/15802mW/21036mW VDD_SOC 5337mW/4967mW/6038mW
08-10-2026 23:48:38 RAM 12425/15599MB (lfb 1x4MB) CPU [100%@1984,100%@1984,100%@1984,1%@1984,1%@1984,78%@1984,100%@1984,100%@1984] GR3D_FREQ 99% cv0@66.812C/66.812C cpu@71.375C/71.375C soc2@64.343C/64.375C soc0@65.875C/65.875C cv1@66.187C/66.187C gpu@72.406C/72.406C tj@72.531C/72.531C soc1@63.593C/63.593C cv2@62C/62C VDD_IN 30554mW/27557mW/34189mW VDD_CPU_GPU_CV 18192mW/15834mW/21036mW VDD_SOC 5265mW/4971mW/6038mW
08-10-2026 23:48:39 RAM 11523/15599MB (lfb 95x4MB) CPU [100%@1984,100%@1984,100%@1984,60%@1984,0%@1984,100%@1984,100%@1984,100%@1984] GR3D_FREQ 99% cv0@66.812C/66.812C cpu@71.437C/71.437C soc2@64.468C/64.468C soc0@65.906C/65.906C cv1@66.187C/66.187C gpu@73.156C/73.156C tj@73.156C/73.156C soc1@63.718C/63.718C cv2@62C/62C VDD_IN 31037mW/27603mW/34189mW VDD_CPU_GPU_CV 18948mW/15876mW/21036mW VDD_SOC 5064mW/4973mW/6038mW
08-10-2026 23:48:39 RAM 10414/15599MB (lfb 95x4MB) CPU [100%@1984,100%@1984,100%@1984,30%@1984,0%@1984,100%@1984,100%@1984,100%@1984] GR3D_FREQ 99% cv0@66.968C/66.968C cpu@71.406C/71.437C soc2@64.531C/64.531C soc0@66.312C/66.312C cv1@66.343C/66.343C gpu@73.593C/73.593C tj@73.593C/73.593C soc1@63.937C/63.937C cv2@62.156C/62.156C VDD_IN 31751mW/27658mW/34189mW VDD_CPU_GPU_CV 19951mW/15929mW/21036mW VDD_SOC 4895mW/4971mW/6038mW
08-10-2026 23:48:40 RAM 8451/15599MB (lfb 157x4MB) CPU [100%@1984,100%@1984,64%@1984,35%@1984,0%@1984,100%@1984,100%@1984,100%@1984] GR3D_FREQ 99% cv0@67.125C/67.125C cpu@71.562C/71.562C soc2@64.75C/64.75C soc0@66.343C/66.343C cv1@66.562C/66.562C gpu@73.593C/73.593C tj@73.593C/73.593C soc1@63.968C/63.968C cv2@62.187C/62.187C VDD_IN 31791mW/27711mW/34189mW VDD_CPU_GPU_CV 20229mW/15985mW/21036mW VDD_SOC 4775mW/4969mW/6038mW
08-10-2026 23:48:40 RAM 8601/15599MB (lfb 154x4MB) CPU [100%@1984,100%@1984,100%@1984,0%@1984,0%@1984,100%@1984,100%@1984,100%@1984] GR3D_FREQ 99% cv0@67.062C/67.125C cpu@71.843C/71.843C soc2@64.812C/64.812C soc0@66.531C/66.531C cv1@66.625C/66.625C gpu@73.625C/73.625C tj@73.625C/73.625C soc1@64.062C/64.062C cv2@62.343C/62.343C VDD_IN 31872mW/27765mW/34189mW VDD_CPU_GPU_CV 19633mW/16032mW/21036mW VDD_SOC 5056mW/4970mW/6038mW
08-10-2026 23:48:41 RAM 9381/15599MB (lfb 154x4MB) CPU [100%@1984,100%@1984,87%@1984,0%@1984,1%@1984,100%@1984,100%@1984,100%@1984] GR3D_FREQ 99% cv0@67.437C/67.437C cpu@71.812C/71.843C soc2@64.937C/64.937C soc0@66.531C/66.531C cv1@66.75C/66.75C gpu@74.093C/74.093C tj@74.093C/74.093C soc1@64.156C/64.156C cv2@62.531C/62.531C VDD_IN 31872mW/27817mW/34189mW VDD_CPU_GPU_CV 19752mW/16079mW/21036mW VDD_SOC 5056mW/4971mW/6038mW
08-10-2026 23:48:41 RAM 9444/15599MB (lfb 154x4MB) CPU [100%@1984,100%@1984,72%@1984,1%@1984,0%@1984,100%@1984,100%@1984,100%@1984] GR3D_FREQ 99% cv0@67.562C/67.562C cpu@72C/72C soc2@65.062C/65.062C soc0@66.656C/66.656C cv1@66.812C/66.812C gpu@74.093C/74.093C tj@74.093C/74.093C soc1@64.312C/64.312C cv2@62.718C/62.718C VDD_IN 32003mW/27869mW/34189mW VDD_CPU_GPU_CV 20110mW/16130mW/21036mW VDD_SOC 4775mW/4969mW/6038mW
08-10-2026 23:48:42 RAM 9480/15599MB (lfb 152x4MB) CPU [100%@1984,100%@1984,74%@1984,0%@1984,0%@1984,100%@1984,100%@1984,100%@1984] GR3D_FREQ 99% cv0@67.593C/67.593C cpu@72.031C/72.031C soc2@65.218C/65.218C soc0@66.718C/66.718C cv1@66.875C/66.875C gpu@74.218C/74.218C tj@74.218C/74.218C soc1@64.531C/64.531C cv2@62.75C/62.75C VDD_IN 31802mW/27918mW/34189mW VDD_CPU_GPU_CV 19951mW/16177mW/21036mW VDD_SOC 4654mW/4965mW/6038mW
08-10-2026 23:48:42 RAM 9862/15599MB (lfb 151x4MB) CPU [100%@1984,100%@1984,78%@1984,0%@1984,0%@1984,100%@1984,100%@1984,100%@1984] GR3D_FREQ 99% cv0@67.687C/67.687C cpu@72.406C/72.406C soc2@65.156C/65.218C soc0@66.937C/66.937C cv1@67.125C/67.125C gpu@74.312C/74.312C tj@74.312C/74.312C soc1@64.593C/64.593C cv2@62.843C/62.843C VDD_IN 32043mW/27968mW/34189mW VDD_CPU_GPU_CV 20150mW/16225mW/21036mW VDD_SOC 4694mW/4962mW/6038mW
08-10-2026 23:48:43 RAM 11521/15599MB (lfb 105x4MB) CPU [100%@1984,100%@1984,100%@1984,0%@1984,0%@1984,100%@1984,100%@1984,100%@1984] GR3D_FREQ 99% cv0@67.75C/67.75C cpu@72.312C/72.406C soc2@65.437C/65.437C soc0@66.968C/66.968C cv1@67.062C/67.125C gpu@74C/74.312C tj@74C/74.312C soc1@64.562C/64.593C cv2@63.156C/63.156C VDD_IN 32073mW/28017mW/34189mW VDD_CPU_GPU_CV 19911mW/16270mW/21036mW VDD_SOC 5016mW/4962mW/6038mW
08-10-2026 23:48:43 RAM 12289/15599MB (lfb 10x4MB) CPU [100%@1984,100%@1984,100%@1984,1%@1984,0%@1984,100%@1984,100%@1984,100%@1984] GR3D_FREQ 99% cv0@67.906C/67.906C cpu@72.406C/72.406C soc2@65.531C/65.531C soc0@67.031C/67.031C cv1@67.312C/67.312C gpu@74.093C/74.312C tj@74.093C/74.312C soc1@64.75C/64.75C cv2@63.187C/63.187C VDD_IN 31791mW/28062mW/34189mW VDD_CPU_GPU_CV 19474mW/16308mW/21036mW VDD_SOC 5136mW/4964mW/6038mW
08-10-2026 23:48:44 RAM 12334/15599MB (lfb 7x4MB) CPU [100%@1984,100%@1984,56%@1984,0%@1984,0%@1984,100%@1984,100%@1984,100%@1984] GR3D_FREQ 99% cv0@68.156C/68.156C cpu@72.531C/72.531C soc2@65.687C/65.687C soc0@67.218C/67.218C cv1@67.406C/67.406C gpu@74.656C/74.656C tj@74.656C/74.656C soc1@64.843C/64.843C cv2@63.25C/63.25C VDD_IN 31923mW/28108mW/34189mW VDD_CPU_GPU_CV 19959mW/16351mW/21036mW VDD_SOC 4855mW/4963mW/6038mW
08-10-2026 23:48:44 RAM 12401/15599MB (lfb 1x2MB) CPU [100%@1984,100%@1984,53%@1984,1%@1984,0%@1984,100%@1984,100%@1984,100%@1984] GR3D_FREQ 99% cv0@68.125C/68.156C cpu@72.593C/72.593C soc2@65.781C/65.781C soc0@67.312C/67.312C cv1@67.531C/67.531C gpu@74.812C/74.812C tj@74.812C/74.812C soc1@65.156C/65.156C cv2@63.312C/63.312C VDD_IN 32285mW/28156mW/34189mW VDD_CPU_GPU_CV 19998mW/16393mW/21036mW VDD_SOC 4735mW/4960mW/6038mW
08-10-2026 23:48:45 RAM 11504/15599MB (lfb 68x4MB) CPU [100%@1984,100%@1984,49%@1984,46%@1984,0%@1984,100%@1984,100%@1984,100%@1984] GR3D_FREQ 96% cv0@68.437C/68.437C cpu@72.968C/72.968C soc2@65.812C/65.812C soc0@67.375C/67.375C cv1@67.625C/67.625C gpu@73.187C/74.812C tj@73.187C/74.812C soc1@65.187C/65.187C cv2@63.437C/63.437C VDD_IN 30795mW/28187mW/34189mW VDD_CPU_GPU_CV 17964mW/16411mW/21036mW VDD_SOC 5224mW/4963mW/6038mW
08-10-2026 23:48:45 RAM 9792/15599MB (lfb 85x4MB) CPU [100%@1984,100%@1984,100%@1984,62%@1984,1%@1984,100%@1984,100%@1984,100%@1984] GR3D_FREQ 97% cv0@68.531C/68.531C cpu@73.156C/73.156C soc2@65.937C/65.937C soc0@67.656C/67.656C cv1@67.906C/67.906C gpu@73.375C/74.812C tj@73.375C/74.812C soc1@65.25C/65.25C cv2@63.625C/63.625C VDD_IN 30433mW/28212mW/34189mW VDD_CPU_GPU_CV 16639mW/16414mW/21036mW VDD_SOC 5827mW/4973mW/6038mW
08-10-2026 23:48:46 RAM 8684/15599MB (lfb 128x4MB) CPU [98%@1984,100%@1984,100%@1984,1%@1984,0%@1984,100%@1984,100%@1984,100%@1984] GR3D_FREQ 99% cv0@68.656C/68.656C cpu@73.375C/73.375C soc2@66.062C/66.062C soc0@67.593C/67.656C cv1@67.968C/67.968C gpu@73.593C/74.812C tj@73.593C/74.812C soc1@65.343C/65.343C cv2@63.781C/63.781C VDD_IN 30030mW/28233mW/34189mW VDD_CPU_GPU_CV 16227mW/16412mW/21036mW VDD_SOC 5908mW/4984mW/6038mW
08-10-2026 23:48:46 RAM 9228/15599MB (lfb 128x4MB) CPU [100%@1984,100%@1984,100%@1984,1%@1984,94%@1984,100%@1984,100%@1984,100%@1984] GR3D_FREQ 99% cv0@69.375C/69.375C cpu@74.187C/74.187C soc2@66.187C/66.187C soc0@67.656C/67.656C cv1@68.343C/68.343C gpu@73.187C/74.812C tj@74.187C/74.812C soc1@65.468C/65.468C cv2@63.843C/63.843C VDD_IN 30312mW/28256mW/34189mW VDD_CPU_GPU_CV 16108mW/16408mW/21036mW VDD_SOC 6149mW/4997mW/6149mW
08-10-2026 23:48:47 RAM 9484/15599MB (lfb 128x4MB) CPU [86%@1984,100%@1984,100%@1984,36%@1984,58%@1984,100%@1984,100%@1984,100%@1984] GR3D_FREQ 99% cv0@68.968C/69.375C cpu@73.562C/74.187C soc2@66.281C/66.281C soc0@67.781C/67.781C cv1@68.25C/68.343C gpu@73.656C/74.812C tj@73.656C/74.812C soc1@65.562C/65.562C cv2@64C/64C VDD_IN 30111mW/28276mW/34189mW VDD_CPU_GPU_CV 16227mW/16406mW/21036mW VDD_SOC 5988mW/5007mW/6149mW
08-10-2026 23:48:47 RAM 9532/15599MB (lfb 128x4MB) CPU [70%@1984,100%@1984,100%@1984,100%@1984,0%@1984,100%@1984,100%@1984,100%@1984] GR3D_FREQ 99% cv0@69C/69.375C cpu@73.562C/74.187C soc2@66.281C/66.281C soc0@67.781C/67.781C cv1@68.25C/68.343C gpu@73.5C/74.812C tj@73.562C/74.812C soc1@65.75C/65.75C cv2@64.093C/64.093C VDD_IN 29869mW/28293mW/34189mW VDD_CPU_GPU_CV 16387mW/16406mW/21036mW VDD_SOC 5827mW/5016mW/6149mW
08-10-2026 23:48:48 RAM 9575/15599MB (lfb 128x4MB) CPU [70%@1984,100%@1984,100%@1984,100%@1984,0%@1984,100%@1984,100%@1984,100%@1984] GR3D_FREQ 99% cv0@69.156C/69.375C cpu@73.718C/74.187C soc2@66.343C/66.343C soc0@68C/68C cv1@68.437C/68.437C gpu@73.75C/74.812C tj@73.75C/74.812C soc1@65.781C/65.781C cv2@64.156C/64.156C VDD_IN 29910mW/28311mW/34189mW VDD_CPU_GPU_CV 16467mW/16407mW/21036mW VDD_SOC 5787mW/5025mW/6149mW
08-10-2026 23:48:48 RAM 11390/15599MB (lfb 43x4MB) CPU [89%@1984,100%@1984,100%@1984,100%@1984,12%@1984,100%@1984,100%@1984,100%@1984] GR3D_FREQ 0% cv0@69.406C/69.406C cpu@74.312C/74.312C soc2@66.406C/66.406C soc0@68C/68C cv1@68.5C/68.5C gpu@72.406C/74.812C tj@74.312C/74.812C soc1@65.812C/65.812C cv2@64.093C/64.156C VDD_IN 28465mW/28312mW/34189mW VDD_CPU_GPU_CV 15375mW/16396mW/21036mW VDD_SOC 5555mW/5030mW/6149mW
08-10-2026 23:48:49 RAM 10668/15599MB (lfb 43x4MB) CPU [100%@1984,100%@1984,100%@1984,100%@1984,74%@1984,100%@1984,100%@1984,100%@1984] GR3D_FREQ 26% cv0@69.25C/69.406C cpu@74.218C/74.312C soc2@66.218C/66.406C soc0@67.937C/68C cv1@68.5C/68.5C gpu@71.218C/74.812C tj@74.218C/74.812C soc1@65.906C/65.906C cv2@64.281C/64.281C VDD_IN 20337mW/28228mW/34189mW VDD_CPU_GPU_CV 10184mW/16330mW/21036mW VDD_SOC 4287mW/5022mW/6149mW
08-10-2026 23:48:49 RAM 8393/15599MB (lfb 154x4MB) CPU [60%@1984,100%@1984,84%@1984,100%@1984,29%@1984,100%@1984,100%@1984,100%@1984] GR3D_FREQ 99% cv0@68.843C/69.406C cpu@73.218C/74.312C soc2@66.093C/66.406C soc0@67.875C/68C cv1@68.312C/68.5C gpu@74.531C/74.812C tj@74.531C/74.812C soc1@65.812C/65.906C cv2@64.187C/64.281C VDD_IN 25724mW/28202mW/34189mW VDD_CPU_GPU_CV 15240mW/16319mW/21036mW VDD_SOC 4394mW/5016mW/6149mW
08-10-2026 23:48:50 RAM 8549/15599MB (lfb 155x4MB) CPU [64%@1984,100%@1984,98%@1984,100%@1984,0%@1984,100%@1984,100%@1984,100%@1984] GR3D_FREQ 99% cv0@68.906C/69.406C cpu@73.5C/74.312C soc2@66.406C/66.406C soc0@68.031C/68.031C cv1@68.312C/68.5C gpu@74.625C/74.812C tj@74.625C/74.812C soc1@65.968C/65.968C cv2@64.187C/64.281C VDD_IN 30151mW/28222mW/34189mW VDD_CPU_GPU_CV 18351mW/16340mW/21036mW VDD_SOC 4943mW/5015mW/6149mW
08-10-2026 23:48:50 RAM 9327/15599MB (lfb 155x4MB) CPU [100%@1984,100%@1984,88%@1984,100%@1984,0%@1984,100%@1984,100%@1984,100%@1984] GR3D_FREQ 99% cv0@69.125C/69.406C cpu@73.687C/74.312C soc2@66.531C/66.531C soc0@68.093C/68.093C cv1@68.5C/68.5C gpu@74.937C/74.937C tj@74.937C/74.937C soc1@66C/66C cv2@64.375C/64.375C VDD_IN 31319mW/28254mW/34189mW VDD_CPU_GPU_CV 18997mW/16367mW/21036mW VDD_SOC 4975mW/5015mW/6149mW
08-10-2026 23:48:51 RAM 9377/15599MB (lfb 155x4MB) CPU [100%@1984,100%@1984,72%@1984,100%@1984,3%@1984,100%@1984,100%@1984,100%@1984] GR3D_FREQ 99% cv0@69.218C/69.406C cpu@73.75C/74.312C soc2@66.781C/66.781C soc0@68.406C/68.406C cv1@68.656C/68.656C gpu@74.906C/74.937C tj@74.906C/74.937C soc1@66.062C/66.062C cv2@64.437C/64.437C VDD_IN 31399mW/28286mW/34189mW VDD_CPU_GPU_CV 19633mW/16400mW/21036mW VDD_SOC 4694mW/5012mW/6149mW
08-10-2026 23:48:51 RAM 9418/15599MB (lfb 152x4MB) CPU [100%@1984,100%@1984,71%@1984,100%@1984,0%@1984,100%@1984,100%@1984,100%@1984] GR3D_FREQ 99% cv0@69.343C/69.406C cpu@73.906C/74.312C soc2@66.843C/66.843C soc0@68.468C/68.468C cv1@68.625C/68.656C gpu@75.156C/75.156C tj@75.156C/75.156C soc1@66.125C/66.125C cv2@64.687C/64.687C VDD_IN 31480mW/28318mW/34189mW VDD_CPU_GPU_CV 19752mW/16434mW/21036mW VDD_SOC 4614mW/5008mW/6149mW
08-10-2026 23:48:52 RAM 9544/15599MB (lfb 151x4MB) CPU [100%@1984,100%@1984,73%@1984,100%@1984,1%@1984,100%@1984,100%@1984,100%@1984] GR3D_FREQ 99% cv0@69.5C/69.5C cpu@74.062C/74.312C soc2@67C/67C soc0@68.593C/68.593C cv1@68.812C/68.812C gpu@75.25C/75.25C tj@75.25C/75.25C soc1@66.281C/66.281C cv2@64.718C/64.718C VDD_IN 31439mW/28349mW/34189mW VDD_CPU_GPU_CV 19633mW/16465mW/21036mW VDD_SOC 4614mW/5004mW/6149mW
08-10-2026 23:48:52 RAM 11478/15599MB (lfb 11x4MB) CPU [100%@1984,100%@1984,100%@1984,100%@1984,0%@1984,100%@1984,100%@1984,100%@1984] GR3D_FREQ 99% cv0@69.531C/69.531C cpu@74.062C/74.312C soc2@67.031C/67.031C soc0@68.593C/68.593C cv1@68.812C/68.812C gpu@75.562C/75.562C tj@75.562C/75.562C soc1@66.437C/66.437C cv2@64.875C/64.875C VDD_IN 31761mW/28382mW/34189mW VDD_CPU_GPU_CV 19752mW/16497mW/21036mW VDD_SOC 4855mW/5002mW/6149mW
08-10-2026 23:48:53 RAM 12248/15599MB (lfb 11x4MB) CPU [100%@1984,100%@1984,100%@1984,100%@1984,0%@1984,100%@1984,100%@1984,100%@1984] GR3D_FREQ 99% cv0@69.625C/69.625C cpu@74.281C/74.312C soc2@67.187C/67.187C soc0@68.812C/68.812C cv1@69C/69C gpu@75.5C/75.562C tj@75.5C/75.562C soc1@66.531C/66.531C cv2@64.968C/64.968C VDD_IN 31923mW/28416mW/34189mW VDD_CPU_GPU_CV 19633mW/16528mW/21036mW VDD_SOC 5056mW/5003mW/6149mW
08-10-2026 23:48:54 RAM 12288/15599MB (lfb 11x4MB) CPU [100%@1984,100%@1984,66%@1984,100%@1984,1%@1984,100%@1984,100%@1984,100%@1984] GR3D_FREQ 99% cv0@69.75C/69.75C cpu@74.593C/74.593C soc2@67.437C/67.437C soc0@68.968C/68.968C cv1@69.125C/69.125C gpu@75.937C/75.937C tj@75.937C/75.937C soc1@66.531C/66.531C cv2@65.062C/65.062C VDD_IN 31721mW/28448mW/34189mW VDD_CPU_GPU_CV 19474mW/16556mW/21036mW VDD_SOC 4815mW/5001mW/6149mW
08-10-2026 23:48:54 RAM 12333/15599MB (lfb 6x4MB) CPU [100%@1984,100%@1984,48%@1984,100%@1984,8%@1984,100%@1984,100%@1984,100%@1984] GR3D_FREQ 99% cv0@70.375C/70.375C cpu@74.843C/74.843C soc2@67.437C/67.437C soc0@69.062C/69.062C cv1@69.312C/69.312C gpu@75.843C/75.937C tj@75.843C/75.937C soc1@66.687C/66.687C cv2@65.25C/65.25C VDD_IN 31681mW/28479mW/34189mW VDD_CPU_GPU_CV 19474mW/16584mW/21036mW VDD_SOC 4654mW/4998mW/6149mW
08-10-2026 23:48:55 RAM 12402/15599MB (lfb 1x4MB) CPU [100%@1984,100%@1984,34%@1984,100%@1984,100%@1984,100%@1984,100%@1984,100%@1984] GR3D_FREQ 99% cv0@70.593C/70.593C cpu@75.093C/75.093C soc2@67.531C/67.531C soc0@69.062C/69.062C cv1@69.5C/69.5C gpu@75.562C/75.937C tj@75.562C/75.937C soc1@66.843C/66.843C cv2@65.375C/65.375C VDD_IN 31489mW/28507mW/34189mW VDD_CPU_GPU_CV 19395mW/16611mW/21036mW VDD_SOC 4534mW/4993mW/6149mW
08-10-2026 23:48:55 RAM 12405/15599MB (lfb 2x2MB) CPU [100%@1984,100%@1984,76%@1984,100%@1984,100%@1984,100%@1984,100%@1984,100%@1984] GR3D_FREQ 99% cv0@70.75C/70.75C cpu@75.25C/75.25C soc2@67.718C/67.718C soc0@69.093C/69.093C cv1@69.625C/69.625C gpu@75.406C/75.937C tj@75.406C/75.937C soc1@66.812C/66.843C cv2@65.437C/65.437C VDD_IN 31319mW/28534mW/34189mW VDD_CPU_GPU_CV 19077mW/16634mW/21036mW VDD_SOC 4975mW/4993mW/6149mW
08-10-2026 23:48:56 RAM 12405/15599MB (lfb 2x2MB) CPU [100%@1984,100%@1984,100%@1984,100%@1984,100%@1984,100%@1984,100%@1984,100%@1984] GR3D_FREQ 99% cv0@70.937C/70.937C cpu@75.468C/75.468C soc2@67.812C/67.812C soc0@69.25C/69.25C cv1@69.781C/69.781C gpu@75.437C/75.937C tj@75.468C/75.937C soc1@67.125C/67.125C cv2@65.562C/65.562C VDD_IN 31319mW/28559mW/34189mW VDD_CPU_GPU_CV 18997mW/16655mW/21036mW VDD_SOC 5104mW/4994mW/6149mW
08-10-2026 23:48:56 RAM 12404/15599MB (lfb 2x2MB) CPU [100%@1984,100%@1984,100%@1984,100%@1984,100%@1984,100%@1984,100%@1984,100%@1984] GR3D_FREQ 99% cv0@71C/71C cpu@75.468C/75.468C soc2@67.875C/67.875C soc0@69.281C/69.281C cv1@69.968C/69.968C gpu@75.75C/75.937C tj@75.75C/75.937C soc1@67.187C/67.187C cv2@65.656C/65.656C VDD_IN 31278mW/28584mW/34189mW VDD_CPU_GPU_CV 18997mW/16677mW/21036mW VDD_SOC 5176mW/4996mW/6149mW
08-10-2026 23:48:57 RAM 12404/15599MB (lfb 2x2MB) CPU [100%@1984,100%@1984,100%@1984,100%@1984,100%@1984,100%@1984,100%@1984,100%@1984] GR3D_FREQ 99% cv0@71.062C/71.062C cpu@75.656C/75.656C soc2@68C/68C soc0@69.562C/69.562C cv1@70.031C/70.031C gpu@75.593C/75.937C tj@75.656C/75.937C soc1@67.25C/67.25C cv2@65.718C/65.718C VDD_IN 31359mW/28610mW/34189mW VDD_CPU_GPU_CV 19037mW/16698mW/21036mW VDD_SOC 5176mW/4997mW/6149mW
08-10-2026 23:48:57 RAM 12403/15599MB (lfb 2x2MB) CPU [100%@1984,100%@1984,100%@1984,100%@1984,100%@1984,100%@1984,100%@1984,100%@1984] GR3D_FREQ 99% cv0@71.187C/71.187C cpu@75.906C/75.906C soc2@68.156C/68.156C soc0@69.625C/69.625C cv1@70.218C/70.218C gpu@75.906C/75.937C tj@75.906C/75.937C soc1@67.406C/67.406C cv2@65.781C/65.781C VDD_IN 31399mW/28635mW/34189mW VDD_CPU_GPU_CV 18997mW/16719mW/21036mW VDD_SOC 5216mW/4999mW/6149mW
08-10-2026 23:48:58 RAM 12403/15599MB (lfb 2x2MB) CPU [100%@1984,100%@1984,100%@1984,100%@1984,100%@1984,100%@1984,100%@1984,100%@1984] GR3D_FREQ 99% cv0@71.218C/71.218C cpu@76.125C/76.125C soc2@68.25C/68.25C soc0@69.718C/69.718C cv1@70.218C/70.218C gpu@76C/76C tj@76.125C/76.125C soc1@67.343C/67.406C cv2@65.875C/65.875C VDD_IN 31319mW/28659mW/34189mW VDD_CPU_GPU_CV 18878mW/16738mW/21036mW VDD_SOC 5184mW/5001mW/6149mW
08-10-2026 23:48:58 RAM 12402/15599MB (lfb 2x2MB) CPU [100%@1984,100%@1984,100%@1984,100%@1984,100%@1984,100%@1984,100%@1984,100%@1984] GR3D_FREQ 99% cv0@71.312C/71.312C cpu@76C/76.125C soc2@68.343C/68.343C soc0@69.75C/69.75C cv1@70.312C/70.312C gpu@75.781C/76C tj@76C/76.125C soc1@67.468C/67.468C cv2@66.031C/66.031C VDD_IN 31319mW/28682mW/34189mW VDD_CPU_GPU_CV 18878mW/16757mW/21036mW VDD_SOC 5216mW/5003mW/6149mW
08-10-2026 23:48:59 RAM 12402/15599MB (lfb 2x2MB) CPU [100%@1984,100%@1984,100%@1984,100%@1984,100%@1984,100%@1984,100%@1984,100%@1984] GR3D_FREQ 99% cv0@71.593C/71.593C cpu@76.125C/76.125C soc2@68.375C/68.375C soc0@69.75C/69.75C cv1@70.375C/70.375C gpu@76.062C/76.062C tj@76.125C/76.125C soc1@67.593C/67.593C cv2@66.125C/66.125C VDD_IN 31389mW/28706mW/34189mW VDD_CPU_GPU_CV 19107mW/16778mW/21036mW VDD_SOC 5216mW/5005mW/6149mW
08-10-2026 23:48:59 RAM 12400/15599MB (lfb 3x2MB) CPU [100%@1984,100%@1984,100%@1984,100%@1984,100%@1984,100%@1984,100%@1984,100%@1984] GR3D_FREQ 99% cv0@71.656C/71.656C cpu@76.093C/76.125C soc2@68.468C/68.468C soc0@69.812C/69.812C cv1@70.468C/70.468C gpu@75.968C/76.062C tj@76.25C/76.25C soc1@67.687C/67.687C cv2@66.312C/66.312C VDD_IN 31269mW/28728mW/34189mW VDD_CPU_GPU_CV 18948mW/16797mW/21036mW VDD_SOC 5216mW/5007mW/6149mW
08-10-2026 23:49:00 RAM 12400/15599MB (lfb 3x2MB) CPU [100%@1984,100%@1984,100%@1984,100%@1984,100%@1984,100%@1984,100%@1984,100%@1984] GR3D_FREQ 99% cv0@71.656C/71.656C cpu@76.218C/76.218C soc2@68.531C/68.531C soc0@69.968C/69.968C cv1@70.562C/70.562C gpu@76.093C/76.093C tj@76.218C/76.25C soc1@67.718C/67.718C cv2@66.406C/66.406C VDD_IN 31309mW/28751mW/34189mW VDD_CPU_GPU_CV 19028mW/16816mW/21036mW VDD_SOC 5216mW/5008mW/6149mW
08-10-2026 23:49:00 RAM 12400/15599MB (lfb 3x2MB) CPU [100%@1984,100%@1984,100%@1984,100%@1984,100%@1984,100%@1984,100%@1984,100%@1984] GR3D_FREQ 99% cv0@71.718C/71.718C cpu@76.187C/76.218C soc2@68.625C/68.625C soc0@70C/70C cv1@70.531C/70.562C gpu@76.218C/76.218C tj@76.218C/76.25C soc1@68.031C/68.031C cv2@66.5C/66.5C VDD_IN 31278mW/28772mW/34189mW VDD_CPU_GPU_CV 18918mW/16834mW/21036mW VDD_SOC 5216mW/5010mW/6149mW
08-10-2026 23:49:01 RAM 12400/15599MB (lfb 3x2MB) CPU [100%@1984,100%@1984,100%@1984,100%@1984,100%@1984,100%@1984,100%@1984,100%@1984] GR3D_FREQ 99% cv0@71.812C/71.812C cpu@76.281C/76.281C soc2@68.718C/68.718C soc0@70.062C/70.062C cv1@70.687C/70.687C gpu@76.281C/76.281C tj@76.281C/76.281C soc1@68.062C/68.062C cv2@66.593C/66.593C VDD_IN 31480mW/28795mW/34189mW VDD_CPU_GPU_CV 19037mW/16853mW/21036mW VDD_SOC 5216mW/5012mW/6149mW
08-10-2026 23:49:01 RAM 12400/15599MB (lfb 3x2MB) CPU [100%@1984,100%@1984,100%@1984,100%@1984,100%@1984,100%@1984,100%@1984,100%@1984] GR3D_FREQ 99% cv0@71.812C/71.812C cpu@76.718C/76.718C soc2@68.781C/68.781C soc0@70.312C/70.312C cv1@71C/71C gpu@76.281C/76.281C tj@76.718C/76.718C soc1@68.093C/68.093C cv2@66.656C/66.656C VDD_IN 31359mW/28817mW/34189mW VDD_CPU_GPU_CV 18918mW/16870mW/21036mW VDD_SOC 5216mW/5014mW/6149mW
08-10-2026 23:49:02 RAM 12401/15599MB (lfb 1x2MB) CPU [100%@1984,100%@1984,100%@1984,100%@1984,100%@1984,100%@1984,100%@1984,100%@1984] GR3D_FREQ 99% cv0@72.062C/72.062C cpu@76.531C/76.718C soc2@68.968C/68.968C soc0@70.343C/70.343C cv1@70.968C/71C gpu@76.468C/76.468C tj@76.531C/76.718C soc1@68.031C/68.093C cv2@66.718C/66.718C VDD_IN 31319mW/28838mW/34189mW VDD_CPU_GPU_CV 18918mW/16887mW/21036mW VDD_SOC 5216mW/5015mW/6149mW
08-10-2026 23:49:02 RAM 12312/15599MB (lfb 4x4MB) CPU [100%@1984,100%@1984,100%@1984,100%@1984,100%@1984,100%@1984,100%@1984,100%@1984] GR3D_FREQ 99% cv0@71.906C/72.062C cpu@76.625C/76.718C soc2@69.031C/69.031C soc0@70.437C/70.437C cv1@70.937C/71C gpu@77C/77C tj@77C/77C soc1@68.218C/68.218C cv2@66.781C/66.781C VDD_IN 31359mW/28858mW/34189mW VDD_CPU_GPU_CV 19077mW/16905mW/21036mW VDD_SOC 5104mW/5016mW/6149mW
08-10-2026 23:49:03 RAM 11475/15599MB (lfb 86x4MB) CPU [100%@1984,100%@1984,100%@1984,100%@1984,100%@1984,100%@1984,100%@1984,100%@1984] GR3D_FREQ 99% cv0@71.781C/72.062C cpu@76.687C/76.718C soc2@69.093C/69.093C soc0@70.531C/70.531C cv1@71.031C/71.031C gpu@77.281C/77.281C tj@77.281C/77.281C soc1@68.25C/68.25C cv2@66.843C/66.843C VDD_IN 31520mW/28880mW/34189mW VDD_CPU_GPU_CV 19832mW/16929mW/21036mW VDD_SOC 4775mW/5014mW/6149mW
08-10-2026 23:49:03 RAM 9658/15599MB (lfb 89x4MB) CPU [100%@1984,100%@1984,100%@1984,100%@1984,100%@1984,100%@1984,100%@1984,100%@1984] GR3D_FREQ 99% cv0@71.875C/72.062C cpu@76.656C/76.718C soc2@69.156C/69.156C soc0@70.625C/70.625C cv1@71.062C/71.062C gpu@77.625C/77.625C tj@77.625C/77.625C soc1@68.375C/68.375C cv2@66.843C/66.843C VDD_IN 31761mW/28904mW/34189mW VDD_CPU_GPU_CV 20189mW/16956mW/21036mW VDD_SOC 4735mW/5012mW/6149mW
08-10-2026 23:49:04 RAM 8356/15599MB (lfb 121x4MB) CPU [100%@1984,100%@1984,100%@1984,100%@1984,100%@1984,100%@1984,100%@1984,100%@1984] GR3D_FREQ 99% cv0@71.937C/72.062C cpu@76.468C/76.718C soc2@69.093C/69.156C soc0@70.812C/70.812C cv1@71C/71.062C gpu@77.906C/77.906C tj@77.906C/77.906C soc1@68.468C/68.468C cv2@67.062C/67.062C VDD_IN 31802mW/28927mW/34189mW VDD_CPU_GPU_CV 20189mW/16982mW/21036mW VDD_SOC 4694mW/5009mW/6149mW
08-10-2026 23:49:04 RAM 8649/15599MB (lfb 121x4MB) CPU [100%@1984,100%@1984,100%@1984,100%@1984,100%@1984,100%@1984,100%@1984,100%@1984] GR3D_FREQ 99% cv0@72.062C/72.062C cpu@77.093C/77.093C soc2@69.281C/69.281C soc0@70.843C/70.843C cv1@71.218C/71.218C gpu@77.593C/77.906C tj@77.593C/77.906C soc1@68.531C/68.531C cv2@67.156C/67.156C VDD_IN 31641mW/28949mW/34189mW VDD_CPU_GPU_CV 20110mW/17007mW/21036mW VDD_SOC 4694mW/5007mW/6149mW
08-10-2026 23:49:05 RAM 9301/15599MB (lfb 121x4MB) CPU [100%@1984,100%@1984,100%@1984,100%@1984,100%@1984,100%@1984,100%@1984,100%@1984] GR3D_FREQ 99% cv0@72.281C/72.281C cpu@77C/77.093C soc2@69.375C/69.375C soc0@70.937C/70.937C cv1@71.375C/71.375C gpu@77.468C/77.906C tj@77.468C/77.906C soc1@68.531C/68.531C cv2@67.437C/67.437C VDD_IN 32164mW/28974mW/34189mW VDD_CPU_GPU_CV 20070mW/17031mW/21036mW VDD_SOC 4975mW/5007mW/6149mW
08-10-2026 23:49:05 RAM 9337/15599MB (lfb 121x4MB) CPU [100%@1984,100%@1984,100%@1984,100%@1984,100%@1984,100%@1984,100%@1984,100%@1984] GR3D_FREQ 99% cv0@72.406C/72.406C cpu@77.062C/77.093C soc2@69.375C/69.375C soc0@70.937C/70.937C cv1@71.437C/71.437C gpu@77.75C/77.906C tj@77.75C/77.906C soc1@68.718C/68.718C cv2@67.343C/67.437C VDD_IN 31963mW/28998mW/34189mW VDD_CPU_GPU_CV 20110mW/17055mW/21036mW VDD_SOC 4775mW/5005mW/6149mW
08-10-2026 23:49:06 RAM 9375/15599MB (lfb 121x4MB) CPU [100%@1984,98%@1984,100%@1984,100%@1984,100%@1984,100%@1984,100%@1984,100%@1984] GR3D_FREQ 99% cv0@72.5C/72.5C cpu@76.968C/77.093C soc2@69.562C/69.562C soc0@71.218C/71.218C cv1@71.5C/71.5C gpu@77.906C/77.906C tj@77.906C/77.906C soc1@68.718C/68.718C cv2@67.375C/67.437C VDD_IN 31802mW/29020mW/34189mW VDD_CPU_GPU_CV 20189mW/17080mW/21036mW VDD_SOC 4614mW/5002mW/6149mW
08-10-2026 23:49:06 RAM 9391/15599MB (lfb 121x4MB) CPU [100%@1984,100%@1984,100%@1984,100%@1984,100%@1984,100%@1984,100%@1984,100%@1984] GR3D_FREQ 99% cv0@72.625C/72.625C cpu@77.093C/77.093C soc2@69.687C/69.687C soc0@71.125C/71.218C cv1@71.625C/71.625C gpu@78.031C/78.031C tj@78.031C/78.031C soc1@68.875C/68.875C cv2@67.562C/67.562C VDD_IN 31681mW/29040mW/34189mW VDD_CPU_GPU_CV 20189mW/17104mW/21036mW VDD_SOC 4574mW/4998mW/6149mW
08-10-2026 23:49:07 RAM 9417/15599MB (lfb 121x4MB) CPU [100%@1984,100%@1984,100%@1984,96%@1984,100%@1984,100%@1984,100%@1984,100%@1984] GR3D_FREQ 99% cv0@72.593C/72.625C cpu@77.25C/77.25C soc2@69.687C/69.687C soc0@71.281C/71.281C cv1@71.625C/71.625C gpu@78.218C/78.218C tj@78.218C/78.218C soc1@68.937C/68.937C cv2@67.593C/67.593C VDD_IN 31560mW/29060mW/34189mW VDD_CPU_GPU_CV 20269mW/17128mW/21036mW VDD_SOC 4581mW/4995mW/6149mW
08-10-2026 23:49:07 RAM 9442/15599MB (lfb 121x4MB) CPU [100%@1984,100%@1984,100%@1984,100%@1984,100%@1984,100%@1984,100%@1984,100%@1984] GR3D_FREQ 99% cv0@72.906C/72.906C cpu@77.312C/77.312C soc2@69.75C/69.75C soc0@71.437C/71.437C cv1@71.843C/71.843C gpu@78.312C/78.312C tj@78.312C/78.312C soc1@68.937C/68.937C cv2@67.718C/67.718C VDD_IN 31560mW/29079mW/34189mW VDD_CPU_GPU_CV 20269mW/17152mW/21036mW VDD_SOC 4541mW/4992mW/6149mW
08-10-2026 23:49:08 RAM 10400/15599MB (lfb 114x4MB) CPU [100%@1984,100%@1984,98%@1984,100%@1984,100%@1984,100%@1984,100%@1984,100%@1984] GR3D_FREQ 99% cv0@72.781C/72.906C cpu@77.343C/77.343C soc2@69.875C/69.875C soc0@71.5C/71.5C cv1@71.781C/71.843C gpu@78.343C/78.343C tj@78.343C/78.343C soc1@69C/69C cv2@67.843C/67.843C VDD_IN 31600mW/29098mW/34189mW VDD_CPU_GPU_CV 20110mW/17175mW/21036mW VDD_SOC 4614mW/4989mW/6149mW
08-10-2026 23:49:08 RAM 11490/15599MB (lfb 88x4MB) CPU [100%@1984,100%@1984,100%@1984,100%@1984,100%@1984,100%@1984,100%@1984,100%@1984] GR3D_FREQ 99% cv0@72.937C/72.937C cpu@77.531C/77.531C soc2@69.937C/69.937C soc0@71.593C/71.593C cv1@71.812C/71.843C gpu@78.437C/78.437C tj@78.437C/78.437C soc1@69.187C/69.187C cv2@67.781C/67.843C VDD_IN 32245mW/29121mW/34189mW VDD_CPU_GPU_CV 20150mW/17197mW/21036mW VDD_SOC 4975mW/4989mW/6149mW
08-10-2026 23:49:09 RAM 12276/15599MB (lfb 9x4MB) CPU [100%@1984,100%@1984,100%@1984,100%@1984,100%@1984,100%@1984,100%@1984,100%@1984] GR3D_FREQ 99% cv0@73.062C/73.062C cpu@77.5C/77.531C soc2@70.125C/70.125C soc0@71.687C/71.687C cv1@71.937C/71.937C gpu@78.312C/78.437C tj@78.312C/78.437C soc1@69.156C/69.187C cv2@68.062C/68.062C VDD_IN 32325mW/29145mW/34189mW VDD_CPU_GPU_CV 19919mW/17217mW/21036mW VDD_SOC 5088mW/4989mW/6149mW
08-10-2026 23:49:09 RAM 12292/15599MB (lfb 9x4MB) CPU [100%@1984,100%@1984,100%@1984,100%@1984,100%@1984,100%@1984,100%@1984,100%@1984] GR3D_FREQ 99% cv0@73.218C/73.218C cpu@77.812C/77.812C soc2@70.156C/70.156C soc0@71.75C/71.75C cv1@72.093C/72.093C gpu@78.468C/78.468C tj@78.468C/78.468C soc1@69.312C/69.312C cv2@68.125C/68.125C VDD_IN 32003mW/29167mW/34189mW VDD_CPU_GPU_CV 20309mW/17240mW/21036mW VDD_SOC 4694mW/4987mW/6149mW
08-10-2026 23:49:10 RAM 12330/15599MB (lfb 8x4MB) CPU [100%@1984,98%@1984,100%@1984,100%@1984,100%@1984,100%@1984,100%@1984,100%@1984] GR3D_FREQ 99% cv0@73.281C/73.281C cpu@77.843C/77.843C soc2@70.218C/70.218C soc0@71.75C/71.75C cv1@72.156C/72.156C gpu@78.593C/78.593C tj@78.593C/78.593C soc1@69.312C/69.312C cv2@68.281C/68.281C VDD_IN 31520mW/29184mW/34189mW VDD_CPU_GPU_CV 20309mW/17263mW/21036mW VDD_SOC 4534mW/4984mW/6149mW
08-10-2026 23:49:10 RAM 11469/15599MB (lfb 6x4MB) CPU [100%@1984,100%@1984,100%@1984,100%@1984,100%@1984,100%@1984,100%@1984,100%@1984] GR3D_FREQ 97% cv0@73.593C/73.593C cpu@78.093C/78.093C soc2@70.187C/70.218C soc0@71.75C/71.75C cv1@72.187C/72.187C gpu@77.406C/78.593C tj@78.093C/78.593C soc1@69.375C/69.375C cv2@68.25C/68.281C VDD_IN 26774mW/29166mW/34189mW VDD_CPU_GPU_CV 16014mW/17254mW/21036mW VDD_SOC 4515mW/4980mW/6149mW
08-10-2026 23:49:11 RAM 9583/15599MB (lfb 13x4MB) CPU [100%@1984,100%@1984,100%@1984,100%@1984,100%@1984,100%@1984,100%@1984,100%@1984] GR3D_FREQ 99% cv0@73.812C/73.812C cpu@78.562C/78.562C soc2@70.375C/70.375C soc0@71.781C/71.781C cv1@72.343C/72.343C gpu@77.656C/78.593C tj@78.562C/78.593C soc1@69.562C/69.562C cv2@68.375C/68.375C VDD_IN 30715mW/29178mW/34189mW VDD_CPU_GPU_CV 17555mW/17256mW/21036mW VDD_SOC 5626mW/4985mW/6149mW
08-10-2026 23:49:11 RAM 8526/15599MB (lfb 75x4MB) CPU [100%@1984,100%@1984,100%@1984,100%@1984,100%@1984,100%@1984,100%@1984,100%@1984] GR3D_FREQ 96% cv0@74.031C/74.031C cpu@78.562C/78.562C soc2@70.562C/70.562C soc0@71.843C/71.843C cv1@72.562C/72.562C gpu@77.781C/78.593C tj@78.562C/78.593C soc1@69.562C/69.562C cv2@68.437C/68.437C VDD_IN 32233mW/29199mW/34189mW VDD_CPU_GPU_CV 18282mW/17263mW/21036mW VDD_SOC 6019mW/4993mW/6149mW
08-10-2026 23:49:12 RAM 9653/15599MB (lfb 75x4MB) CPU [100%@1984,100%@1984,100%@1984,100%@1984,100%@1984,100%@1984,100%@1984,100%@1984] GR3D_FREQ 98% cv0@73.968C/74.031C cpu@78.875C/78.875C soc2@70.593C/70.593C soc0@71.968C/71.968C cv1@72.75C/72.75C gpu@77.812C/78.593C tj@78.875C/78.875C soc1@69.687C/69.687C cv2@68.562C/68.562C VDD_IN 31832mW/29218mW/34189mW VDD_CPU_GPU_CV 17794mW/17267mW/21036mW VDD_SOC 6099mW/5001mW/6149mW
08-10-2026 23:49:12 RAM 10142/15599MB (lfb 75x4MB) CPU [100%@1984,100%@1984,100%@1984,100%@1984,100%@1984,100%@1984,100%@1984,100%@1984] GR3D_FREQ 99% cv0@74.25C/74.25C cpu@78.75C/78.875C soc2@70.781C/70.781C soc0@72.093C/72.093C cv1@72.812C/72.812C gpu@77.718C/78.593C tj@78.75C/78.875C soc1@69.906C/69.906C cv2@68.718C/68.718C VDD_IN 31389mW/29234mW/34189mW VDD_CPU_GPU_CV 17316mW/17267mW/21036mW VDD_SOC 6099mW/5008mW/6149mW
08-10-2026 23:49:13 RAM 10159/15599MB (lfb 75x4MB) CPU [100%@1984,100%@1984,100%@1984,100%@1984,100%@1984,100%@1984,100%@1984,100%@1984] GR3D_FREQ 99% cv0@74.375C/74.375C cpu@78.906C/78.906C soc2@70.75C/70.781C soc0@72.187C/72.187C cv1@72.875C/72.875C gpu@78.156C/78.593C tj@78.906C/78.906C soc1@69.875C/69.906C cv2@68.843C/68.843C VDD_IN 31791mW/29252mW/34189mW VDD_CPU_GPU_CV 17873mW/17272mW/21036mW VDD_SOC 6059mW/5016mW/6149mW
08-10-2026 23:49:13 RAM 10186/15599MB (lfb 75x4MB) CPU [100%@1984,100%@1984,100%@1984,100%@1984,100%@1984,100%@1984,100%@1984,100%@1984] GR3D_FREQ 97% cv0@74.406C/74.406C cpu@79.031C/79.031C soc2@70.968C/70.968C soc0@72.187C/72.187C cv1@73C/73C gpu@78.343C/78.593C tj@79.031C/79.031C soc1@70.125C/70.125C cv2@68.75C/68.843C VDD_IN 32113mW/29272mW/34189mW VDD_CPU_GPU_CV 18202mW/17278mW/21036mW VDD_SOC 6019mW/5023mW/6149mW
08-10-2026 23:49:14 RAM 9782/15599MB (lfb 82x4MB) CPU [100%@1984,100%@1984,100%@1984,100%@1984,100%@1984,100%@1984,100%@1984,100%@1984] GR3D_FREQ 0% cv0@74.218C/74.406C cpu@79.031C/79.031C soc2@70.906C/70.968C soc0@72.437C/72.437C cv1@73.156C/73.156C gpu@76.593C/78.593C tj@79.031C/79.031C soc1@70.093C/70.125C cv2@68.968C/68.968C VDD_IN 28385mW/29266mW/34189mW VDD_CPU_GPU_CV 16094mW/17270mW/21036mW VDD_SOC 5233mW/5024mW/6149mW
08-10-2026 23:49:14 RAM 8605/15599MB (lfb 107x4MB) CPU [100%@1984,100%@1984,100%@1984,100%@1984,100%@1984,100%@1984,100%@1984,100%@1984] GR3D_FREQ 4% cv0@74.031C/74.406C cpu@78.718C/79.031C soc2@70.593C/70.968C soc0@72.125C/72.437C cv1@72.937C/73.156C gpu@75.031C/78.593C tj@78.718C/79.031C soc1@70.218C/70.218C cv2@68.875C/68.968C VDD_IN 18827mW/29194mW/34189mW VDD_CPU_GPU_CV 10563mW/17224mW/21036mW VDD_SOC 3524mW/5014mW/6149mW
08-10-2026 23:49:15 RAM 6456/15599MB (lfb 179x4MB) CPU [100%@1984,100%@1984,100%@1984,100%@1984,100%@1984,100%@1984,100%@1984,100%@1984] GR3D_FREQ 1% cv0@73.906C/74.406C cpu@78.593C/79.031C soc2@70.343C/70.968C soc0@72.093C/72.437C cv1@72.875C/73.156C gpu@74.562C/78.593C tj@78.593C/79.031C soc1@70.156C/70.218C cv2@68.718C/68.968C VDD_IN 15930mW/29103mW/34189mW VDD_CPU_GPU_CV 8642mW/17165mW/21036mW VDD_SOC 3083mW/5001mW/6149mW
08-10-2026 23:49:15 RAM 8785/15599MB (lfb 178x4MB) CPU [100%@1984,100%@1984,100%@1984,100%@1984,100%@1984,100%@1984,100%@1984,100%@1984] GR3D_FREQ 0% cv0@73.468C/74.406C cpu@78.281C/79.031C soc2@70.156C/70.968C soc0@71.906C/72.437C cv1@72.656C/73.156C gpu@74.375C/78.593C tj@78.281C/79.031C soc1@69.968C/70.218C cv2@68.656C/68.968C VDD_IN 16377mW/29016mW/34189mW VDD_CPU_GPU_CV 8278mW/17104mW/21036mW VDD_SOC 3448mW/4990mW/6149mW
08-10-2026 23:49:16 RAM 8906/15599MB (lfb 173x4MB) CPU [100%@1984,100%@1984,100%@1984,100%@1984,100%@1984,100%@1984,100%@1984,100%@1984] GR3D_FREQ 99% cv0@73.437C/74.406C cpu@78.062C/79.031C soc2@70.156C/70.968C soc0@71.843C/72.437C cv1@72.562C/73.156C gpu@77.531C/78.593C tj@77.875C/79.031C soc1@70C/70.218C cv2@68.437C/68.968C VDD_IN 23132mW/28976mW/34189mW VDD_CPU_GPU_CV 13161mW/17078mW/21036mW VDD_SOC 4240mW/4985mW/6149mW
08-10-2026 23:49:16 RAM 9426/15599MB (lfb 173x4MB) CPU [98%@1984,100%@1984,100%@1984,100%@1984,100%@1984,100%@1984,100%@1984,100%@1984] GR3D_FREQ 99% cv0@73.5C/74.406C cpu@78.125C/79.031C soc2@70.5C/70.968C soc0@71.937C/72.437C cv1@72.593C/73.156C gpu@78.531C/78.593C tj@78.531C/79.031C soc1@69.906C/70.218C cv2@68.562C/68.968C VDD_IN 29480mW/28980mW/34189mW VDD_CPU_GPU_CV 17953mW/17084mW/21036mW VDD_SOC 4622mW/4983mW/6149mW
08-10-2026 23:49:17 RAM 9445/15599MB (lfb 172x4MB) CPU [100%@1984,100%@1984,100%@1984,100%@1984,100%@1984,100%@1984,100%@1984,100%@1984] GR3D_FREQ 99% cv0@73.718C/74.406C cpu@78.343C/79.031C soc2@70.593C/70.968C soc0@72.187C/72.437C cv1@72.687C/73.156C gpu@78.718C/78.718C tj@78.75C/79.031C soc1@70C/70.218C cv2@68.656C/68.968C VDD_IN 30885mW/28992mW/34189mW VDD_CPU_GPU_CV 19633mW/17101mW/21036mW VDD_SOC 4541mW/4980mW/6149mW
08-10-2026 23:49:17 RAM 9468/15599MB (lfb 172x4MB) CPU [100%@1984,100%@1984,100%@1984,100%@1984,100%@1984,100%@1984,100%@1984,100%@1984] GR3D_FREQ 99% cv0@73.875C/74.406C cpu@78.25C/79.031C soc2@70.718C/70.968C soc0@72.312C/72.437C cv1@72.843C/73.156C gpu@78.937C/78.937C tj@78.937C/79.031C soc1@70.093C/70.218C cv2@68.843C/68.968C VDD_IN 31449mW/29009mW/34189mW VDD_CPU_GPU_CV 20030mW/17120mW/21036mW VDD_SOC 4534mW/4977mW/6149mW
08-10-2026 23:49:18 RAM 9500/15599MB (lfb 172x4MB) CPU [100%@1984,100%@1984,100%@1984,100%@1984,100%@1984,100%@1984,100%@1984,100%@1984] GR3D_FREQ 99% cv0@73.968C/74.406C cpu@78.5C/79.031C soc2@70.843C/70.968C soc0@72.468C/72.468C cv1@72.968C/73.156C gpu@79.093C/79.093C tj@79.093C/79.093C soc1@70.093C/70.218C cv2@68.781C/68.968C VDD_IN 31641mW/29026mW/34189mW VDD_CPU_GPU_CV 20435mW/17142mW/21036mW VDD_SOC 4534mW/4974mW/6149mW
08-10-2026 23:49:18 RAM 9527/15599MB (lfb 172x4MB) CPU [100%@1984,100%@1984,100%@1984,100%@1984,100%@1984,100%@1984,100%@1984,100%@1984] GR3D_FREQ 99% cv0@74.218C/74.406C cpu@78.656C/79.031C soc2@70.968C/70.968C soc0@72.437C/72.468C cv1@72.968C/73.156C gpu@79.468C/79.468C tj@79.468C/79.468C soc1@70.187C/70.218C cv2@69.156C/69.156C VDD_IN 31691mW/29043mW/34189mW VDD_CPU_GPU_CV 20355mW/17163mW/21036mW VDD_SOC 4494mW/4971mW/6149mW
08-10-2026 23:49:19 RAM 9553/15599MB (lfb 172x4MB) CPU [100%@1984,100%@1984,100%@1984,100%@1984,100%@1984,100%@1984,100%@1984,100%@1984] GR3D_FREQ 99% cv0@74.156C/74.406C cpu@78.562C/79.031C soc2@71.062C/71.062C soc0@72.593C/72.593C cv1@73C/73.156C gpu@79.562C/79.562C tj@79.562C/79.562C soc1@70.281C/70.281C cv2@69.125C/69.156C VDD_IN 31812mW/29061mW/34189mW VDD_CPU_GPU_CV 20316mW/17183mW/21036mW VDD_SOC 4494mW/4967mW/6149mW
08-10-2026 23:49:19 RAM 11588/15599MB (lfb 35x4MB) CPU [100%@1984,100%@1984,100%@1984,100%@1984,100%@1984,100%@1984,100%@1984,100%@1984] GR3D_FREQ 99% cv0@74.093C/74.406C cpu@78.5C/79.031C soc2@71.062C/71.062C soc0@72.656C/72.656C cv1@73.062C/73.156C gpu@79.875C/79.875C tj@79.875C/79.875C soc1@70.343C/70.343C cv2@69.187C/69.187C VDD_IN 31963mW/29080mW/34189mW VDD_CPU_GPU_CV 20435mW/17204mW/21036mW VDD_SOC 4654mW/4965mW/6149mW
08-10-2026 23:49:20 RAM 11590/15599MB (lfb 35x4MB) CPU [100%@1984,100%@1984,100%@1984,100%@1984,100%@1984,100%@1984,100%@1984,100%@1984] GR3D_FREQ 99% cv0@74.156C/74.406C cpu@78.906C/79.031C soc2@71.156C/71.156C soc0@72.718C/72.718C cv1@73.125C/73.156C gpu@79.906C/79.906C tj@79.906C/79.906C soc1@70.375C/70.375C cv2@69.281C/69.281C VDD_IN 32728mW/29104mW/34189mW VDD_CPU_GPU_CV 20395mW/17225mW/21036mW VDD_SOC 5040mW/4966mW/6149mW
08-10-2026 23:49:20 RAM 12373/15599MB (lfb 7x4MB) CPU [100%@1984,100%@1984,100%@1984,100%@1984,100%@1984,100%@1984,100%@1984,100%@1984] GR3D_FREQ 99% cv0@74.468C/74.468C cpu@78.843C/79.031C soc2@71.343C/71.343C soc0@72.781C/72.781C cv1@73.375C/73.375C gpu@79.812C/79.906C tj@79.812C/79.906C soc1@70.468C/70.468C cv2@69.375C/69.375C VDD_IN 32406mW/29125mW/34189mW VDD_CPU_GPU_CV 20435mW/17245mW/21036mW VDD_SOC 4927mW/4966mW/6149mW
08-10-2026 23:49:21 RAM 12395/15599MB (lfb 7x4MB) CPU [100%@1984,100%@1984,100%@1984,100%@1984,100%@1984,100%@1984,100%@1984,100%@1984] GR3D_FREQ 99% cv0@74.562C/74.562C cpu@79C/79.031C soc2@71.375C/71.375C soc0@72.781C/72.781C cv1@73.281C/73.375C gpu@79.875C/79.906C tj@79.875C/79.906C soc1@70.656C/70.656C cv2@69.437C/69.437C VDD_IN 31933mW/29142mW/34189mW VDD_CPU_GPU_CV 20236mW/17264mW/21036mW VDD_SOC 4614mW/4963mW/6149mW
08-10-2026 23:49:21 RAM 12432/15599MB (lfb 1x4MB) CPU [100%@1984,100%@1984,100%@1984,100%@1984,100%@1984,100%@1984,100%@1984,100%@1984] GR3D_FREQ 99% cv0@74.593C/74.593C cpu@79.031C/79.031C soc2@71.562C/71.562C soc0@72.937C/72.937C cv1@73.406C/73.406C gpu@80C/80C tj@80C/80C soc1@70.5C/70.656C cv2@69.531C/69.531C VDD_IN 31731mW/29159mW/34189mW VDD_CPU_GPU_CV 20309mW/17283mW/21036mW VDD_SOC 4574mW/4961mW/6149mW
08-10-2026 23:49:22 RAM 12497/15599MB (lfb 1x4MB) CPU [100%@1984,100%@1984,100%@1984,100%@1984,100%@1984,100%@1984,100%@1984,100%@1984] GR3D_FREQ 99% cv0@74.656C/74.656C cpu@79.031C/79.031C soc2@71.531C/71.562C soc0@72.968C/72.968C cv1@73.343C/73.406C gpu@79.906C/80C tj@79.781C/80C soc1@70.593C/70.656C cv2@69.625C/69.625C VDD_IN 31610mW/29174mW/34189mW VDD_CPU_GPU_CV 20189mW/17301mW/21036mW VDD_SOC 4534mW/4958mW/6149mW
08-10-2026 23:49:22 RAM 12467/15599MB (lfb 2x4MB) CPU [100%@1984,100%@1984,100%@1984,100%@1984,100%@1984,100%@1984,100%@1984,100%@1984] GR3D_FREQ 99% cv0@74.812C/74.812C cpu@79.156C/79.156C soc2@71.562C/71.562C soc0@73.031C/73.031C cv1@73.5C/73.5C gpu@79.625C/80C tj@79.625C/80C soc1@70.843C/70.843C cv2@69.625C/69.625C VDD_IN 31731mW/29190mW/34189mW VDD_CPU_GPU_CV 19872mW/17317mW/21036mW VDD_SOC 4694mW/4957mW/6149mW
08-10-2026 23:49:23 RAM 12468/15599MB (lfb 2x4MB) CPU [100%@1984,100%@1984,100%@1984,100%@1984,100%@1984,100%@1984,100%@1984,100%@1984] GR3D_FREQ 99% cv0@75.093C/75.093C cpu@79.468C/79.468C soc2@71.625C/71.625C soc0@73.031C/73.031C cv1@73.687C/73.687C gpu@79.531C/80C tj@79.531C/80C soc1@70.718C/70.843C cv2@69.625C/69.625C VDD_IN 31761mW/29206mW/34189mW VDD_CPU_GPU_CV 19514mW/17331mW/21036mW VDD_SOC 5096mW/4958mW/6149mW
08-10-2026 23:49:23 RAM 12468/15599MB (lfb 2x4MB) CPU [100%@1984,100%@1984,100%@1984,100%@1984,100%@1984,100%@1984,100%@1984,100%@1984] GR3D_FREQ 99% cv0@75.125C/75.125C cpu@79.437C/79.468C soc2@71.656C/71.656C soc0@73.125C/73.125C cv1@73.625C/73.687C gpu@79.406C/80C tj@79.437C/80C soc1@70.875C/70.875C cv2@69.718C/69.718C VDD_IN 31842mW/29222mW/34189mW VDD_CPU_GPU_CV 19395mW/17344mW/21036mW VDD_SOC 5176mW/4959mW/6149mW
08-10-2026 23:49:24 RAM 12468/15599MB (lfb 2x4MB) CPU [100%@1984,100%@1984,100%@1984,100%@1984,100%@1984,100%@1984,100%@1984,100%@1984] GR3D_FREQ 99% cv0@75.093C/75.125C cpu@79.75C/79.75C soc2@71.812C/71.812C soc0@73.312C/73.312C cv1@73.843C/73.843C gpu@79.687C/80C tj@79.75C/80C soc1@70.875C/70.875C cv2@69.75C/69.75C VDD_IN 31882mW/29238mW/34189mW VDD_CPU_GPU_CV 19395mW/17356mW/21036mW VDD_SOC 5216mW/4960mW/6149mW
08-10-2026 23:49:24 RAM 12468/15599MB (lfb 2x4MB) CPU [100%@1984,100%@1984,100%@1984,100%@1984,100%@1984,100%@1984,100%@1984,100%@1984] GR3D_FREQ 99% cv0@75.062C/75.125C cpu@79.812C/79.812C soc2@71.937C/71.937C soc0@73.343C/73.343C cv1@73.843C/73.843C gpu@79.812C/80C tj@79.812C/80C soc1@70.906C/70.906C cv2@69.781C/69.781C VDD_IN 31963mW/29255mW/34189mW VDD_CPU_GPU_CV 19474mW/17369mW/21036mW VDD_SOC 5216mW/4962mW/6149mW
08-10-2026 23:49:25 RAM 12476/15599MB (lfb 2x4MB) CPU [100%@1984,100%@1984,100%@1984,100%@1984,100%@1984,100%@1984,100%@1984,100%@1984] GR3D_FREQ 99% cv0@75.093C/75.125C cpu@79.625C/79.812C soc2@71.968C/71.968C soc0@73.343C/73.343C cv1@74C/74C gpu@79.937C/80C tj@79.937C/80C soc1@71C/71C cv2@69.843C/69.843C VDD_IN 31842mW/29270mW/34189mW VDD_CPU_GPU_CV 19315mW/17381mW/21036mW VDD_SOC 5256mW/4964mW/6149mW
08-10-2026 23:49:25 RAM 12476/15599MB (lfb 2x4MB) CPU [100%@1984,100%@1984,100%@1984,100%@1984,100%@1984,100%@1984,100%@1984,100%@1984] GR3D_FREQ 99% cv0@75.281C/75.281C cpu@79.906C/79.906C soc2@72C/72C soc0@73.375C/73.375C cv1@73.843C/74C gpu@79.812C/80C tj@79.906C/80C soc1@70.968C/71C cv2@70.093C/70.093C VDD_IN 31882mW/29286mW/34189mW VDD_CPU_GPU_CV 19395mW/17393mW/21036mW VDD_SOC 5256mW/4966mW/6149mW
08-10-2026 23:49:26 RAM 12476/15599MB (lfb 2x4MB) CPU [100%@1984,100%@1984,100%@1984,100%@1984,100%@1984,100%@1984,100%@1984,100%@1984] GR3D_FREQ 99% cv0@75.281C/75.281C cpu@79.687C/79.906C soc2@72C/72C soc0@73.375C/73.375C cv1@73.968C/74C gpu@80.125C/80.125C tj@80.125C/80.125C soc1@71.062C/71.062C cv2@70.093C/70.093C VDD_IN 31882mW/29301mW/34189mW VDD_CPU_GPU_CV 19355mW/17404mW/21036mW VDD_SOC 5256mW/4967mW/6149mW
08-10-2026 23:49:27 RAM 12476/15599MB (lfb 2x4MB) CPU [100%@1984,100%@1984,100%@1984,100%@1984,100%@1984,100%@1984,100%@1984,100%@1984] GR3D_FREQ 99% cv0@75.25C/75.281C cpu@79.875C/79.906C soc2@72.093C/72.093C soc0@73.468C/73.468C cv1@74.062C/74.062C gpu@80C/80.125C tj@80C/80.125C soc1@71.125C/71.125C cv2@70.187C/70.187C VDD_IN 31923mW/29317mW/34189mW VDD_CPU_GPU_CV 19355mW/17416mW/21036mW VDD_SOC 5256mW/4969mW/6149mW
08-10-2026 23:49:27 RAM 12476/15599MB (lfb 2x4MB) CPU [100%@1984,100%@1984,100%@1984,100%@1984,100%@1984,100%@1984,100%@1984,100%@1984] GR3D_FREQ 99% cv0@75.437C/75.437C cpu@79.968C/79.968C soc2@72.093C/72.093C soc0@73.531C/73.531C cv1@74.062C/74.062C gpu@79.906C/80.125C tj@79.968C/80.125C soc1@71.156C/71.156C cv2@70.218C/70.218C VDD_IN 31882mW/29332mW/34189mW VDD_CPU_GPU_CV 19275mW/17427mW/21036mW VDD_SOC 5256mW/4971mW/6149mW
08-10-2026 23:49:28 RAM 12476/15599MB (lfb 2x4MB) CPU [100%@1984,100%@1984,100%@1984,100%@1984,100%@1984,100%@1984,100%@1984,100%@1984] GR3D_FREQ 99% cv0@75.406C/75.437C cpu@79.968C/79.968C soc2@72.156C/72.156C soc0@73.5C/73.531C cv1@74.125C/74.125C gpu@80.093C/80.125C tj@80.093C/80.125C soc1@71.343C/71.343C cv2@70.218C/70.218C VDD_IN 31963mW/29347mW/34189mW VDD_CPU_GPU_CV 19474mW/17439mW/21036mW VDD_SOC 5256mW/4972mW/6149mW
08-10-2026 23:49:28 RAM 12476/15599MB (lfb 2x4MB) CPU [100%@1984,100%@1984,100%@1984,100%@1984,100%@1984,100%@1984,100%@1984,100%@1984] GR3D_FREQ 99% cv0@75.593C/75.593C cpu@80.093C/80.093C soc2@72.281C/72.281C soc0@73.625C/73.625C cv1@74.25C/74.25C gpu@79.906C/80.125C tj@80.093C/80.125C soc1@71.218C/71.343C cv2@70.312C/70.312C VDD_IN 31882mW/29362mW/34189mW VDD_CPU_GPU_CV 19275mW/17450mW/21036mW VDD_SOC 5256mW/4974mW/6149mW
08-10-2026 23:49:29 RAM 12476/15599MB (lfb 2x4MB) CPU [100%@1984,100%@1984,100%@1984,100%@1984,100%@1984,100%@1984,100%@1984,100%@1984] GR3D_FREQ 99% cv0@75.593C/75.593C cpu@80C/80.093C soc2@72.281C/72.281C soc0@73.687C/73.687C cv1@74.218C/74.25C gpu@80.281C/80.281C tj@80.281C/80.281C soc1@71.343C/71.343C cv2@70.343C/70.343C VDD_IN 31882mW/29377mW/34189mW VDD_CPU_GPU_CV 19395mW/17461mW/21036mW VDD_SOC 5256mW/4976mW/6149mW
08-10-2026 23:49:29 RAM 12476/15599MB (lfb 2x4MB) CPU [100%@1984,100%@1984,100%@1984,100%@1984,100%@1984,100%@1984,100%@1984,100%@1984] GR3D_FREQ 99% cv0@75.625C/75.625C cpu@80.062C/80.093C soc2@72.343C/72.343C soc0@73.718C/73.718C cv1@74.437C/74.437C gpu@80.375C/80.375C tj@80.375C/80.375C soc1@71.468C/71.468C cv2@70.437C/70.437C VDD_IN 31923mW/29391mW/34189mW VDD_CPU_GPU_CV 19554mW/17473mW/21036mW VDD_SOC 5216mW/4977mW/6149mW
08-10-2026 23:49:30 RAM 12476/15599MB (lfb 2x4MB) CPU [100%@1984,100%@1984,100%@1984,100%@1984,100%@1984,100%@1984,100%@1984,100%@1984] GR3D_FREQ 99% cv0@75.781C/75.781C cpu@80.125C/80.125C soc2@72.375C/72.375C soc0@73.843C/73.843C cv1@74.5C/74.5C gpu@80.593C/80.593C tj@80.593C/80.593C soc1@71.468C/71.468C cv2@70.5C/70.5C VDD_IN 32003mW/29406mW/34189mW VDD_CPU_GPU_CV 19554mW/17485mW/21036mW VDD_SOC 5256mW/4979mW/6149mW
08-10-2026 23:49:30 RAM 11589/15599MB (lfb 94x4MB) CPU [100%@1984,100%@1984,100%@1984,100%@1984,100%@1984,100%@1984,100%@1984,100%@1984] GR3D_FREQ 99% cv0@75.468C/75.781C cpu@80.031C/80.125C soc2@72.343C/72.375C soc0@73.875C/73.875C cv1@74.343C/74.5C gpu@80.906C/80.906C tj@80.906C/80.906C soc1@71.468C/71.468C cv2@70.531C/70.531C VDD_IN 31963mW/29421mW/34189mW VDD_CPU_GPU_CV 19872mW/17498mW/21036mW VDD_SOC 5016mW/4979mW/6149mW
08-10-2026 23:49:31 RAM 11497/15599MB (lfb 94x4MB) CPU [100%@1984,100%@1984,100%@1984,100%@1984,100%@1984,100%@1984,100%@1984,100%@1984] GR3D_FREQ 99% cv0@75.437C/75.781C cpu@80.25C/80.25C soc2@72.468C/72.468C soc0@73.906C/73.906C cv1@74.375C/74.5C gpu@80.906C/80.906C tj@80.906C/80.906C soc1@71.5C/71.5C cv2@70.468C/70.531C VDD_IN 32164mW/29436mW/34189mW VDD_CPU_GPU_CV 20435mW/17515mW/21036mW VDD_SOC 4775mW/4978mW/6149mW
08-10-2026 23:49:31 RAM 9471/15599MB (lfb 95x4MB) CPU [100%@1984,100%@1984,100%@1984,100%@1984,100%@1984,100%@1984,100%@1984,100%@1984] GR3D_FREQ 99% cv0@75.437C/75.781C cpu@80C/80.25C soc2@72.5C/72.5C soc0@73.968C/73.968C cv1@74.25C/74.5C gpu@80.656C/80.906C tj@80.656C/80.906C soc1@71.531C/71.531C cv2@70.687C/70.687C VDD_IN 32043mW/29451mW/34189mW VDD_CPU_GPU_CV 20435mW/17531mW/21036mW VDD_SOC 4735mW/4976mW/6149mW
08-10-2026 23:49:32 RAM 8377/15599MB (lfb 115x4MB) CPU [100%@1984,100%@1984,100%@1984,100%@1984,100%@1984,100%@1984,100%@1984,100%@1984] GR3D_FREQ 99% cv0@75.593C/75.781C cpu@80.187C/80.25C soc2@72.531C/72.531C soc0@74.031C/74.031C cv1@74.375C/74.5C gpu@80.718C/80.906C tj@80.718C/80.906C soc1@71.531C/71.531C cv2@70.656C/70.687C VDD_IN 31882mW/29464mW/34189mW VDD_CPU_GPU_CV 20468mW/17548mW/21036mW VDD_SOC 4654mW/4974mW/6149mW
08-10-2026 23:49:32 RAM 9248/15599MB (lfb 115x4MB) CPU [100%@1984,100%@1984,100%@1984,100%@1984,100%@1984,100%@1984,100%@1984,100%@1984] GR3D_FREQ 99% cv0@75.531C/75.781C cpu@80.25C/80.25C soc2@72.593C/72.593C soc0@74.125C/74.125C cv1@74.375C/74.5C gpu@81.375C/81.375C tj@81.375C/81.375C soc1@71.687C/71.687C cv2@70.593C/70.687C VDD_IN 32446mW/29481mW/34189mW VDD_CPU_GPU_CV 20395mW/17564mW/21036mW VDD_SOC 4927mW/4974mW/6149mW
08-10-2026 23:49:33 RAM 9772/15599MB (lfb 111x4MB) CPU [100%@1984,100%@1984,100%@1984,100%@1984,100%@1984,100%@1984,100%@1984,100%@1984] GR3D_FREQ 99% cv0@75.781C/75.781C cpu@80.187C/80.25C soc2@72.593C/72.593C soc0@74.093C/74.125C cv1@74.468C/74.5C gpu@81.437C/81.437C tj@81.437C/81.437C soc1@71.75C/71.75C cv2@70.75C/70.75C VDD_IN 32567mW/29498mW/34189mW VDD_CPU_GPU_CV 20395mW/17579mW/21036mW VDD_SOC 5008mW/4974mW/6149mW
08-10-2026 23:49:33 RAM 9791/15599MB (lfb 111x4MB) CPU [100%@1984,100%@1984,100%@1984,100%@1984,100%@1984,100%@1984,100%@1984,100%@1984] GR3D_FREQ 99% cv0@75.718C/75.781C cpu@80.437C/80.437C soc2@72.718C/72.718C soc0@74.187C/74.187C cv1@74.562C/74.562C gpu@81.312C/81.437C tj@81.312C/81.437C soc1@71.718C/71.75C cv2@70.718C/70.75C VDD_IN 32497mW/29515mW/34189mW VDD_CPU_GPU_CV 20474mW/17595mW/21036mW VDD_SOC 4807mW/4974mW/6149mW
08-10-2026 23:49:34 RAM 9800/15599MB (lfb 111x4MB) CPU [100%@1984,100%@1984,100%@1984,100%@1984,100%@1984,100%@1984,100%@1984,100%@1984] GR3D_FREQ 99% cv0@75.875C/75.875C cpu@80.218C/80.437C soc2@72.75C/72.75C soc0@74.218C/74.218C cv1@74.562C/74.562C gpu@81.531C/81.531C tj@81.531C/81.531C soc1@71.843C/71.843C cv2@70.843C/70.843C VDD_IN 31852mW/29527mW/34189mW VDD_CPU_GPU_CV 20435mW/17611mW/21036mW VDD_SOC 4614mW/4972mW/6149mW
08-10-2026 23:49:34 RAM 9833/15599MB (lfb 111x4MB) CPU [100%@1984,98%@1984,100%@1984,100%@1984,100%@1984,100%@1984,100%@1984,100%@1984] GR3D_FREQ 99% cv0@75.906C/75.906C cpu@80.375C/80.437C soc2@72.843C/72.843C soc0@74.187C/74.218C cv1@74.625C/74.625C gpu@81.468C/81.531C tj@81.468C/81.531C soc1@71.812C/71.843C cv2@70.843C/70.843C VDD_IN 31893mW/29540mW/34189mW VDD_CPU_GPU_CV 20474mW/17626mW/21036mW VDD_SOC 4574mW/4969mW/6149mW
08-10-2026 23:49:35 RAM 9864/15599MB (lfb 111x4MB) CPU [100%@1984,100%@1984,100%@1984,100%@1984,100%@1984,100%@1984,100%@1984,100%@1984] GR3D_FREQ 99% cv0@75.937C/75.937C cpu@80.281C/80.437C soc2@72.812C/72.843C soc0@74.218C/74.218C cv1@74.656C/74.656C gpu@81.375C/81.531C tj@81.375C/81.531C soc1@71.906C/71.906C cv2@70.875C/70.875C VDD_IN 31731mW/29552mW/34189mW VDD_CPU_GPU_CV 20316mW/17641mW/21036mW VDD_SOC 4534mW/4967mW/6149mW
08-10-2026 23:49:35 RAM 9895/15599MB (lfb 111x4MB) CPU [100%@1984,100%@1984,100%@1984,100%@1984,100%@1984,100%@1984,100%@1984,100%@1984] GR3D_FREQ 99% cv0@76.031C/76.031C cpu@80.406C/80.437C soc2@72.843C/72.843C soc0@74.281C/74.281C cv1@74.812C/74.812C gpu@81.593C/81.593C tj@81.593C/81.593C soc1@72.062C/72.062C cv2@70.968C/70.968C VDD_IN 31933mW/29565mW/34189mW VDD_CPU_GPU_CV 20474mW/17656mW/21036mW VDD_SOC 4574mW/4965mW/6149mW
08-10-2026 23:49:36 RAM 9974/15599MB (lfb 103x4MB) CPU [100%@1984,100%@1984,100%@1984,100%@1984,100%@1984,100%@1984,100%@1984,100%@1984] GR3D_FREQ 99% cv0@76.031C/76.031C cpu@80.406C/80.437C soc2@72.937C/72.937C soc0@74.406C/74.406C cv1@74.75C/74.812C gpu@81.593C/81.593C tj@81.593C/81.593C soc1@72.031C/72.062C cv2@71C/71C VDD_IN 31893mW/29577mW/34189mW VDD_CPU_GPU_CV 20316mW/17670mW/21036mW VDD_SOC 4574mW/4963mW/6149mW
08-10-2026 23:49:36 RAM 11565/15599MB (lfb 103x4MB) CPU [100%@1984,100%@1984,100%@1984,100%@1984,100%@1984,100%@1984,100%@1984,100%@1984] GR3D_FREQ 99% cv0@76.031C/76.031C cpu@80.531C/80.531C soc2@72.875C/72.937C soc0@74.531C/74.531C cv1@74.812C/74.812C gpu@81.593C/81.593C tj@81.593C/81.593C soc1@72.093C/72.093C cv2@71.062C/71.062C VDD_IN 32164mW/29591mW/34189mW VDD_CPU_GPU_CV 20474mW/17685mW/21036mW VDD_SOC 4694mW/4961mW/6149mW
08-10-2026 23:49:37 RAM 11565/15599MB (lfb 103x4MB) CPU [100%@1984,100%@1984,100%@1984,100%@1984,100%@1984,100%@1984,100%@1984,100%@1984] GR3D_FREQ 99% cv0@76.187C/76.187C cpu@80.812C/80.812C soc2@73.062C/73.062C soc0@74.562C/74.562C cv1@74.937C/74.937C gpu@81.062C/81.593C tj@81.062C/81.593C soc1@72.125C/72.125C cv2@71.125C/71.125C VDD_IN 32889mW/29608mW/34189mW VDD_CPU_GPU_CV 20521mW/17700mW/21036mW VDD_SOC 5040mW/4962mW/6149mW
08-10-2026 23:49:37 RAM 11108/15599MB (lfb 96x4MB) CPU [100%@1984,100%@1984,100%@1984,100%@1984,100%@1984,100%@1984,100%@1984,100%@1984] GR3D_FREQ 1% cv0@76.343C/76.343C cpu@80.968C/80.968C soc2@72.843C/73.062C soc0@74.531C/74.562C cv1@74.937C/74.937C gpu@77.468C/81.593C tj@80.968C/81.593C soc1@72.218C/72.218C cv2@71.125C/71.125C VDD_IN 21066mW/29563mW/34189mW VDD_CPU_GPU_CV 12218mW/17671mW/21036mW VDD_SOC 3721mW/4955mW/6149mW
08-10-2026 23:49:38 RAM 8466/15599MB (lfb 200x4MB) CPU [100%@1984,100%@1984,100%@1984,100%@1984,100%@1984,100%@1984,100%@1984,100%@1984] GR3D_FREQ 0% cv0@76.187C/76.343C cpu@80.812C/80.968C soc2@72.531C/73.062C soc0@74.312C/74.562C cv1@74.968C/74.968C gpu@76.75C/81.593C tj@80.812C/81.593C soc1@72.093C/72.218C cv2@70.937C/71.125C VDD_IN 16581mW/29496mW/34189mW VDD_CPU_GPU_CV 9328mW/17628mW/21036mW VDD_SOC 3083mW/4945mW/6149mW
08-10-2026 23:49:38 RAM 9144/15599MB (lfb 212x4MB) CPU [100%@1984,76%@1984,100%@1984,76%@1984,80%@1984,76%@1984,76%@1984,100%@1984] GR3D_FREQ 0% cv0@74.375C/76.343C cpu@79.125C/80.968C soc2@72.187C/73.062C soc0@74.062C/74.562C cv1@74.187C/74.968C gpu@76.625C/81.593C tj@79.125C/81.593C soc1@72C/72.218C cv2@70.687C/71.125C VDD_IN 14549mW/29418mW/34189mW VDD_CPU_GPU_CV 7482mW/17575mW/21036mW VDD_SOC 3007mW/4935mW/6149mW
08-10-2026 23:49:39 RAM 3919/15599MB (lfb 320x4MB) CPU [100%@1984,0%@1984,11%@1984,0%@1984,0%@729,0%@729,0%@729,41%@729] GR3D_FREQ 0% cv0@73.625C/76.343C cpu@77.687C/80.968C soc2@71.531C/73.062C soc0@73.812C/74.562C cv1@73.562C/74.968C gpu@76C/81.593C tj@77.687C/81.593C soc1@71.843C/72.218C cv2@70.437C/71.125C VDD_IN 11088mW/29323mW/34189mW VDD_CPU_GPU_CV 4226mW/17506mW/21036mW VDD_SOC 2976mW/4925mW/6149mW
08-10-2026 23:49:39 RAM 1726/15599MB (lfb 438x4MB) CPU [59%@729,0%@729,0%@729,1%@729,0%@729,0%@729,0%@729,0%@729] GR3D_FREQ 0% cv0@72.843C/76.343C cpu@76.656C/80.968C soc2@70.812C/73.062C soc0@73.625C/74.562C cv1@73.062C/74.968C gpu@75.593C/81.593C tj@76.656C/81.593C soc1@71.5C/72.218C cv2@70.031C/71.125C VDD_IN 8778mW/29217mW/34189mW VDD_CPU_GPU_CV 2527mW/17428mW/21036mW VDD_SOC 2735mW/4914mW/6149mW
08-10-2026 23:49:40 RAM 1724/15599MB (lfb 438x4MB) CPU [0%@729,0%@729,0%@729,0%@729,0%@729,0%@729,0%@729,0%@729] GR3D_FREQ 0% cv0@72.406C/76.343C cpu@76.5C/80.968C soc2@70.531C/73.062C soc0@73.468C/74.562C cv1@72.781C/74.968C gpu@75.125C/81.593C tj@76.312C/81.593C soc1@71.468C/72.218C cv2@69.625C/71.125C VDD_IN 7279mW/29104mW/34189mW VDD_CPU_GPU_CV 1549mW/17347mW/21036mW VDD_SOC 2572mW/4902mW/6149mW
08-10-2026 23:49:40 RAM 1724/15599MB (lfb 438x4MB) CPU [0%@729,0%@729,0%@729,0%@729,0%@729,0%@729,0%@729,0%@729] GR3D_FREQ 0% cv0@72.156C/76.343C cpu@76.062C/80.968C soc2@70.187C/73.062C soc0@73.218C/74.562C cv1@72.562C/74.968C gpu@74.937C/81.593C tj@76.062C/81.593C soc1@71.218C/72.218C cv2@69.468C/71.125C VDD_IN 6870mW/28991mW/34189mW VDD_CPU_GPU_CV 1224mW/17265mW/21036mW VDD_SOC 2572mW/4890mW/6149mW
08-10-2026 23:49:41 RAM 1724/15599MB (lfb 438x4MB) CPU [0%@729,0%@729,0%@729,0%@729,0%@729,0%@729,0%@729,0%@729] GR3D_FREQ 0% cv0@71.937C/76.343C cpu@75.968C/80.968C soc2@70.031C/73.062C soc0@73.031C/74.562C cv1@72.343C/74.968C gpu@74.625C/81.593C tj@75.968C/81.593C soc1@71C/72.218C cv2@69.25C/71.125C VDD_IN 6706mW/28878mW/34189mW VDD_CPU_GPU_CV 1143mW/17183mW/21036mW VDD_SOC 2572mW/4878mW/6149mW
08-10-2026 23:49:41 RAM 1721/15599MB (lfb 438x4MB) CPU [0%@729,0%@729,0%@729,0%@729,0%@729,0%@729,0%@729,0%@729] GR3D_FREQ 0% cv0@71.812C/76.343C cpu@75.687C/80.968C soc2@69.781C/73.062C soc0@72.781C/74.562C cv1@72.125C/74.968C gpu@74.312C/81.593C tj@75.656C/81.593C soc1@70.812C/72.218C cv2@69.093C/71.125C VDD_IN 6666mW/28766mW/34189mW VDD_CPU_GPU_CV 1102mW/17102mW/21036mW VDD_SOC 2572mW/4867mW/6149mW
08-10-2026 23:49:42 RAM 1720/15599MB (lfb 438x4MB) CPU [1%@729,0%@729,0%@729,0%@729,0%@729,0%@729,0%@729,0%@729] GR3D_FREQ 0% cv0@71.625C/76.343C cpu@75.468C/80.968C soc2@69.656C/73.062C soc0@72.656C/74.562C cv1@71.968C/74.968C gpu@74.218C/81.593C tj@75.468C/81.593C soc1@70.687C/72.218C cv2@68.843C/71.125C VDD_IN 6666mW/28654mW/34189mW VDD_CPU_GPU_CV 1102mW/17021mW/21036mW VDD_SOC 2572mW/4855mW/6149mW
08-10-2026 23:49:42 RAM 1720/15599MB (lfb 438x4MB) CPU [0%@729,3%@729,0%@729,1%@729,0%@729,0%@729,0%@729,0%@729] GR3D_FREQ 0% cv0@71.562C/76.343C cpu@75.25C/80.968C soc2@69.406C/73.062C soc0@72.468C/74.562C cv1@71.812C/74.968C gpu@74.031C/81.593C tj@75.25C/81.593C soc1@70.656C/72.218C cv2@68.656C/71.125C VDD_IN 6666mW/28545mW/34189mW VDD_CPU_GPU_CV 1102mW/16942mW/21036mW VDD_SOC 2572mW/4844mW/6149mW
08-10-2026 23:49:43 RAM 1719/15599MB (lfb 438x4MB) CPU [0%@729,0%@729,0%@729,0%@729,0%@729,0%@729,0%@729,0%@729] GR3D_FREQ 0% cv0@71.312C/76.343C cpu@75.281C/80.968C soc2@69.343C/73.062C soc0@72.437C/74.562C cv1@71.781C/74.968C gpu@73.843C/81.593C tj@75.125C/81.593C soc1@70.468C/72.218C cv2@68.5C/71.125C VDD_IN 6625mW/28435mW/34189mW VDD_CPU_GPU_CV 1061mW/16863mW/21036mW VDD_SOC 2572mW/4832mW/6149mW
08-10-2026 23:49:43 RAM 1719/15599MB (lfb 437x4MB) CPU [0%@729,0%@729,0%@729,0%@729,0%@729,0%@729,0%@729,0%@729] GR3D_FREQ 0% cv0@71.187C/76.343C cpu@75.125C/80.968C soc2@69.187C/73.062C soc0@72.281C/74.562C cv1@71.593C/74.968C gpu@73.656C/81.593C tj@75.125C/81.593C soc1@70.281C/72.218C cv2@68.406C/71.125C VDD_IN 6625mW/28328mW/34189mW VDD_CPU_GPU_CV 1061mW/16784mW/21036mW VDD_SOC 2572mW/4821mW/6149mW
08-10-2026 23:49:44 RAM 1718/15599MB (lfb 437x4MB) CPU [0%@729,0%@729,0%@729,0%@729,0%@729,0%@729,0%@729,0%@729] GR3D_FREQ 0% cv0@71.187C/76.343C cpu@74.906C/80.968C soc2@69.093C/73.062C soc0@72.125C/74.562C cv1@71.406C/74.968C gpu@73.812C/81.593C tj@74.906C/81.593C soc1@70.25C/72.218C cv2@68.281C/71.125C VDD_IN 6625mW/28221mW/34189mW VDD_CPU_GPU_CV 1061mW/16707mW/21036mW VDD_SOC 2572mW/4810mW/6149mW
08-10-2026 23:49:44 RAM 1718/15599MB (lfb 437x4MB) CPU [0%@729,0%@729,0%@729,0%@729,0%@729,0%@729,0%@729,0%@729] GR3D_FREQ 0% cv0@70.968C/76.343C cpu@74.718C/80.968C soc2@68.937C/73.062C soc0@71.968C/74.562C cv1@71.312C/74.968C gpu@73.593C/81.593C tj@74.906C/81.593C soc1@70.031C/72.218C cv2@68.187C/71.125C VDD_IN 6625mW/28115mW/34189mW VDD_CPU_GPU_CV 1061mW/16630mW/21036mW VDD_SOC 2531mW/4799mW/6149mW
08-10-2026 23:49:45 RAM 1717/15599MB (lfb 437x4MB) CPU [0%@729,1%@729,0%@729,0%@729,0%@729,0%@729,0%@729,0%@729] GR3D_FREQ 0% cv0@70.812C/76.343C cpu@74.687C/80.968C soc2@68.781C/73.062C soc0@71.75C/74.562C cv1@71.125C/74.968C gpu@73.562C/81.593C tj@74.687C/81.593C soc1@70.125C/72.218C cv2@68C/71.125C VDD_IN 6625mW/28010mW/34189mW VDD_CPU_GPU_CV 1061mW/16554mW/21036mW VDD_SOC 2531mW/4788mW/6149mW
08-10-2026 23:49:45 RAM 1717/15599MB (lfb 437x4MB) CPU [0%@729,0%@729,0%@729,1%@729,0%@729,0%@729,0%@729,0%@729] GR3D_FREQ 0% cv0@70.687C/76.343C cpu@74.718C/80.968C soc2@68.718C/73.062C soc0@71.812C/74.562C cv1@71.187C/74.968C gpu@73.25C/81.593C tj@74.718C/81.593C soc1@69.937C/72.218C cv2@67.843C/71.125C VDD_IN 6625mW/27906mW/34189mW VDD_CPU_GPU_CV 1061mW/16479mW/21036mW VDD_SOC 2531mW/4777mW/6149mW
08-10-2026 23:49:46 RAM 1716/15599MB (lfb 438x4MB) CPU [0%@729,0%@729,0%@729,0%@729,0%@729,0%@729,0%@729,0%@729] GR3D_FREQ 0% cv0@70.625C/76.343C cpu@74.343C/80.968C soc2@68.625C/73.062C soc0@71.656C/74.562C cv1@71.093C/74.968C gpu@73.093C/81.593C tj@74.343C/81.593C soc1@69.812C/72.218C cv2@67.718C/71.125C VDD_IN 6584mW/27803mW/34189mW VDD_CPU_GPU_CV 1061mW/16405mW/21036mW VDD_SOC 2531mW/4766mW/6149mW
08-10-2026 23:49:46 RAM 1716/15599MB (lfb 438x4MB) CPU [1%@729,0%@729,0%@729,0%@729,0%@729,0%@729,0%@729,0%@729] GR3D_FREQ 0% cv0@70.593C/76.343C cpu@74.25C/80.968C soc2@68.437C/73.062C soc0@71.468C/74.562C cv1@70.937C/74.968C gpu@73.031C/81.593C tj@74.25C/81.593C soc1@69.625C/72.218C cv2@67.687C/71.125C VDD_IN 6584mW/27701mW/34189mW VDD_CPU_GPU_CV 1061mW/16331mW/21036mW VDD_SOC 2535mW/4755mW/6149mW
08-10-2026 23:49:47 RAM 1715/15599MB (lfb 438x4MB) CPU [0%@729,0%@729,0%@729,0%@729,0%@729,0%@729,0%@729,0%@729] GR3D_FREQ 0% cv0@70.375C/76.343C cpu@74.156C/80.968C soc2@68.312C/73.062C soc0@71.343C/74.562C cv1@70.718C/74.968C gpu@72.843C/81.593C tj@74.156C/81.593C soc1@69.593C/72.218C cv2@67.562C/71.125C VDD_IN 6584mW/27600mW/34189mW VDD_CPU_GPU_CV 1061mW/16258mW/21036mW VDD_SOC 2535mW/4745mW/6149mW
08-10-2026 23:49:47 RAM 1713/15599MB (lfb 438x4MB) CPU [0%@729,0%@729,0%@729,0%@729,0%@729,0%@729,0%@729,0%@729] GR3D_FREQ 0% cv0@70.218C/76.343C cpu@74C/80.968C soc2@68.156C/73.062C soc0@71.187C/74.562C cv1@70.593C/74.968C gpu@72.687C/81.593C tj@74C/81.593C soc1@69.5C/72.218C cv2@67.437C/71.125C VDD_IN 6584mW/27500mW/34189mW VDD_CPU_GPU_CV 1061mW/16185mW/21036mW VDD_SOC 2531mW/4734mW/6149mW
08-10-2026 23:49:48 RAM 1711/15599MB (lfb 438x4MB) CPU [0%@729,0%@729,0%@729,0%@729,0%@729,0%@729,0%@729,0%@729] GR3D_FREQ 0% cv0@70.156C/76.343C cpu@73.875C/80.968C soc2@68.125C/73.062C soc0@71.25C/74.562C cv1@70.562C/74.968C gpu@72.656C/81.593C tj@73.875C/81.593C soc1@69.343C/72.218C cv2@67.281C/71.125C VDD_IN 6584mW/27401mW/34189mW VDD_CPU_GPU_CV 1061mW/16114mW/21036mW VDD_SOC 2531mW/4724mW/6149mW
08-10-2026 23:49:48 RAM 1711/15599MB (lfb 438x4MB) CPU [0%@729,0%@729,0%@729,0%@729,0%@729,0%@729,0%@729,0%@729] GR3D_FREQ 0% cv0@70C/76.343C cpu@73.968C/80.968C soc2@68.062C/73.062C soc0@71.093C/74.562C cv1@70.437C/74.968C gpu@72.468C/81.593C tj@73.968C/81.593C soc1@69.218C/72.218C cv2@67.187C/71.125C VDD_IN 6584mW/27303mW/34189mW VDD_CPU_GPU_CV 1061mW/16043mW/21036mW VDD_SOC 2531mW/4713mW/6149mW
08-10-2026 23:49:49 RAM 1709/15599MB (lfb 437x4MB) CPU [0%@729,0%@729,0%@729,0%@729,0%@729,0%@729,0%@729,0%@729] GR3D_FREQ 0% cv0@70C/76.343C cpu@73.937C/80.968C soc2@67.937C/73.062C soc0@70.875C/74.562C cv1@70.343C/74.968C gpu@72.343C/81.593C tj@73.937C/81.593C soc1@69.062C/72.218C cv2@67.093C/71.125C VDD_IN 6584mW/27205mW/34189mW VDD_CPU_GPU_CV 1061mW/15972mW/21036mW VDD_SOC 2531mW/4703mW/6149mW
08-10-2026 23:49:49 RAM 1711/15599MB (lfb 437x4MB) CPU [11%@729,2%@729,9%@729,6%@729,4%@729,2%@729,13%@729,5%@729] GR3D_FREQ 0% cv0@69.906C/76.343C cpu@73.687C/80.968C soc2@67.812C/73.062C soc0@70.75C/74.562C cv1@70.156C/74.968C gpu@72.218C/81.593C tj@73.687C/81.593C soc1@69.031C/72.218C cv2@66.968C/71.125C VDD_IN 6788mW/27110mW/34189mW VDD_CPU_GPU_CV 1184mW/15903mW/21036mW VDD_SOC 2531mW/4693mW/6149mW
08-10-2026 23:49:50 RAM 1710/15599MB (lfb 437x4MB) CPU [1%@729,0%@729,0%@729,0%@729,0%@729,0%@729,0%@729,0%@729] GR3D_FREQ 0% cv0@69.718C/76.343C cpu@73.437C/80.968C soc2@67.687C/73.062C soc0@70.718C/74.562C cv1@70.093C/74.968C gpu@72.343C/81.593C tj@73.437C/81.593C soc1@69.093C/72.218C cv2@66.875C/71.125C VDD_IN 6625mW/27015mW/34189mW VDD_CPU_GPU_CV 1061mW/15834mW/21036mW VDD_SOC 2531mW/4683mW/6149mW
08-10-2026 23:49:50 RAM 1710/15599MB (lfb 437x4MB) CPU [0%@729,0%@729,0%@729,1%@729,0%@729,0%@729,1%@729,0%@729] GR3D_FREQ 0% cv0@69.531C/76.343C cpu@73.437C/80.968C soc2@67.562C/73.062C soc0@70.562C/74.562C cv1@70.031C/74.968C gpu@72C/81.593C tj@73.437C/81.593C soc1@68.906C/72.218C cv2@66.718C/71.125C VDD_IN 6584mW/26920mW/34189mW VDD_CPU_GPU_CV 1061mW/15766mW/21036mW VDD_SOC 2531mW/4673mW/6149mW
08-10-2026 23:49:51 RAM 1707/15599MB (lfb 436x4MB) CPU [0%@729,0%@729,0%@729,0%@729,0%@729,0%@729,0%@729,0%@729] GR3D_FREQ 0% cv0@69.437C/76.343C cpu@73.531C/80.968C soc2@67.5C/73.062C soc0@70.531C/74.562C cv1@70.031C/74.968C gpu@72.093C/81.593C tj@73.531C/81.593C soc1@68.781C/72.218C cv2@66.562C/71.125C VDD_IN 6543mW/26826mW/34189mW VDD_CPU_GPU_CV 1020mW/15698mW/21036mW VDD_SOC 2531mW/4663mW/6149mW
08-10-2026 23:49:51 RAM 1707/15599MB (lfb 436x4MB) CPU [0%@729,0%@729,0%@729,0%@729,0%@729,0%@729,0%@729,0%@729] GR3D_FREQ 0% cv0@69.312C/76.343C cpu@73.125C/80.968C soc2@67.437C/73.062C soc0@70.406C/74.562C cv1@69.812C/74.968C gpu@71.781C/81.593C tj@73.125C/81.593C soc1@68.656C/72.218C cv2@66.562C/71.125C VDD_IN 6543mW/26733mW/34189mW VDD_CPU_GPU_CV 1020mW/15631mW/21036mW VDD_SOC 2531mW/4653mW/6149mW
08-10-2026 23:49:52 RAM 1704/15599MB (lfb 436x4MB) CPU [0%@729,0%@729,0%@729,0%@729,0%@729,0%@729,0%@729,0%@729] GR3D_FREQ 0% cv0@69.343C/76.343C cpu@73.187C/80.968C soc2@67.25C/73.062C soc0@70.25C/74.562C cv1@69.656C/74.968C gpu@71.906C/81.593C tj@73.187C/81.593C soc1@68.562C/72.218C cv2@66.5C/71.125C VDD_IN 6543mW/26641mW/34189mW VDD_CPU_GPU_CV 1020mW/15564mW/21036mW VDD_SOC 2535mW/4644mW/6149mW
08-10-2026 23:49:52 RAM 1704/15599MB (lfb 436x4MB) CPU [0%@729,0%@729,1%@729,0%@729,0%@729,0%@729,0%@729,0%@729] GR3D_FREQ 0% cv0@69.218C/76.343C cpu@73C/80.968C soc2@67.156C/73.062C soc0@70.156C/74.562C cv1@69.562C/74.968C gpu@71.656C/81.593C tj@73C/81.593C soc1@68.437C/72.218C cv2@66.281C/71.125C VDD_IN 6543mW/26550mW/34189mW VDD_CPU_GPU_CV 1020mW/15498mW/21036mW VDD_SOC 2531mW/4634mW/6149mW
08-10-2026 23:49:53 RAM 1703/15599MB (lfb 436x4MB) CPU [0%@729,0%@729,0%@729,0%@729,0%@729,0%@729,0%@729,0%@729] GR3D_FREQ 0% cv0@69.062C/76.343C cpu@72.875C/80.968C soc2@67.031C/73.062C soc0@70.031C/74.562C cv1@69.437C/74.968C gpu@71.593C/81.593C tj@72.875C/81.593C soc1@68.468C/72.218C cv2@66.156C/71.125C VDD_IN 6543mW/26459mW/34189mW VDD_CPU_GPU_CV 1020mW/15432mW/21036mW VDD_SOC 2535mW/4625mW/6149mW
08-10-2026 23:49:53 RAM 1702/15599MB (lfb 436x4MB) CPU [0%@729,1%@729,0%@729,0%@729,0%@729,0%@729,0%@729,0%@729] GR3D_FREQ 0% cv0@68.875C/76.343C cpu@72.718C/80.968C soc2@66.906C/73.062C soc0@70C/74.562C cv1@69.5C/74.968C gpu@71.437C/81.593C tj@72.718C/81.593C soc1@68.312C/72.218C cv2@66C/71.125C VDD_IN 6502mW/26369mW/34189mW VDD_CPU_GPU_CV 1020mW/15367mW/21036mW VDD_SOC 2531mW/4615mW/6149mW
08-10-2026 23:49:54 RAM 1701/15599MB (lfb 436x4MB) CPU [3%@1958,3%@1958,11%@1958,6%@1958,0%@1267,0%@1267,4%@1267,0%@1267] GR3D_FREQ 0% cv0@68.843C/76.343C cpu@72.937C/80.968C soc2@66.968C/73.062C soc0@69.843C/74.562C cv1@69.343C/74.968C gpu@71.343C/81.593C tj@72.937C/81.593C soc1@68.187C/72.218C cv2@65.843C/71.125C VDD_IN 6666mW/26281mW/34189mW VDD_CPU_GPU_CV 1102mW/15303mW/21036mW VDD_SOC 2531mW/4606mW/6149mW
08-10-2026 23:49:54 RAM 1700/15599MB (lfb 435x4MB) CPU [3%@729,5%@729,1%@729,2%@729,1%@729,2%@729,0%@729,6%@729] GR3D_FREQ 0% cv0@68.875C/76.343C cpu@72.625C/80.968C soc2@66.781C/73.062C soc0@69.75C/74.562C cv1@69.187C/74.968C gpu@71.218C/81.593C tj@72.781C/81.593C soc1@68.031C/72.218C cv2@65.937C/71.125C VDD_IN 6666mW/26193mW/34189mW VDD_CPU_GPU_CV 1102mW/15240mW/21036mW VDD_SOC 2531mW/4597mW/6149mW
08-10-2026 23:49:55 RAM 1699/15599MB (lfb 436x4MB) CPU [0%@729,0%@729,1%@729,0%@729,0%@729,0%@729,0%@729,0%@729] GR3D_FREQ 0% cv0@68.75C/76.343C cpu@72.625C/80.968C soc2@66.625C/73.062C soc0@69.625C/74.562C cv1@69.062C/74.968C gpu@71.093C/81.593C tj@72.625C/81.593C soc1@67.937C/72.218C cv2@65.718C/71.125C VDD_IN 6543mW/26106mW/34189mW VDD_CPU_GPU_CV 1061mW/15177mW/21036mW VDD_SOC 2531mW/4587mW/6149mW
08-10-2026 23:49:55 RAM 1698/15599MB (lfb 436x4MB) CPU [0%@729,0%@729,0%@729,0%@729,0%@729,0%@729,0%@729,0%@729] GR3D_FREQ 0% cv0@68.562C/76.343C cpu@72.281C/80.968C soc2@66.562C/73.062C soc0@69.468C/74.562C cv1@68.968C/74.968C gpu@70.906C/81.593C tj@72.281C/81.593C soc1@67.968C/72.218C cv2@65.625C/71.125C VDD_IN 6502mW/26019mW/34189mW VDD_CPU_GPU_CV 1020mW/15114mW/21036mW VDD_SOC 2490mW/4578mW/6149mW
08-10-2026 23:49:56 RAM 1697/15599MB (lfb 436x4MB) CPU [0%@729,0%@729,0%@729,0%@729,0%@729,0%@729,0%@729,0%@729] GR3D_FREQ 0% cv0@68.5C/76.343C cpu@72.25C/80.968C soc2@66.375C/73.062C soc0@69.562C/74.562C cv1@69.031C/74.968C gpu@70.812C/81.593C tj@72.25C/81.593C soc1@67.781C/72.218C cv2@65.5C/71.125C VDD_IN 6502mW/25933mW/34189mW VDD_CPU_GPU_CV 1020mW/15052mW/21036mW VDD_SOC 2494mW/4569mW/6149mW
08-10-2026 23:49:56 RAM 1697/15599MB (lfb 436x4MB) CPU [0%@729,0%@729,0%@729,0%@729,0%@729,0%@729,0%@729,0%@729] GR3D_FREQ 0% cv0@68.343C/76.343C cpu@72.25C/80.968C soc2@66.375C/73.062C soc0@69.343C/74.562C cv1@68.781C/74.968C gpu@71C/81.593C tj@72.25C/81.593C soc1@67.656C/72.218C cv2@65.312C/71.125C VDD_IN 6502mW/25848mW/34189mW VDD_CPU_GPU_CV 1020mW/14991mW/21036mW VDD_SOC 2490mW/4560mW/6149mW
08-10-2026 23:49:57 RAM 1697/15599MB (lfb 436x4MB) CPU [0%@729,0%@729,0%@729,0%@729,0%@729,0%@729,0%@729,0%@729] GR3D_FREQ 0% cv0@68.343C/76.343C cpu@72.093C/80.968C soc2@66.25C/73.062C soc0@69.218C/74.562C cv1@68.718C/74.968C gpu@70.781C/81.593C tj@72.093C/81.593C soc1@67.593C/72.218C cv2@65.343C/71.125C VDD_IN 6502mW/25764mW/34189mW VDD_CPU_GPU_CV 1020mW/14930mW/21036mW VDD_SOC 2490mW/4551mW/6149mW
08-10-2026 23:49:57 RAM 1696/15599MB (lfb 436x4MB) CPU [0%@729,0%@729,0%@729,1%@729,0%@729,0%@729,0%@729,0%@729] GR3D_FREQ 0% cv0@68.25C/76.343C cpu@72.093C/80.968C soc2@66.156C/73.062C soc0@69.156C/74.562C cv1@68.5C/74.968C gpu@70.812C/81.593C tj@72.093C/81.593C soc1@67.437C/72.218C cv2@65.218C/71.125C VDD_IN 6461mW/25680mW/34189mW VDD_CPU_GPU_CV 1020mW/14869mW/21036mW VDD_SOC 2490mW/4542mW/6149mW
08-10-2026 23:49:58 RAM 1696/15599MB (lfb 436x4MB) CPU [1%@729,0%@729,0%@729,0%@729,0%@729,0%@729,0%@729,0%@729] GR3D_FREQ 0% cv0@68.093C/76.343C cpu@71.937C/80.968C soc2@66.062C/73.062C soc0@68.937C/74.562C cv1@68.5C/74.968C gpu@70.625C/81.593C tj@71.937C/81.593C soc1@67.468C/72.218C cv2@65.031C/71.125C VDD_IN 6461mW/25596mW/34189mW VDD_CPU_GPU_CV 1020mW/14809mW/21036mW VDD_SOC 2490mW/4533mW/6149mW
08-10-2026 23:49:58 RAM 1696/15599MB (lfb 436x4MB) CPU [0%@729,0%@729,0%@729,0%@729,0%@729,0%@729,0%@729,0%@729] GR3D_FREQ 0% cv0@67.906C/76.343C cpu@71.937C/80.968C soc2@65.906C/73.062C soc0@69C/74.562C cv1@68.406C/74.968C gpu@70.281C/81.593C tj@71.937C/81.593C soc1@67.312C/72.218C cv2@64.906C/71.125C VDD_IN 6461mW/25514mW/34189mW VDD_CPU_GPU_CV 1020mW/14750mW/21036mW VDD_SOC 2494mW/4524mW/6149mW
08-10-2026 23:49:59 RAM 1696/15599MB (lfb 436x4MB) CPU [0%@729,1%@729,0%@729,0%@729,0%@729,0%@729,0%@729,0%@729] GR3D_FREQ 0% cv0@67.812C/76.343C cpu@71.593C/80.968C soc2@65.843C/73.062C soc0@68.812C/74.562C cv1@68.406C/74.968C gpu@70.343C/81.593C tj@71.593C/81.593C soc1@67.218C/72.218C cv2@64.812C/71.125C VDD_IN 6461mW/25432mW/34189mW VDD_CPU_GPU_CV 979mW/14691mW/21036mW VDD_SOC 2490mW/4515mW/6149mW
08-10-2026 23:49:59 RAM 1695/15599MB (lfb 436x4MB) CPU [0%@729,0%@729,0%@729,0%@729,0%@729,0%@729,0%@729,0%@729] GR3D_FREQ 0% cv0@67.812C/76.343C cpu@71.718C/80.968C soc2@65.781C/73.062C soc0@68.687C/74.562C cv1@68.187C/74.968C gpu@70.187C/81.593C tj@71.718C/81.593C soc1@67.125C/72.218C cv2@64.843C/71.125C VDD_IN 6461mW/25351mW/34189mW VDD_CPU_GPU_CV 979mW/14632mW/21036mW VDD_SOC 2490mW/4507mW/6149mW
08-10-2026 23:50:00 RAM 1695/15599MB (lfb 437x4MB) CPU [0%@729,0%@729,0%@729,0%@729,0%@729,0%@729,0%@729,0%@729] GR3D_FREQ 0% cv0@67.75C/76.343C cpu@71.468C/80.968C soc2@65.656C/73.062C soc0@68.593C/74.562C cv1@68.125C/74.968C gpu@69.968C/81.593C tj@71.468C/81.593C soc1@67.093C/72.218C cv2@64.75C/71.125C VDD_IN 6461mW/25271mW/34189mW VDD_CPU_GPU_CV 979mW/14574mW/21036mW VDD_SOC 2490mW/4498mW/6149mW
08-10-2026 23:50:00 RAM 1695/15599MB (lfb 437x4MB) CPU [2%@729,2%@729,5%@729,2%@729,0%@1267,7%@1267,3%@1267,0%@1267] GR3D_FREQ 0% cv0@67.687C/76.343C cpu@71.656C/80.968C soc2@65.625C/73.062C soc0@68.406C/74.562C cv1@68.062C/74.968C gpu@69.968C/81.593C tj@71.656C/81.593C soc1@67.093C/72.218C cv2@64.625C/71.125C VDD_IN 6625mW/25192mW/34189mW VDD_CPU_GPU_CV 1102mW/14517mW/21036mW VDD_SOC 2490mW/4490mW/6149mW
