08-10-2026 21:36:31 RAM 2650/15599MB (lfb 49x4MB) CPU [1%@729,0%@729,0%@729,0%@729,0%@729,0%@729,0%@729,0%@729] GR3D_FREQ 0% cv0@56.343C/56.343C cpu@60.312C/60.312C soc2@54.156C/54.156C soc0@57.156C/57.156C cv1@56.875C/56.875C gpu@58.625C/58.625C tj@60.312C/60.312C soc1@55.843C/55.843C cv2@53.343C/53.343C VDD_IN 6093mW/6093mW/6093mW VDD_CPU_GPU_CV 857mW/857mW/857mW VDD_SOC 2368mW/2368mW/2368mW
08-10-2026 21:36:31 RAM 2654/15599MB (lfb 49x4MB) CPU [5%@1984,3%@1984,3%@1984,3%@1984,3%@1651,3%@1651,7%@1651,2%@1651] GR3D_FREQ 0% cv0@57.093C/57.093C cpu@61.093C/61.093C soc2@54.281C/54.281C soc0@57.187C/57.187C cv1@57C/57C gpu@58.812C/58.812C tj@61.093C/61.093C soc1@55.937C/55.937C cv2@53.218C/53.343C VDD_IN 6297mW/6195mW/6297mW VDD_CPU_GPU_CV 1020mW/939mW/1020mW VDD_SOC 2368mW/2368mW/2368mW
08-10-2026 21:36:32 RAM 2656/15599MB (lfb 49x4MB) CPU [100%@1984,100%@1984,100%@1984,100%@1984,100%@1984,100%@1984,100%@1984,100%@1984] GR3D_FREQ 99% cv0@59C/59C cpu@63.843C/63.843C soc2@55.343C/55.343C soc0@57.25C/57.25C cv1@58.187C/58.187C gpu@60.843C/60.843C tj@63.843C/63.843C soc1@56C/56C cv2@53.625C/53.625C VDD_IN 13757mW/8716mW/13757mW VDD_CPU_GPU_CV 8291mW/3389mW/8291mW VDD_SOC 2357mW/2364mW/2368mW
08-10-2026 21:36:32 RAM 2654/15599MB (lfb 49x4MB) CPU [100%@1984,100%@1984,100%@1984,100%@1984,100%@1984,100%@1984,100%@1984,100%@1984] GR3D_FREQ 99% cv0@59.531C/59.531C cpu@64C/64C soc2@55.75C/55.75C soc0@57.312C/57.312C cv1@58.468C/58.468C gpu@61.218C/61.218C tj@64C/64C soc1@56.218C/56.218C cv2@54.031C/54.031C VDD_IN 16134mW/10570mW/16134mW VDD_CPU_GPU_CV 10580mW/5187mW/10580mW VDD_SOC 2393mW/2372mW/2393mW
08-10-2026 21:36:33 RAM 2650/15599MB (lfb 49x4MB) CPU [100%@1984,100%@1984,100%@1984,100%@1984,100%@1984,100%@1984,100%@1984,100%@1984] GR3D_FREQ 99% cv0@59.687C/59.687C cpu@64.218C/64.218C soc2@56.062C/56.062C soc0@57.625C/57.625C cv1@58.656C/58.656C gpu@61.812C/61.812C tj@64.218C/64.218C soc1@56.375C/56.375C cv2@54.156C/54.156C VDD_IN 16839mW/11824mW/16839mW VDD_CPU_GPU_CV 11289mW/6407mW/11289mW VDD_SOC 2393mW/2376mW/2393mW
08-10-2026 21:36:33 RAM 2650/15599MB (lfb 49x4MB) CPU [100%@1984,100%@1984,100%@1984,100%@1984,100%@1984,100%@1984,100%@1984,100%@1984] GR3D_FREQ 99% cv0@59.906C/59.906C cpu@64.687C/64.687C soc2@56.218C/56.218C soc0@57.718C/57.718C cv1@58.906C/58.906C gpu@62.031C/62.031C tj@64.531C/64.531C soc1@56.718C/56.718C cv2@54.312C/54.312C VDD_IN 17041mW/12694mW/17041mW VDD_CPU_GPU_CV 11491mW/7255mW/11491mW VDD_SOC 2393mW/2379mW/2393mW
08-10-2026 21:36:34 RAM 2646/15599MB (lfb 49x4MB) CPU [100%@1984,100%@1984,100%@1984,100%@1984,100%@1984,100%@1984,100%@1984,100%@1984] GR3D_FREQ 99% cv0@60.062C/60.062C cpu@64.593C/64.687C soc2@56.437C/56.437C soc0@58.031C/58.031C cv1@59.125C/59.125C gpu@62.125C/62.125C tj@64.593C/64.593C soc1@56.843C/56.843C cv2@54.468C/54.468C VDD_IN 17123mW/13326mW/17123mW VDD_CPU_GPU_CV 11571mW/7871mW/11571mW VDD_SOC 2393mW/2381mW/2393mW
08-10-2026 21:36:34 RAM 2647/15599MB (lfb 49x4MB) CPU [100%@1984,100%@1984,100%@1984,100%@1984,100%@1984,100%@1984,100%@1984,100%@1984] GR3D_FREQ 99% cv0@60.125C/60.125C cpu@64.843C/64.843C soc2@56.593C/56.593C soc0@58.156C/58.156C cv1@59.343C/59.343C gpu@62.156C/62.156C tj@64.843C/64.843C soc1@56.937C/56.937C cv2@54.625C/54.625C VDD_IN 17163mW/13806mW/17163mW VDD_CPU_GPU_CV 11612mW/8339mW/11612mW VDD_SOC 2393mW/2382mW/2393mW
08-10-2026 21:36:35 RAM 2644/15599MB (lfb 49x4MB) CPU [100%@1984,100%@1984,100%@1984,100%@1984,100%@1984,100%@1984,100%@1984,100%@1984] GR3D_FREQ 99% cv0@60.343C/60.343C cpu@65.062C/65.062C soc2@56.687C/56.687C soc0@58.187C/58.187C cv1@59.5C/59.5C gpu@62.625C/62.625C tj@65.062C/65.062C soc1@56.937C/56.937C cv2@54.812C/54.812C VDD_IN 17163mW/14179mW/17163mW VDD_CPU_GPU_CV 11612mW/8703mW/11612mW VDD_SOC 2393mW/2383mW/2393mW
08-10-2026 21:36:35 RAM 2644/15599MB (lfb 49x4MB) CPU [100%@1984,100%@1984,100%@1984,100%@1984,100%@1984,100%@1984,100%@1984,100%@1984] GR3D_FREQ 99% cv0@60.5C/60.5C cpu@65.125C/65.125C soc2@56.843C/56.843C soc0@58.281C/58.281C cv1@59.593C/59.593C gpu@62.625C/62.625C tj@65.125C/65.125C soc1@57.125C/57.125C cv2@55.031C/55.031C VDD_IN 17163mW/14477mW/17163mW VDD_CPU_GPU_CV 11612mW/8994mW/11612mW VDD_SOC 2393mW/2384mW/2393mW
08-10-2026 21:36:36 RAM 2642/15599MB (lfb 49x4MB) CPU [100%@1984,100%@1984,100%@1984,100%@1984,100%@1984,100%@1984,100%@1984,100%@1984] GR3D_FREQ 99% cv0@60.625C/60.625C cpu@65.343C/65.343C soc2@57C/57C soc0@58.406C/58.406C cv1@59.593C/59.593C gpu@62.75C/62.75C tj@65.343C/65.343C soc1@57.187C/57.187C cv2@55C/55.031C VDD_IN 17163mW/14721mW/17163mW VDD_CPU_GPU_CV 11612mW/9232mW/11612mW VDD_SOC 2393mW/2385mW/2393mW
08-10-2026 21:36:36 RAM 2642/15599MB (lfb 49x4MB) CPU [100%@1984,100%@1984,100%@1984,100%@1984,100%@1984,100%@1984,100%@1984,100%@1984] GR3D_FREQ 99% cv0@60.656C/60.656C cpu@65.281C/65.343C soc2@57.125C/57.125C soc0@58.656C/58.656C cv1@59.781C/59.781C gpu@62.812C/62.812C tj@65.281C/65.343C soc1@57.468C/57.468C cv2@55.093C/55.093C VDD_IN 17204mW/14928mW/17204mW VDD_CPU_GPU_CV 11612mW/9430mW/11612mW VDD_SOC 2393mW/2386mW/2393mW
08-10-2026 21:36:37 RAM 2639/15599MB (lfb 49x4MB) CPU [100%@1984,100%@1984,100%@1984,100%@1984,100%@1984,100%@1984,100%@1984,100%@1984] GR3D_FREQ 99% cv0@60.812C/60.812C cpu@65.562C/65.562C soc2@57.312C/57.312C soc0@58.687C/58.687C cv1@60C/60C gpu@62.875C/62.875C tj@65.562C/65.562C soc1@57.468C/57.468C cv2@55.187C/55.187C VDD_IN 17163mW/15100mW/17204mW VDD_CPU_GPU_CV 11612mW/9598mW/11612mW VDD_SOC 2393mW/2386mW/2393mW
08-10-2026 21:36:37 RAM 2639/15599MB (lfb 49x4MB) CPU [100%@1984,100%@1984,100%@1984,100%@1984,100%@1984,100%@1984,100%@1984,100%@1984] GR3D_FREQ 99% cv0@60.875C/60.875C cpu@65.781C/65.781C soc2@57.312C/57.312C soc0@58.781C/58.781C cv1@60.156C/60.156C gpu@62.968C/62.968C tj@65.781C/65.781C soc1@57.593C/57.593C cv2@55.312C/55.312C VDD_IN 17204mW/15250mW/17204mW VDD_CPU_GPU_CV 11612mW/9742mW/11612mW VDD_SOC 2393mW/2387mW/2393mW
08-10-2026 21:36:38 RAM 2637/15599MB (lfb 49x4MB) CPU [100%@1984,100%@1984,100%@1984,100%@1984,100%@1984,100%@1984,100%@1984,100%@1984] GR3D_FREQ 99% cv0@61.156C/61.156C cpu@65.687C/65.781C soc2@57.468C/57.468C soc0@58.812C/58.812C cv1@60.125C/60.156C gpu@63C/63C tj@65.687C/65.781C soc1@57.75C/57.75C cv2@55.562C/55.562C VDD_IN 17204mW/15381mW/17204mW VDD_CPU_GPU_CV 11652mW/9869mW/11652mW VDD_SOC 2393mW/2387mW/2393mW
08-10-2026 21:36:38 RAM 2637/15599MB (lfb 49x4MB) CPU [100%@1984,100%@1984,100%@1984,100%@1984,100%@1984,100%@1984,100%@1984,100%@1984] GR3D_FREQ 99% cv0@61.093C/61.156C cpu@65.875C/65.875C soc2@57.593C/57.593C soc0@58.906C/58.906C cv1@60.281C/60.281C gpu@63.218C/63.218C tj@65.875C/65.875C soc1@57.781C/57.781C cv2@55.656C/55.656C VDD_IN 17204mW/15495mW/17204mW VDD_CPU_GPU_CV 11652mW/9980mW/11652mW VDD_SOC 2393mW/2388mW/2393mW
08-10-2026 21:36:39 RAM 2636/15599MB (lfb 49x4MB) CPU [100%@1984,100%@1984,100%@1984,100%@1984,100%@1984,100%@1984,100%@1984,100%@1984] GR3D_FREQ 99% cv0@61.281C/61.281C cpu@65.781C/65.875C soc2@57.656C/57.656C soc0@59C/59C cv1@60.343C/60.343C gpu@63.437C/63.437C tj@65.781C/65.875C soc1@57.781C/57.781C cv2@55.625C/55.656C VDD_IN 17204mW/15595mW/17204mW VDD_CPU_GPU_CV 11652mW/10079mW/11652mW VDD_SOC 2393mW/2388mW/2393mW
08-10-2026 21:36:39 RAM 2636/15599MB (lfb 49x4MB) CPU [100%@1984,100%@1984,100%@1984,100%@1984,100%@1984,100%@1984,100%@1984,100%@1984] GR3D_FREQ 99% cv0@61.25C/61.281C cpu@65.906C/65.906C soc2@57.687C/57.687C soc0@59.156C/59.156C cv1@60.343C/60.343C gpu@63.406C/63.437C tj@65.906C/65.906C soc1@58.125C/58.125C cv2@55.656C/55.656C VDD_IN 17204mW/15685mW/17204mW VDD_CPU_GPU_CV 11652mW/10166mW/11652mW VDD_SOC 2393mW/2388mW/2393mW
08-10-2026 21:36:40 RAM 2634/15599MB (lfb 49x4MB) CPU [100%@1984,100%@1984,100%@1984,100%@1984,100%@1984,100%@1984,100%@1984,100%@1984] GR3D_FREQ 99% cv0@61.437C/61.437C cpu@65.937C/65.937C soc2@57.843C/57.843C soc0@59.343C/59.343C cv1@60.531C/60.531C gpu@63.406C/63.437C tj@65.937C/65.937C soc1@58.125C/58.125C cv2@55.812C/55.812C VDD_IN 17204mW/15765mW/17204mW VDD_CPU_GPU_CV 11652mW/10244mW/11652mW VDD_SOC 2393mW/2388mW/2393mW
08-10-2026 21:36:40 RAM 2634/15599MB (lfb 49x4MB) CPU [100%@1984,100%@1984,100%@1984,100%@1984,100%@1984,100%@1984,100%@1984,100%@1984] GR3D_FREQ 99% cv0@61.468C/61.468C cpu@66.281C/66.281C soc2@58C/58C soc0@59.5C/59.5C cv1@60.687C/60.687C gpu@63.656C/63.656C tj@66.281C/66.281C soc1@58.187C/58.187C cv2@55.875C/55.875C VDD_IN 17244mW/15839mW/17244mW VDD_CPU_GPU_CV 11652mW/10315mW/11652mW VDD_SOC 2393mW/2389mW/2393mW
08-10-2026 21:36:41 RAM 2633/15599MB (lfb 49x4MB) CPU [100%@1984,100%@1984,100%@1984,100%@1984,100%@1984,100%@1984,100%@1984,100%@1984] GR3D_FREQ 99% cv0@61.562C/61.562C cpu@66.406C/66.406C soc2@58.156C/58.156C soc0@59.531C/59.531C cv1@60.781C/60.781C gpu@63.875C/63.875C tj@66.406C/66.406C soc1@58.25C/58.25C cv2@55.937C/55.937C VDD_IN 17244mW/15905mW/17244mW VDD_CPU_GPU_CV 11652mW/10378mW/11652mW VDD_SOC 2393mW/2389mW/2393mW
08-10-2026 21:36:41 RAM 2633/15599MB (lfb 49x4MB) CPU [100%@1984,100%@1984,100%@1984,100%@1984,100%@1984,100%@1984,100%@1984,100%@1984] GR3D_FREQ 99% cv0@61.75C/61.75C cpu@66.312C/66.406C soc2@58.093C/58.156C soc0@59.625C/59.625C cv1@60.75C/60.781C gpu@63.937C/63.937C tj@66.312C/66.406C soc1@58.25C/58.25C cv2@56.218C/56.218C VDD_IN 17244mW/15966mW/17244mW VDD_CPU_GPU_CV 11652mW/10436mW/11652mW VDD_SOC 2393mW/2389mW/2393mW
08-10-2026 21:36:42 RAM 2632/15599MB (lfb 49x4MB) CPU [100%@1984,100%@1984,100%@1984,100%@1984,100%@1984,100%@1984,100%@1984,100%@1984] GR3D_FREQ 99% cv0@61.875C/61.875C cpu@66.375C/66.406C soc2@58.218C/58.218C soc0@59.625C/59.625C cv1@60.875C/60.875C gpu@63.937C/63.937C tj@66.375C/66.406C soc1@58.468C/58.468C cv2@56.187C/56.218C VDD_IN 17244mW/16022mW/17244mW VDD_CPU_GPU_CV 11652mW/10489mW/11652mW VDD_SOC 2393mW/2389mW/2393mW
08-10-2026 21:36:42 RAM 2632/15599MB (lfb 49x4MB) CPU [100%@1984,100%@1984,100%@1984,100%@1984,100%@1984,100%@1984,100%@1984,100%@1984] GR3D_FREQ 99% cv0@61.875C/61.875C cpu@66.5C/66.5C soc2@58.281C/58.281C soc0@59.906C/59.906C cv1@60.812C/60.875C gpu@63.937C/63.937C tj@66.5C/66.5C soc1@58.593C/58.593C cv2@56.25C/56.25C VDD_IN 17244mW/16073mW/17244mW VDD_CPU_GPU_CV 11652mW/10538mW/11652mW VDD_SOC 2393mW/2389mW/2393mW
08-10-2026 21:36:43 RAM 2631/15599MB (lfb 49x4MB) CPU [100%@1984,100%@1984,100%@1984,100%@1984,100%@1984,100%@1984,100%@1984,100%@1984] GR3D_FREQ 99% cv0@62C/62C cpu@66.5C/66.5C soc2@58.343C/58.343C soc0@59.906C/59.906C cv1@61.125C/61.125C gpu@64.218C/64.218C tj@66.5C/66.5C soc1@58.687C/58.687C cv2@56.312C/56.312C VDD_IN 17244mW/16120mW/17244mW VDD_CPU_GPU_CV 11652mW/10582mW/11652mW VDD_SOC 2393mW/2390mW/2393mW
08-10-2026 21:36:43 RAM 2631/15599MB (lfb 49x4MB) CPU [100%@1984,100%@1984,100%@1984,100%@1984,100%@1984,100%@1984,100%@1984,100%@1984] GR3D_FREQ 99% cv0@62.062C/62.062C cpu@66.625C/66.625C soc2@58.593C/58.593C soc0@60C/60C cv1@61.281C/61.281C gpu@64.187C/64.218C tj@66.625C/66.625C soc1@58.687C/58.687C cv2@56.375C/56.375C VDD_IN 17244mW/16163mW/17244mW VDD_CPU_GPU_CV 11652mW/10623mW/11652mW VDD_SOC 2393mW/2390mW/2393mW
08-10-2026 21:36:44 RAM 2631/15599MB (lfb 49x4MB) CPU [100%@1984,100%@1984,100%@1984,100%@1984,100%@1984,100%@1984,100%@1984,100%@1984] GR3D_FREQ 99% cv0@62.062C/62.062C cpu@66.843C/66.843C soc2@58.625C/58.625C soc0@60.062C/60.062C cv1@61.312C/61.312C gpu@64.156C/64.218C tj@66.843C/66.843C soc1@58.781C/58.781C cv2@56.562C/56.562C VDD_IN 17244mW/16203mW/17244mW VDD_CPU_GPU_CV 11652mW/10661mW/11652mW VDD_SOC 2393mW/2390mW/2393mW
08-10-2026 21:36:44 RAM 2631/15599MB (lfb 49x4MB) CPU [100%@1984,100%@1984,100%@1984,100%@1984,100%@1984,100%@1984,100%@1984,100%@1984] GR3D_FREQ 99% cv0@62.281C/62.281C cpu@66.906C/66.906C soc2@58.687C/58.687C soc0@60.156C/60.156C cv1@61.375C/61.375C gpu@64.406C/64.406C tj@66.906C/66.906C soc1@58.843C/58.843C cv2@56.593C/56.593C VDD_IN 17244mW/16240mW/17244mW VDD_CPU_GPU_CV 11652mW/10697mW/11652mW VDD_SOC 2434mW/2391mW/2434mW
08-10-2026 21:36:45 RAM 2631/15599MB (lfb 49x4MB) CPU [100%@1984,100%@1984,100%@1984,100%@1984,100%@1984,100%@1984,100%@1984,100%@1984] GR3D_FREQ 99% cv0@62.406C/62.406C cpu@66.968C/66.968C soc2@58.812C/58.812C soc0@60.281C/60.281C cv1@61.406C/61.406C gpu@64.468C/64.468C tj@66.968C/66.968C soc1@58.968C/58.968C cv2@56.75C/56.75C VDD_IN 17244mW/16275mW/17244mW VDD_CPU_GPU_CV 11652mW/10730mW/11652mW VDD_SOC 2393mW/2391mW/2434mW
08-10-2026 21:36:45 RAM 2631/15599MB (lfb 49x4MB) CPU [100%@1984,100%@1984,100%@1984,100%@1984,100%@1984,100%@1984,100%@1984,100%@1984] GR3D_FREQ 99% cv0@62.437C/62.437C cpu@67C/67C soc2@58.843C/58.843C soc0@60.281C/60.281C cv1@61.593C/61.593C gpu@64.531C/64.531C tj@67C/67C soc1@59.218C/59.218C cv2@56.812C/56.812C VDD_IN 17244mW/16307mW/17244mW VDD_CPU_GPU_CV 11692mW/10762mW/11692mW VDD_SOC 2393mW/2392mW/2434mW
08-10-2026 21:36:46 RAM 2631/15599MB (lfb 49x4MB) CPU [100%@1984,100%@1984,100%@1984,100%@1984,100%@1984,100%@1984,100%@1984,100%@1984] GR3D_FREQ 99% cv0@62.437C/62.437C cpu@67.062C/67.062C soc2@59C/59C soc0@60.531C/60.531C cv1@61.687C/61.687C gpu@64.562C/64.562C tj@67.062C/67.062C soc1@59.187C/59.218C cv2@56.875C/56.875C VDD_IN 17285mW/16339mW/17285mW VDD_CPU_GPU_CV 11692mW/10792mW/11692mW VDD_SOC 2434mW/2393mW/2434mW
08-10-2026 21:36:46 RAM 2631/15599MB (lfb 49x4MB) CPU [100%@1984,100%@1984,100%@1984,100%@1984,100%@1984,100%@1984,100%@1984,100%@1984] GR3D_FREQ 99% cv0@62.5C/62.5C cpu@67.406C/67.406C soc2@59.031C/59.031C soc0@60.625C/60.625C cv1@61.656C/61.687C gpu@64.875C/64.875C tj@67.406C/67.406C soc1@59.312C/59.312C cv2@56.968C/56.968C VDD_IN 17285mW/16368mW/17285mW VDD_CPU_GPU_CV 11692mW/10820mW/11692mW VDD_SOC 2434mW/2394mW/2434mW
08-10-2026 21:36:47 RAM 2631/15599MB (lfb 49x4MB) CPU [100%@1984,100%@1984,100%@1984,100%@1984,100%@1984,100%@1984,100%@1984,100%@1984] GR3D_FREQ 99% cv0@62.75C/62.75C cpu@67.25C/67.406C soc2@59.125C/59.125C soc0@60.687C/60.687C cv1@61.781C/61.781C gpu@64.718C/64.875C tj@67.25C/67.406C soc1@59.312C/59.312C cv2@57.156C/57.156C VDD_IN 17285mW/16396mW/17285mW VDD_CPU_GPU_CV 11692mW/10846mW/11692mW VDD_SOC 2434mW/2395mW/2434mW
08-10-2026 21:36:47 RAM 2631/15599MB (lfb 49x4MB) CPU [100%@1984,100%@1984,100%@1984,100%@1984,100%@1984,100%@1984,100%@1984,100%@1984] GR3D_FREQ 99% cv0@62.687C/62.75C cpu@67.406C/67.406C soc2@59.281C/59.281C soc0@60.718C/60.718C cv1@61.937C/61.937C gpu@64.843C/64.875C tj@67.406C/67.406C soc1@59.406C/59.406C cv2@57.031C/57.156C VDD_IN 17285mW/16422mW/17285mW VDD_CPU_GPU_CV 11692mW/10871mW/11692mW VDD_SOC 2434mW/2397mW/2434mW
08-10-2026 21:36:48 RAM 2631/15599MB (lfb 49x4MB) CPU [100%@1984,100%@1984,100%@1984,100%@1984,100%@1984,100%@1984,100%@1984,100%@1984] GR3D_FREQ 99% cv0@62.906C/62.906C cpu@67.437C/67.437C soc2@59.312C/59.312C soc0@60.812C/60.812C cv1@62C/62C gpu@64.875C/64.875C tj@67.437C/67.437C soc1@59.5C/59.5C cv2@57.218C/57.218C VDD_IN 17285mW/16447mW/17285mW VDD_CPU_GPU_CV 11692mW/10895mW/11692mW VDD_SOC 2434mW/2398mW/2434mW
08-10-2026 21:36:48 RAM 2631/15599MB (lfb 49x4MB) CPU [100%@1984,100%@1984,100%@1984,100%@1984,100%@1984,100%@1984,100%@1984,100%@1984] GR3D_FREQ 99% cv0@62.906C/62.906C cpu@67.5C/67.5C soc2@59.343C/59.343C soc0@60.843C/60.843C cv1@61.968C/62C gpu@65.218C/65.218C tj@67.5C/67.5C soc1@59.656C/59.656C cv2@57.281C/57.281C VDD_IN 17285mW/16470mW/17285mW VDD_CPU_GPU_CV 11692mW/10917mW/11692mW VDD_SOC 2434mW/2399mW/2434mW
08-10-2026 21:36:49 RAM 2631/15599MB (lfb 49x4MB) CPU [100%@1984,100%@1984,100%@1984,100%@1984,100%@1984,100%@1984,100%@1984,100%@1984] GR3D_FREQ 99% cv0@62.968C/62.968C cpu@67.562C/67.562C soc2@59.468C/59.468C soc0@61.031C/61.031C cv1@62.218C/62.218C gpu@65.218C/65.218C tj@67.562C/67.562C soc1@59.687C/59.687C cv2@57.406C/57.406C VDD_IN 17285mW/16492mW/17285mW VDD_CPU_GPU_CV 11692mW/10938mW/11692mW VDD_SOC 2434mW/2400mW/2434mW
08-10-2026 21:36:49 RAM 2631/15599MB (lfb 49x4MB) CPU [100%@1984,100%@1984,100%@1984,100%@1984,100%@1984,100%@1984,100%@1984,100%@1984] GR3D_FREQ 99% cv0@63C/63C cpu@67.687C/67.687C soc2@59.625C/59.625C soc0@61.062C/61.062C cv1@62.218C/62.218C gpu@65.437C/65.437C tj@67.687C/67.687C soc1@59.75C/59.75C cv2@57.375C/57.406C VDD_IN 17285mW/16513mW/17285mW VDD_CPU_GPU_CV 11692mW/10958mW/11692mW VDD_SOC 2434mW/2400mW/2434mW
08-10-2026 21:36:50 RAM 2631/15599MB (lfb 49x4MB) CPU [100%@1984,100%@1984,100%@1984,100%@1984,100%@1984,100%@1984,100%@1984,100%@1984] GR3D_FREQ 99% cv0@63.281C/63.281C cpu@67.843C/67.843C soc2@59.656C/59.656C soc0@61.062C/61.062C cv1@62.312C/62.312C gpu@65.281C/65.437C tj@67.843C/67.843C soc1@59.718C/59.75C cv2@57.5C/57.5C VDD_IN 17285mW/16533mW/17285mW VDD_CPU_GPU_CV 11692mW/10976mW/11692mW VDD_SOC 2434mW/2401mW/2434mW
08-10-2026 21:36:50 RAM 2631/15599MB (lfb 49x4MB) CPU [100%@1984,100%@1984,100%@1984,100%@1984,100%@1984,100%@1984,100%@1984,100%@1984] GR3D_FREQ 99% cv0@63.156C/63.281C cpu@67.843C/67.843C soc2@59.781C/59.781C soc0@61.218C/61.218C cv1@62.375C/62.375C gpu@65.437C/65.437C tj@67.843C/67.843C soc1@59.875C/59.875C cv2@57.718C/57.718C VDD_IN 17325mW/16553mW/17325mW VDD_CPU_GPU_CV 11692mW/10994mW/11692mW VDD_SOC 2434mW/2402mW/2434mW
08-10-2026 21:36:51 RAM 2631/15599MB (lfb 49x4MB) CPU [100%@1984,100%@1984,100%@1984,100%@1984,100%@1984,100%@1984,100%@1984,100%@1984] GR3D_FREQ 99% cv0@63.375C/63.375C cpu@67.875C/67.875C soc2@59.781C/59.781C soc0@61.25C/61.25C cv1@62.468C/62.468C gpu@65.375C/65.437C tj@67.875C/67.875C soc1@59.937C/59.937C cv2@57.75C/57.75C VDD_IN 17325mW/16571mW/17325mW VDD_CPU_GPU_CV 11692mW/11011mW/11692mW VDD_SOC 2434mW/2403mW/2434mW
08-10-2026 21:36:51 RAM 2631/15599MB (lfb 49x4MB) CPU [100%@1984,100%@1984,100%@1984,100%@1984,100%@1984,100%@1984,100%@1984,100%@1984] GR3D_FREQ 99% cv0@63.343C/63.375C cpu@67.906C/67.906C soc2@59.875C/59.875C soc0@61.312C/61.312C cv1@62.5C/62.5C gpu@65.625C/65.625C tj@67.906C/67.906C soc1@60.187C/60.187C cv2@57.781C/57.781C VDD_IN 17325mW/16589mW/17325mW VDD_CPU_GPU_CV 11692mW/11028mW/11692mW VDD_SOC 2434mW/2404mW/2434mW
08-10-2026 21:36:52 RAM 2631/15599MB (lfb 49x4MB) CPU [100%@1984,100%@1984,100%@1984,100%@1984,100%@1984,100%@1984,100%@1984,100%@1984] GR3D_FREQ 99% cv0@63.5C/63.5C cpu@68.375C/68.375C soc2@59.968C/59.968C soc0@61.406C/61.406C cv1@62.562C/62.562C gpu@65.468C/65.625C tj@67.968C/67.968C soc1@60.218C/60.218C cv2@57.843C/57.843C VDD_IN 17325mW/16606mW/17325mW VDD_CPU_GPU_CV 11692mW/11043mW/11692mW VDD_SOC 2434mW/2404mW/2434mW
08-10-2026 21:36:52 RAM 2631/15599MB (lfb 49x4MB) CPU [100%@1984,100%@1984,100%@1984,100%@1984,100%@1984,100%@1984,100%@1984,100%@1984] GR3D_FREQ 99% cv0@63.5C/63.5C cpu@68.093C/68.375C soc2@60.062C/60.062C soc0@61.593C/61.593C cv1@62.718C/62.718C gpu@65.75C/65.75C tj@68.093C/68.093C soc1@60.187C/60.218C cv2@57.875C/57.875C VDD_IN 17325mW/16623mW/17325mW VDD_CPU_GPU_CV 11692mW/11058mW/11692mW VDD_SOC 2434mW/2405mW/2434mW
08-10-2026 21:36:53 RAM 2631/15599MB (lfb 49x4MB) CPU [100%@1984,100%@1984,100%@1984,100%@1984,100%@1984,100%@1984,100%@1984,100%@1984] GR3D_FREQ 99% cv0@63.562C/63.562C cpu@68.156C/68.375C soc2@60.093C/60.093C soc0@61.718C/61.718C cv1@62.718C/62.718C gpu@65.906C/65.906C tj@68.156C/68.156C soc1@60.281C/60.281C cv2@57.968C/57.968C VDD_IN 17325mW/16638mW/17325mW VDD_CPU_GPU_CV 11692mW/11072mW/11692mW VDD_SOC 2434mW/2406mW/2434mW
08-10-2026 21:36:53 RAM 2631/15599MB (lfb 49x4MB) CPU [100%@1984,100%@1984,100%@1984,100%@1984,100%@1984,100%@1984,100%@1984,100%@1984] GR3D_FREQ 99% cv0@63.593C/63.593C cpu@68.375C/68.375C soc2@60.187C/60.187C soc0@61.718C/61.718C cv1@62.843C/62.843C gpu@65.875C/65.906C tj@68.375C/68.375C soc1@60.343C/60.343C cv2@58.031C/58.031C VDD_IN 17325mW/16653mW/17325mW VDD_CPU_GPU_CV 11733mW/11086mW/11733mW VDD_SOC 2434mW/2406mW/2434mW
08-10-2026 21:36:54 RAM 2631/15599MB (lfb 49x4MB) CPU [100%@1984,100%@1984,100%@1984,100%@1984,100%@1984,100%@1984,100%@1984,100%@1984] GR3D_FREQ 99% cv0@63.718C/63.718C cpu@68.343C/68.375C soc2@60.312C/60.312C soc0@61.718C/61.718C cv1@62.781C/62.843C gpu@65.875C/65.906C tj@68.343C/68.375C soc1@60.375C/60.375C cv2@58.187C/58.187C VDD_IN 17325mW/16668mW/17325mW VDD_CPU_GPU_CV 11733mW/11100mW/11733mW VDD_SOC 2434mW/2407mW/2434mW
08-10-2026 21:36:54 RAM 2631/15599MB (lfb 49x4MB) CPU [100%@1984,100%@1984,100%@1984,100%@1984,100%@1984,100%@1984,100%@1984,100%@1984] GR3D_FREQ 99% cv0@63.75C/63.75C cpu@68.406C/68.406C soc2@60.343C/60.343C soc0@61.812C/61.812C cv1@62.843C/62.843C gpu@66.062C/66.062C tj@68.406C/68.406C soc1@60.562C/60.562C cv2@58.343C/58.343C VDD_IN 17325mW/16681mW/17325mW VDD_CPU_GPU_CV 11733mW/11113mW/11733mW VDD_SOC 2434mW/2407mW/2434mW
08-10-2026 21:36:55 RAM 2631/15599MB (lfb 49x4MB) CPU [100%@1984,100%@1984,100%@1984,100%@1984,100%@1984,100%@1984,100%@1984,100%@1984] GR3D_FREQ 99% cv0@63.937C/63.937C cpu@68.375C/68.406C soc2@60.312C/60.343C soc0@61.812C/61.812C cv1@63.187C/63.187C gpu@65.937C/66.062C tj@68.375C/68.406C soc1@60.593C/60.593C cv2@58.312C/58.343C VDD_IN 17325mW/16694mW/17325mW VDD_CPU_GPU_CV 11733mW/11126mW/11733mW VDD_SOC 2434mW/2408mW/2434mW
08-10-2026 21:36:55 RAM 2631/15599MB (lfb 49x4MB) CPU [100%@1984,100%@1984,100%@1984,100%@1984,100%@1984,100%@1984,100%@1984,100%@1984] GR3D_FREQ 99% cv0@63.906C/63.937C cpu@68.718C/68.718C soc2@60.5C/60.5C soc0@62.031C/62.031C cv1@63.187C/63.187C gpu@66.187C/66.187C tj@68.718C/68.718C soc1@60.687C/60.687C cv2@58.343C/58.343C VDD_IN 17325mW/16707mW/17325mW VDD_CPU_GPU_CV 11733mW/11138mW/11733mW VDD_SOC 2434mW/2409mW/2434mW
08-10-2026 21:36:56 RAM 2631/15599MB (lfb 49x4MB) CPU [100%@1984,100%@1984,100%@1984,100%@1984,100%@1984,100%@1984,100%@1984,100%@1984] GR3D_FREQ 99% cv0@63.937C/63.937C cpu@68.531C/68.718C soc2@60.593C/60.593C soc0@62.156C/62.156C cv1@63.187C/63.187C gpu@66.156C/66.187C tj@68.531C/68.718C soc1@60.75C/60.75C cv2@58.437C/58.437C VDD_IN 17325mW/16719mW/17325mW VDD_CPU_GPU_CV 11733mW/11150mW/11733mW VDD_SOC 2434mW/2409mW/2434mW
08-10-2026 21:36:56 RAM 2631/15599MB (lfb 49x4MB) CPU [100%@1984,100%@1984,100%@1984,100%@1984,100%@1984,100%@1984,100%@1984,100%@1984] GR3D_FREQ 99% cv0@64.031C/64.031C cpu@68.75C/68.75C soc2@60.687C/60.687C soc0@62.218C/62.218C cv1@63.25C/63.25C gpu@66.343C/66.343C tj@68.75C/68.75C soc1@60.687C/60.75C cv2@58.625C/58.625C VDD_IN 17366mW/16732mW/17366mW VDD_CPU_GPU_CV 11733mW/11161mW/11733mW VDD_SOC 2434mW/2409mW/2434mW
08-10-2026 21:36:57 RAM 2631/15599MB (lfb 49x4MB) CPU [100%@1984,100%@1984,100%@1984,100%@1984,100%@1984,100%@1984,100%@1984,100%@1984] GR3D_FREQ 99% cv0@64.312C/64.312C cpu@68.718C/68.75C soc2@60.75C/60.75C soc0@62.218C/62.218C cv1@63.281C/63.281C gpu@66.312C/66.343C tj@68.718C/68.75C soc1@60.781C/60.781C cv2@58.625C/58.625C VDD_IN 17366mW/16744mW/17366mW VDD_CPU_GPU_CV 11733mW/11172mW/11733mW VDD_SOC 2434mW/2410mW/2434mW
08-10-2026 21:36:57 RAM 2631/15599MB (lfb 49x4MB) CPU [100%@1984,100%@1984,100%@1984,100%@1984,100%@1984,100%@1984,100%@1984,100%@1984] GR3D_FREQ 99% cv0@64.375C/64.375C cpu@68.718C/68.75C soc2@60.75C/60.75C soc0@62.25C/62.25C cv1@63.343C/63.343C gpu@66.375C/66.375C tj@68.718C/68.75C soc1@60.906C/60.906C cv2@58.75C/58.75C VDD_IN 17366mW/16755mW/17366mW VDD_CPU_GPU_CV 11733mW/11182mW/11733mW VDD_SOC 2434mW/2410mW/2434mW
08-10-2026 21:36:58 RAM 2631/15599MB (lfb 49x4MB) CPU [100%@1984,100%@1984,100%@1984,100%@1984,100%@1984,100%@1984,100%@1984,100%@1984] GR3D_FREQ 99% cv0@64.312C/64.375C cpu@68.812C/68.812C soc2@60.875C/60.875C soc0@62.343C/62.343C cv1@63.406C/63.406C gpu@66.406C/66.406C tj@68.812C/68.812C soc1@61.062C/61.062C cv2@58.718C/58.75C VDD_IN 17366mW/16766mW/17366mW VDD_CPU_GPU_CV 11733mW/11192mW/11733mW VDD_SOC 2434mW/2411mW/2434mW
08-10-2026 21:36:58 RAM 2631/15599MB (lfb 49x4MB) CPU [100%@1984,100%@1984,100%@1984,100%@1984,100%@1984,100%@1984,100%@1984,100%@1984] GR3D_FREQ 99% cv0@64.375C/64.375C cpu@69.031C/69.031C soc2@60.875C/60.875C soc0@62.406C/62.406C cv1@63.593C/63.593C gpu@66.406C/66.406C tj@68.937C/68.937C soc1@61.093C/61.093C cv2@58.781C/58.781C VDD_IN 17366mW/16777mW/17366mW VDD_CPU_GPU_CV 11733mW/11202mW/11733mW VDD_SOC 2434mW/2411mW/2434mW
08-10-2026 21:36:59 RAM 2631/15599MB (lfb 49x4MB) CPU [100%@1984,100%@1984,100%@1984,100%@1984,100%@1984,100%@1984,100%@1984,100%@1984] GR3D_FREQ 99% cv0@64.437C/64.437C cpu@69.156C/69.156C soc2@60.968C/60.968C soc0@62.562C/62.562C cv1@63.593C/63.593C gpu@66.468C/66.468C tj@69.156C/69.156C soc1@61.187C/61.187C cv2@58.843C/58.843C VDD_IN 17366mW/16787mW/17366mW VDD_CPU_GPU_CV 11733mW/11211mW/11733mW VDD_SOC 2434mW/2412mW/2434mW
08-10-2026 21:37:00 RAM 2631/15599MB (lfb 49x4MB) CPU [100%@1984,100%@1984,100%@1984,100%@1984,100%@1984,100%@1984,100%@1984,100%@1984] GR3D_FREQ 99% cv0@64.5C/64.5C cpu@69.093C/69.156C soc2@61.062C/61.062C soc0@62.531C/62.562C cv1@63.656C/63.656C gpu@66.562C/66.562C tj@69.281C/69.281C soc1@61.187C/61.187C cv2@59C/59C VDD_IN 17366mW/16797mW/17366mW VDD_CPU_GPU_CV 11733mW/11220mW/11733mW VDD_SOC 2434mW/2412mW/2434mW
08-10-2026 21:37:00 RAM 2631/15599MB (lfb 49x4MB) CPU [100%@1984,100%@1984,100%@1984,100%@1984,100%@1984,100%@1984,100%@1984,100%@1984] GR3D_FREQ 99% cv0@64.593C/64.593C cpu@69.218C/69.218C soc2@61.125C/61.125C soc0@62.656C/62.656C cv1@63.75C/63.75C gpu@66.875C/66.875C tj@69.218C/69.281C soc1@61.125C/61.187C cv2@59.062C/59.062C VDD_IN 17366mW/16807mW/17366mW VDD_CPU_GPU_CV 11733mW/11229mW/11733mW VDD_SOC 2434mW/2412mW/2434mW
08-10-2026 21:37:01 RAM 2631/15599MB (lfb 49x4MB) CPU [100%@1984,100%@1984,100%@1984,100%@1984,100%@1984,100%@1984,100%@1984,100%@1984] GR3D_FREQ 99% cv0@64.75C/64.75C cpu@69.187C/69.218C soc2@61.125C/61.125C soc0@62.625C/62.656C cv1@63.843C/63.843C gpu@66.718C/66.875C tj@69.187C/69.281C soc1@61.218C/61.218C cv2@59.093C/59.093C VDD_IN 17366mW/16816mW/17366mW VDD_CPU_GPU_CV 11733mW/11237mW/11733mW VDD_SOC 2434mW/2413mW/2434mW
08-10-2026 21:37:01 RAM 2631/15599MB (lfb 49x4MB) CPU [100%@1984,100%@1984,100%@1984,100%@1984,100%@1984,100%@1984,100%@1984,100%@1984] GR3D_FREQ 99% cv0@64.687C/64.75C cpu@69.406C/69.406C soc2@61.25C/61.25C soc0@62.718C/62.718C cv1@63.75C/63.843C gpu@66.75C/66.875C tj@69.218C/69.281C soc1@61.312C/61.312C cv2@59.281C/59.281C VDD_IN 17366mW/16825mW/17366mW VDD_CPU_GPU_CV 11773mW/11246mW/11773mW VDD_SOC 2434mW/2413mW/2434mW
08-10-2026 21:37:02 RAM 2631/15599MB (lfb 49x4MB) CPU [100%@1984,100%@1984,100%@1984,100%@1984,100%@1984,100%@1984,100%@1984,100%@1984] GR3D_FREQ 99% cv0@64.781C/64.781C cpu@69.281C/69.406C soc2@61.343C/61.343C soc0@62.781C/62.781C cv1@63.843C/63.843C gpu@66.906C/66.906C tj@69.281C/69.281C soc1@61.562C/61.562C cv2@59.218C/59.281C VDD_IN 17407mW/16835mW/17407mW VDD_CPU_GPU_CV 11773mW/11254mW/11773mW VDD_SOC 2434mW/2413mW/2434mW
08-10-2026 21:37:02 RAM 2631/15599MB (lfb 49x4MB) CPU [100%@1984,100%@1984,100%@1984,100%@1984,100%@1984,100%@1984,100%@1984,100%@1984] GR3D_FREQ 99% cv0@64.812C/64.812C cpu@69.281C/69.406C soc2@61.406C/61.406C soc0@63.031C/63.031C cv1@64C/64C gpu@66.937C/66.937C tj@69.281C/69.281C soc1@61.562C/61.562C cv2@59.343C/59.343C VDD_IN 17407mW/16844mW/17407mW VDD_CPU_GPU_CV 11773mW/11263mW/11773mW VDD_SOC 2434mW/2414mW/2434mW
08-10-2026 21:37:03 RAM 2631/15599MB (lfb 49x4MB) CPU [100%@1984,100%@1984,100%@1984,100%@1984,100%@1984,100%@1984,100%@1984,100%@1984] GR3D_FREQ 99% cv0@64.906C/64.906C cpu@69.5C/69.5C soc2@61.531C/61.531C soc0@63.031C/63.031C cv1@64.093C/64.093C gpu@66.906C/66.937C tj@69.5C/69.5C soc1@61.593C/61.593C cv2@59.437C/59.437C VDD_IN 17407mW/16852mW/17407mW VDD_CPU_GPU_CV 11773mW/11271mW/11773mW VDD_SOC 2434mW/2414mW/2434mW
08-10-2026 21:37:03 RAM 2631/15599MB (lfb 49x4MB) CPU [100%@1984,100%@1984,100%@1984,100%@1984,100%@1984,100%@1984,100%@1984,100%@1984] GR3D_FREQ 99% cv0@65.125C/65.125C cpu@69.437C/69.5C soc2@61.562C/61.562C soc0@62.968C/63.031C cv1@64.062C/64.093C gpu@67.187C/67.187C tj@69.437C/69.5C soc1@61.625C/61.625C cv2@59.468C/59.468C VDD_IN 17407mW/16861mW/17407mW VDD_CPU_GPU_CV 11773mW/11278mW/11773mW VDD_SOC 2434mW/2414mW/2434mW
08-10-2026 21:37:04 RAM 2631/15599MB (lfb 49x4MB) CPU [100%@1984,100%@1984,100%@1984,100%@1984,100%@1984,100%@1984,100%@1984,100%@1984] GR3D_FREQ 99% cv0@65.093C/65.125C cpu@69.593C/69.593C soc2@61.562C/61.562C soc0@63.125C/63.125C cv1@64.156C/64.156C gpu@67.187C/67.187C tj@69.593C/69.593C soc1@61.75C/61.75C cv2@59.593C/59.593C VDD_IN 17407mW/16869mW/17407mW VDD_CPU_GPU_CV 11773mW/11286mW/11773mW VDD_SOC 2434mW/2415mW/2434mW
08-10-2026 21:37:04 RAM 2631/15599MB (lfb 49x4MB) CPU [100%@1984,100%@1984,100%@1984,100%@1984,100%@1984,100%@1984,100%@1984,100%@1984] GR3D_FREQ 99% cv0@65.218C/65.218C cpu@69.531C/69.593C soc2@61.656C/61.656C soc0@63.156C/63.156C cv1@64.218C/64.218C gpu@67.187C/67.187C tj@69.531C/69.593C soc1@61.843C/61.843C cv2@59.593C/59.593C VDD_IN 17407mW/16877mW/17407mW VDD_CPU_GPU_CV 11773mW/11293mW/11773mW VDD_SOC 2434mW/2415mW/2434mW
08-10-2026 21:37:05 RAM 2631/15599MB (lfb 49x4MB) CPU [100%@1984,100%@1984,100%@1984,100%@1984,100%@1984,100%@1984,100%@1984,100%@1984] GR3D_FREQ 99% cv0@65.218C/65.218C cpu@69.75C/69.75C soc2@61.75C/61.75C soc0@63.25C/63.25C cv1@64.218C/64.218C gpu@67.5C/67.5C tj@69.75C/69.75C soc1@61.937C/61.937C cv2@59.593C/59.593C VDD_IN 17407mW/16885mW/17407mW VDD_CPU_GPU_CV 11773mW/11300mW/11773mW VDD_SOC 2434mW/2415mW/2434mW
08-10-2026 21:37:05 RAM 2631/15599MB (lfb 49x4MB) CPU [100%@1984,100%@1984,100%@1984,100%@1984,100%@1984,100%@1984,100%@1984,100%@1984] GR3D_FREQ 99% cv0@65.187C/65.218C cpu@69.968C/69.968C soc2@61.906C/61.906C soc0@63.406C/63.406C cv1@64.406C/64.406C gpu@67.406C/67.5C tj@69.968C/69.968C soc1@61.875C/61.937C cv2@59.656C/59.656C VDD_IN 17407mW/16893mW/17407mW VDD_CPU_GPU_CV 11773mW/11307mW/11773mW VDD_SOC 2434mW/2416mW/2434mW
08-10-2026 21:37:06 RAM 2631/15599MB (lfb 49x4MB) CPU [100%@1984,100%@1984,100%@1984,100%@1984,100%@1984,100%@1984,100%@1984,100%@1984] GR3D_FREQ 99% cv0@65.343C/65.343C cpu@69.937C/69.968C soc2@61.906C/61.906C soc0@63.5C/63.5C cv1@64.5C/64.5C gpu@67.781C/67.781C tj@69.781C/69.968C soc1@61.906C/61.937C cv2@59.687C/59.687C VDD_IN 17407mW/16900mW/17407mW VDD_CPU_GPU_CV 11773mW/11314mW/11773mW VDD_SOC 2434mW/2416mW/2434mW
08-10-2026 21:37:06 RAM 2631/15599MB (lfb 49x4MB) CPU [100%@1984,100%@1984,100%@1984,100%@1984,100%@1984,100%@1984,100%@1984,100%@1984] GR3D_FREQ 99% cv0@65.468C/65.468C cpu@69.906C/69.968C soc2@62.031C/62.031C soc0@63.437C/63.5C cv1@64.562C/64.562C gpu@67.656C/67.781C tj@69.906C/69.968C soc1@61.906C/61.937C cv2@59.906C/59.906C VDD_IN 17407mW/16907mW/17407mW VDD_CPU_GPU_CV 11773mW/11320mW/11773mW VDD_SOC 2434mW/2416mW/2434mW
08-10-2026 21:37:07 RAM 2631/15599MB (lfb 49x4MB) CPU [100%@1984,100%@1984,100%@1984,100%@1984,100%@1984,100%@1984,100%@1984,100%@1984] GR3D_FREQ 99% cv0@65.656C/65.656C cpu@70.093C/70.093C soc2@62.031C/62.031C soc0@63.531C/63.531C cv1@64.593C/64.593C gpu@67.812C/67.812C tj@70.093C/70.093C soc1@62.031C/62.031C cv2@59.937C/59.937C VDD_IN 17407mW/16914mW/17407mW VDD_CPU_GPU_CV 11773mW/11326mW/11773mW VDD_SOC 2434mW/2416mW/2434mW
08-10-2026 21:37:07 RAM 2631/15599MB (lfb 49x4MB) CPU [100%@1984,100%@1984,100%@1984,100%@1984,100%@1984,100%@1984,100%@1984,100%@1984] GR3D_FREQ 99% cv0@65.531C/65.656C cpu@70.031C/70.093C soc2@62.062C/62.062C soc0@63.531C/63.531C cv1@64.593C/64.593C gpu@67.5C/67.812C tj@70.031C/70.093C soc1@62.125C/62.125C cv2@60C/60C VDD_IN 17447mW/16921mW/17447mW VDD_CPU_GPU_CV 11773mW/11333mW/11773mW VDD_SOC 2434mW/2417mW/2434mW
08-10-2026 21:37:08 RAM 2631/15599MB (lfb 49x4MB) CPU [100%@1984,100%@1984,100%@1984,100%@1984,100%@1984,100%@1984,100%@1984,100%@1984] GR3D_FREQ 99% cv0@65.562C/65.656C cpu@70.062C/70.093C soc2@62.093C/62.093C soc0@63.562C/63.562C cv1@64.625C/64.625C gpu@67.906C/67.906C tj@70.062C/70.093C soc1@62.25C/62.25C cv2@60C/60C VDD_IN 17447mW/16928mW/17447mW VDD_CPU_GPU_CV 11773mW/11339mW/11773mW VDD_SOC 2434mW/2417mW/2434mW
08-10-2026 21:37:08 RAM 2631/15599MB (lfb 49x4MB) CPU [100%@1984,100%@1984,100%@1984,100%@1984,100%@1984,100%@1984,100%@1984,100%@1984] GR3D_FREQ 99% cv0@65.656C/65.656C cpu@70.281C/70.281C soc2@62.125C/62.125C soc0@63.812C/63.812C cv1@64.781C/64.781C gpu@67.843C/67.906C tj@70.156C/70.156C soc1@62.281C/62.281C cv2@60.062C/60.062C VDD_IN 17447mW/16935mW/17447mW VDD_CPU_GPU_CV 11773mW/11344mW/11773mW VDD_SOC 2434mW/2417mW/2434mW
08-10-2026 21:37:09 RAM 2631/15599MB (lfb 49x4MB) CPU [100%@1984,100%@1984,100%@1984,100%@1984,100%@1984,100%@1984,100%@1984,100%@1984] GR3D_FREQ 99% cv0@65.625C/65.656C cpu@70.343C/70.343C soc2@62.281C/62.281C soc0@63.875C/63.875C cv1@64.812C/64.812C gpu@67.968C/67.968C tj@70.343C/70.343C soc1@62.375C/62.375C cv2@60.125C/60.125C VDD_IN 17447mW/16942mW/17447mW VDD_CPU_GPU_CV 11773mW/11350mW/11773mW VDD_SOC 2475mW/2418mW/2475mW
08-10-2026 21:37:09 RAM 2631/15599MB (lfb 49x4MB) CPU [100%@1984,100%@1984,100%@1984,100%@1984,100%@1984,100%@1984,100%@1984,100%@1984] GR3D_FREQ 99% cv0@65.687C/65.687C cpu@70.187C/70.343C soc2@62.343C/62.343C soc0@63.875C/63.875C cv1@64.843C/64.843C gpu@67.843C/67.968C tj@70.187C/70.343C soc1@62.406C/62.406C cv2@60.25C/60.25C VDD_IN 17447mW/16949mW/17447mW VDD_CPU_GPU_CV 11773mW/11355mW/11773mW VDD_SOC 2475mW/2419mW/2475mW
08-10-2026 21:37:10 RAM 2631/15599MB (lfb 49x4MB) CPU [100%@1984,100%@1984,100%@1984,100%@1984,100%@1984,100%@1984,100%@1984,100%@1984] GR3D_FREQ 99% cv0@65.906C/65.906C cpu@70.375C/70.375C soc2@62.406C/62.406C soc0@63.937C/63.937C cv1@64.937C/64.937C gpu@68.093C/68.093C tj@70.375C/70.375C soc1@62.468C/62.468C cv2@60.375C/60.375C VDD_IN 17447mW/16955mW/17447mW VDD_CPU_GPU_CV 11813mW/11361mW/11813mW VDD_SOC 2475mW/2419mW/2475mW
08-10-2026 21:37:10 RAM 2631/15599MB (lfb 49x4MB) CPU [100%@1984,100%@1984,100%@1984,100%@1984,100%@1984,100%@1984,100%@1984,100%@1984] GR3D_FREQ 99% cv0@65.843C/65.906C cpu@70.343C/70.375C soc2@62.406C/62.406C soc0@64C/64C cv1@64.906C/64.937C gpu@68.062C/68.093C tj@70.343C/70.375C soc1@62.468C/62.468C cv2@60.312C/60.375C VDD_IN 17447mW/16961mW/17447mW VDD_CPU_GPU_CV 11813mW/11367mW/11813mW VDD_SOC 2475mW/2420mW/2475mW
08-10-2026 21:37:11 RAM 2631/15599MB (lfb 49x4MB) CPU [100%@1984,100%@1984,100%@1984,100%@1984,100%@1984,100%@1984,100%@1984,100%@1984] GR3D_FREQ 99% cv0@65.968C/65.968C cpu@70.375C/70.375C soc2@62.406C/62.406C soc0@63.906C/64C cv1@65C/65C gpu@68.093C/68.093C tj@70.343C/70.375C soc1@62.5C/62.5C cv2@60.406C/60.406C VDD_IN 17447mW/16967mW/17447mW VDD_CPU_GPU_CV 11813mW/11373mW/11813mW VDD_SOC 2475mW/2421mW/2475mW
08-10-2026 21:37:11 RAM 2631/15599MB (lfb 49x4MB) CPU [100%@1984,100%@1984,100%@1984,100%@1984,100%@1984,100%@1984,100%@1984,100%@1984] GR3D_FREQ 99% cv0@66C/66C cpu@70.375C/70.375C soc2@62.593C/62.593C soc0@64C/64C cv1@65.093C/65.093C gpu@68.156C/68.156C tj@70.375C/70.375C soc1@62.593C/62.593C cv2@60.406C/60.406C VDD_IN 17447mW/16973mW/17447mW VDD_CPU_GPU_CV 11813mW/11378mW/11813mW VDD_SOC 2475mW/2421mW/2475mW
08-10-2026 21:37:12 RAM 2631/15599MB (lfb 49x4MB) CPU [100%@1984,100%@1984,100%@1984,100%@1984,100%@1984,100%@1984,100%@1984,100%@1984] GR3D_FREQ 99% cv0@66.031C/66.031C cpu@70.625C/70.625C soc2@62.593C/62.593C soc0@64.281C/64.281C cv1@65.218C/65.218C gpu@68.25C/68.25C tj@70.625C/70.625C soc1@62.625C/62.625C cv2@60.468C/60.468C VDD_IN 17447mW/16979mW/17447mW VDD_CPU_GPU_CV 11813mW/11383mW/11813mW VDD_SOC 2475mW/2422mW/2475mW
08-10-2026 21:37:12 RAM 2631/15599MB (lfb 49x4MB) CPU [100%@1984,100%@1984,100%@1984,100%@1984,100%@1984,100%@1984,100%@1984,100%@1984] GR3D_FREQ 99% cv0@66.093C/66.093C cpu@70.75C/70.75C soc2@62.687C/62.687C soc0@64.25C/64.281C cv1@65.25C/65.25C gpu@68.218C/68.25C tj@70.75C/70.75C soc1@62.656C/62.656C cv2@60.5C/60.5C VDD_IN 17447mW/16985mW/17447mW VDD_CPU_GPU_CV 11813mW/11389mW/11813mW VDD_SOC 2475mW/2423mW/2475mW
08-10-2026 21:37:13 RAM 2631/15599MB (lfb 49x4MB) CPU [100%@1984,100%@1984,100%@1984,100%@1984,100%@1984,100%@1984,100%@1984,100%@1984] GR3D_FREQ 99% cv0@66.093C/66.093C cpu@70.656C/70.75C soc2@62.718C/62.718C soc0@64.375C/64.375C cv1@65.25C/65.25C gpu@68.343C/68.343C tj@70.625C/70.75C soc1@62.75C/62.75C cv2@60.687C/60.687C VDD_IN 17447mW/16990mW/17447mW VDD_CPU_GPU_CV 11813mW/11394mW/11813mW VDD_SOC 2475mW/2423mW/2475mW
08-10-2026 21:37:13 RAM 2631/15599MB (lfb 49x4MB) CPU [100%@1984,100%@1984,100%@1984,100%@1984,100%@1984,100%@1984,100%@1984,100%@1984] GR3D_FREQ 99% cv0@66.281C/66.281C cpu@70.718C/70.75C soc2@62.843C/62.843C soc0@64.281C/64.375C cv1@65.281C/65.281C gpu@68.312C/68.343C tj@70.718C/70.75C soc1@62.75C/62.75C cv2@60.718C/60.718C VDD_IN 17488mW/16996mW/17488mW VDD_CPU_GPU_CV 11813mW/11399mW/11813mW VDD_SOC 2475mW/2424mW/2475mW
08-10-2026 21:37:14 RAM 2631/15599MB (lfb 49x4MB) CPU [100%@1984,100%@1984,100%@1984,100%@1984,100%@1984,100%@1984,100%@1984,100%@1984] GR3D_FREQ 99% cv0@66.281C/66.281C cpu@70.718C/70.75C soc2@62.843C/62.843C soc0@64.312C/64.375C cv1@65.281C/65.281C gpu@68.312C/68.343C tj@70.718C/70.75C soc1@62.968C/62.968C cv2@60.781C/60.781C VDD_IN 17488mW/17002mW/17488mW VDD_CPU_GPU_CV 11813mW/11403mW/11813mW VDD_SOC 2475mW/2424mW/2475mW
08-10-2026 21:37:14 RAM 2631/15599MB (lfb 49x4MB) CPU [100%@1984,100%@1984,100%@1984,100%@1984,100%@1984,100%@1984,100%@1984,100%@1984] GR3D_FREQ 99% cv0@66.406C/66.406C cpu@70.781C/70.781C soc2@62.875C/62.875C soc0@64.406C/64.406C cv1@65.281C/65.281C gpu@68.437C/68.437C tj@70.781C/70.781C soc1@63C/63C cv2@60.843C/60.843C VDD_IN 17488mW/17007mW/17488mW VDD_CPU_GPU_CV 11813mW/11408mW/11813mW VDD_SOC 2475mW/2425mW/2475mW
08-10-2026 21:37:15 RAM 2631/15599MB (lfb 49x4MB) CPU [100%@1984,100%@1984,100%@1984,100%@1984,100%@1984,100%@1984,100%@1984,100%@1984] GR3D_FREQ 99% cv0@66.375C/66.406C cpu@70.781C/70.781C soc2@62.875C/62.875C soc0@64.531C/64.531C cv1@65.562C/65.562C gpu@68.593C/68.593C tj@70.781C/70.781C soc1@62.968C/63C cv2@60.875C/60.875C VDD_IN 17488mW/17013mW/17488mW VDD_CPU_GPU_CV 11813mW/11413mW/11813mW VDD_SOC 2475mW/2426mW/2475mW
08-10-2026 21:37:15 RAM 2631/15599MB (lfb 49x4MB) CPU [100%@1984,100%@1984,100%@1984,100%@1984,100%@1984,100%@1984,100%@1984,100%@1984] GR3D_FREQ 99% cv0@66.375C/66.406C cpu@70.937C/70.937C soc2@63.031C/63.031C soc0@64.656C/64.656C cv1@65.562C/65.562C gpu@68.5C/68.593C tj@70.937C/70.937C soc1@63.031C/63.031C cv2@60.968C/60.968C VDD_IN 17488mW/17018mW/17488mW VDD_CPU_GPU_CV 11813mW/11417mW/11813mW VDD_SOC 2475mW/2426mW/2475mW
08-10-2026 21:37:16 RAM 2631/15599MB (lfb 49x4MB) CPU [100%@1984,100%@1984,100%@1984,100%@1984,100%@1984,100%@1984,100%@1984,100%@1984] GR3D_FREQ 99% cv0@66.406C/66.406C cpu@71.062C/71.062C soc2@63.062C/63.062C soc0@64.625C/64.656C cv1@65.593C/65.593C gpu@68.718C/68.718C tj@71.062C/71.062C soc1@63.031C/63.031C cv2@61.031C/61.031C VDD_IN 17488mW/17023mW/17488mW VDD_CPU_GPU_CV 11813mW/11422mW/11813mW VDD_SOC 2475mW/2427mW/2475mW
08-10-2026 21:37:16 RAM 2631/15599MB (lfb 49x4MB) CPU [100%@1984,100%@1984,100%@1984,100%@1984,100%@1984,100%@1984,100%@1984,100%@1984] GR3D_FREQ 99% cv0@66.531C/66.531C cpu@71.218C/71.218C soc2@63.156C/63.156C soc0@64.625C/64.656C cv1@65.718C/65.718C gpu@68.843C/68.843C tj@71.218C/71.218C soc1@63.093C/63.093C cv2@61.062C/61.062C VDD_IN 17488mW/17028mW/17488mW VDD_CPU_GPU_CV 11813mW/11426mW/11813mW VDD_SOC 2475mW/2427mW/2475mW
08-10-2026 21:37:17 RAM 2631/15599MB (lfb 49x4MB) CPU [100%@1984,100%@1984,100%@1984,100%@1984,100%@1984,100%@1984,100%@1984,100%@1984] GR3D_FREQ 99% cv0@66.781C/66.781C cpu@71.093C/71.218C soc2@63.218C/63.218C soc0@64.656C/64.656C cv1@65.656C/65.718C gpu@68.687C/68.843C tj@71.093C/71.218C soc1@63.093C/63.093C cv2@61.218C/61.218C VDD_IN 17488mW/17033mW/17488mW VDD_CPU_GPU_CV 11813mW/11430mW/11813mW VDD_SOC 2475mW/2428mW/2475mW
08-10-2026 21:37:17 RAM 2631/15599MB (lfb 49x4MB) CPU [100%@1984,100%@1984,100%@1984,100%@1984,100%@1984,100%@1984,100%@1984,100%@1984] GR3D_FREQ 99% cv0@66.625C/66.781C cpu@71.062C/71.218C soc2@63.25C/63.25C soc0@64.75C/64.75C cv1@65.625C/65.718C gpu@68.812C/68.843C tj@71.062C/71.218C soc1@63.25C/63.25C cv2@61.125C/61.218C VDD_IN 17488mW/17038mW/17488mW VDD_CPU_GPU_CV 11813mW/11434mW/11813mW VDD_SOC 2475mW/2428mW/2475mW
08-10-2026 21:37:18 RAM 2631/15599MB (lfb 49x4MB) CPU [100%@1984,100%@1984,100%@1984,100%@1984,100%@1984,100%@1984,100%@1984,100%@1984] GR3D_FREQ 99% cv0@66.687C/66.781C cpu@71.312C/71.312C soc2@63.281C/63.281C soc0@64.937C/64.937C cv1@65.75C/65.75C gpu@68.75C/68.843C tj@71.312C/71.312C soc1@63.375C/63.375C cv2@61.281C/61.281C VDD_IN 17488mW/17043mW/17488mW VDD_CPU_GPU_CV 11813mW/11438mW/11813mW VDD_SOC 2475mW/2429mW/2475mW
08-10-2026 21:37:18 RAM 2631/15599MB (lfb 49x4MB) CPU [100%@1984,100%@1984,100%@1984,100%@1984,100%@1984,100%@1984,100%@1984,100%@1984] GR3D_FREQ 99% cv0@66.687C/66.781C cpu@71.281C/71.312C soc2@63.343C/63.343C soc0@64.875C/64.937C cv1@65.937C/65.937C gpu@68.875C/68.875C tj@71.281C/71.312C soc1@63.343C/63.375C cv2@61.187C/61.281C VDD_IN 17488mW/17048mW/17488mW VDD_CPU_GPU_CV 11813mW/11442mW/11813mW VDD_SOC 2475mW/2429mW/2475mW
08-10-2026 21:37:19 RAM 2631/15599MB (lfb 49x4MB) CPU [100%@1984,100%@1984,100%@1984,100%@1984,100%@1984,100%@1984,100%@1984,100%@1984] GR3D_FREQ 99% cv0@66.781C/66.781C cpu@71.343C/71.343C soc2@63.406C/63.406C soc0@64.937C/64.937C cv1@65.968C/65.968C gpu@69.031C/69.031C tj@71.343C/71.343C soc1@63.375C/63.375C cv2@61.281C/61.281C VDD_IN 17488mW/17052mW/17488mW VDD_CPU_GPU_CV 11813mW/11446mW/11813mW VDD_SOC 2475mW/2430mW/2475mW
08-10-2026 21:37:19 RAM 2631/15599MB (lfb 49x4MB) CPU [100%@1984,100%@1984,100%@1984,100%@1984,100%@1984,100%@1984,100%@1984,100%@1984] GR3D_FREQ 99% cv0@66.875C/66.875C cpu@71.437C/71.437C soc2@63.5C/63.5C soc0@64.937C/64.937C cv1@65.968C/65.968C gpu@68.906C/69.031C tj@71.437C/71.437C soc1@63.437C/63.437C cv2@61.375C/61.375C VDD_IN 17488mW/17057mW/17488mW VDD_CPU_GPU_CV 11813mW/11450mW/11813mW VDD_SOC 2475mW/2430mW/2475mW
08-10-2026 21:37:20 RAM 2631/15599MB (lfb 49x4MB) CPU [100%@1984,100%@1984,100%@1984,100%@1984,100%@1984,100%@1984,100%@1984,100%@1984] GR3D_FREQ 99% cv0@66.937C/66.937C cpu@71.312C/71.437C soc2@63.531C/63.531C soc0@64.968C/64.968C cv1@66.031C/66.031C gpu@68.875C/69.031C tj@71.312C/71.437C soc1@63.437C/63.437C cv2@61.5C/61.5C VDD_IN 17488mW/17061mW/17488mW VDD_CPU_GPU_CV 11813mW/11454mW/11813mW VDD_SOC 2475mW/2431mW/2475mW
08-10-2026 21:37:20 RAM 2631/15599MB (lfb 49x4MB) CPU [100%@1984,100%@1984,100%@1984,100%@1984,100%@1984,100%@1984,100%@1984,100%@1984] GR3D_FREQ 99% cv0@66.906C/66.937C cpu@71.437C/71.437C soc2@63.562C/63.562C soc0@64.968C/64.968C cv1@66.031C/66.031C gpu@69.093C/69.093C tj@71.437C/71.437C soc1@63.5C/63.5C cv2@61.468C/61.5C VDD_IN 17488mW/17066mW/17488mW VDD_CPU_GPU_CV 11813mW/11457mW/11813mW VDD_SOC 2475mW/2431mW/2475mW
08-10-2026 21:37:21 RAM 2631/15599MB (lfb 49x4MB) CPU [100%@1984,100%@1984,100%@1984,100%@1984,100%@1984,100%@1984,100%@1984,100%@1984] GR3D_FREQ 99% cv0@67.062C/67.062C cpu@71.437C/71.437C soc2@63.531C/63.562C soc0@65.187C/65.187C cv1@66.093C/66.093C gpu@69.031C/69.093C tj@71.437C/71.437C soc1@63.625C/63.625C cv2@61.468C/61.5C VDD_IN 17528mW/17070mW/17528mW VDD_CPU_GPU_CV 11854mW/11461mW/11854mW VDD_SOC 2475mW/2432mW/2475mW
08-10-2026 21:37:21 RAM 2631/15599MB (lfb 49x4MB) CPU [100%@1984,100%@1984,100%@1984,100%@1984,100%@1984,100%@1984,100%@1984,100%@1984] GR3D_FREQ 99% cv0@67.031C/67.062C cpu@71.656C/71.656C soc2@63.656C/63.656C soc0@65.187C/65.187C cv1@66.281C/66.281C gpu@69.281C/69.281C tj@71.656C/71.656C soc1@63.593C/63.625C cv2@61.5C/61.5C VDD_IN 17528mW/17075mW/17528mW VDD_CPU_GPU_CV 11854mW/11465mW/11854mW VDD_SOC 2475mW/2432mW/2475mW
08-10-2026 21:37:22 RAM 2631/15599MB (lfb 49x4MB) CPU [100%@1984,100%@1984,100%@1984,100%@1984,100%@1984,100%@1984,100%@1984,100%@1984] GR3D_FREQ 99% cv0@67.125C/67.125C cpu@71.75C/71.75C soc2@63.812C/63.812C soc0@65.187C/65.187C cv1@66.312C/66.312C gpu@69.125C/69.281C tj@71.75C/71.75C soc1@63.656C/63.656C cv2@61.562C/61.562C VDD_IN 17528mW/17079mW/17528mW VDD_CPU_GPU_CV 11854mW/11469mW/11854mW VDD_SOC 2475mW/2432mW/2475mW
08-10-2026 21:37:22 RAM 2631/15599MB (lfb 49x4MB) CPU [100%@1984,100%@1984,100%@1984,100%@1984,100%@1984,100%@1984,100%@1984,100%@1984] GR3D_FREQ 99% cv0@67.312C/67.312C cpu@71.687C/71.75C soc2@63.781C/63.812C soc0@65.25C/65.25C cv1@66.187C/66.312C gpu@69.406C/69.406C tj@71.687C/71.75C soc1@63.718C/63.718C cv2@61.75C/61.75C VDD_IN 17528mW/17084mW/17528mW VDD_CPU_GPU_CV 11854mW/11473mW/11854mW VDD_SOC 2475mW/2433mW/2475mW
08-10-2026 21:37:23 RAM 2631/15599MB (lfb 49x4MB) CPU [100%@1984,100%@1984,100%@1984,100%@1984,100%@1984,100%@1984,100%@1984,100%@1984] GR3D_FREQ 99% cv0@67.25C/67.312C cpu@71.781C/71.781C soc2@63.781C/63.812C soc0@65.312C/65.312C cv1@66.281C/66.312C gpu@69.25C/69.406C tj@71.781C/71.781C soc1@63.625C/63.718C cv2@61.843C/61.843C VDD_IN 17528mW/17088mW/17528mW VDD_CPU_GPU_CV 11854mW/11476mW/11854mW VDD_SOC 2475mW/2433mW/2475mW
08-10-2026 21:37:23 RAM 2631/15599MB (lfb 49x4MB) CPU [100%@1984,100%@1984,100%@1984,100%@1984,100%@1984,100%@1984,100%@1984,100%@1984] GR3D_FREQ 99% cv0@67.343C/67.343C cpu@71.656C/71.781C soc2@63.843C/63.843C soc0@65.375C/65.375C cv1@66.343C/66.343C gpu@69.5C/69.5C tj@71.656C/71.781C soc1@63.937C/63.937C cv2@61.781C/61.843C VDD_IN 17528mW/17092mW/17528mW VDD_CPU_GPU_CV 11854mW/11480mW/11854mW VDD_SOC 2475mW/2434mW/2475mW
08-10-2026 21:37:24 RAM 2631/15599MB (lfb 49x4MB) CPU [100%@1984,100%@1984,100%@1984,100%@1984,100%@1984,100%@1984,100%@1984,100%@1984] GR3D_FREQ 99% cv0@67.343C/67.343C cpu@71.687C/71.781C soc2@63.843C/63.843C soc0@65.5C/65.5C cv1@66.406C/66.406C gpu@69.343C/69.5C tj@71.687C/71.781C soc1@63.906C/63.937C cv2@61.781C/61.843C VDD_IN 17528mW/17096mW/17528mW VDD_CPU_GPU_CV 11854mW/11483mW/11854mW VDD_SOC 2475mW/2434mW/2475mW
08-10-2026 21:37:24 RAM 2631/15599MB (lfb 49x4MB) CPU [100%@1984,100%@1984,100%@1984,100%@1984,100%@1984,100%@1984,100%@1984,100%@1984] GR3D_FREQ 99% cv0@67.312C/67.343C cpu@71.75C/71.781C soc2@64C/64C soc0@65.468C/65.5C cv1@66.562C/66.562C gpu@69.562C/69.562C tj@71.75C/71.781C soc1@63.875C/63.937C cv2@61.843C/61.843C VDD_IN 17528mW/17100mW/17528mW VDD_CPU_GPU_CV 11854mW/11487mW/11854mW VDD_SOC 2475mW/2434mW/2475mW
08-10-2026 21:37:25 RAM 2631/15599MB (lfb 49x4MB) CPU [100%@1984,100%@1984,100%@1984,100%@1984,100%@1984,100%@1984,100%@1984,100%@1984] GR3D_FREQ 99% cv0@67.406C/67.406C cpu@71.906C/71.906C soc2@64.156C/64.156C soc0@65.562C/65.562C cv1@66.531C/66.562C gpu@69.437C/69.562C tj@71.906C/71.906C soc1@64.062C/64.062C cv2@61.875C/61.875C VDD_IN 17528mW/17104mW/17528mW VDD_CPU_GPU_CV 11854mW/11490mW/11854mW VDD_SOC 2475mW/2435mW/2475mW
08-10-2026 21:37:25 RAM 2631/15599MB (lfb 49x4MB) CPU [100%@1984,100%@1984,100%@1984,100%@1984,100%@1984,100%@1984,100%@1984,100%@1984] GR3D_FREQ 99% cv0@67.437C/67.437C cpu@71.906C/71.906C soc2@64C/64.156C soc0@65.468C/65.562C cv1@66.625C/66.625C gpu@69.625C/69.625C tj@72.062C/72.062C soc1@64C/64.062C cv2@62.093C/62.093C VDD_IN 17528mW/17108mW/17528mW VDD_CPU_GPU_CV 11854mW/11494mW/11854mW VDD_SOC 2475mW/2435mW/2475mW
08-10-2026 21:37:26 RAM 2631/15599MB (lfb 49x4MB) CPU [100%@1984,100%@1984,100%@1984,100%@1984,100%@1984,100%@1984,100%@1984,100%@1984] GR3D_FREQ 99% cv0@67.625C/67.625C cpu@71.937C/71.937C soc2@63.968C/64.156C soc0@65.593C/65.593C cv1@66.562C/66.625C gpu@69.625C/69.625C tj@71.937C/72.062C soc1@64.031C/64.062C cv2@62.093C/62.093C VDD_IN 17528mW/17112mW/17528mW VDD_CPU_GPU_CV 11854mW/11497mW/11854mW VDD_SOC 2475mW/2435mW/2475mW
08-10-2026 21:37:26 RAM 2631/15599MB (lfb 49x4MB) CPU [100%@1984,100%@1984,100%@1984,100%@1984,100%@1984,100%@1984,100%@1984,100%@1984] GR3D_FREQ 99% cv0@67.593C/67.625C cpu@71.906C/71.937C soc2@64.125C/64.156C soc0@65.687C/65.687C cv1@66.593C/66.625C gpu@69.75C/69.75C tj@71.906C/72.062C soc1@64.187C/64.187C cv2@62.125C/62.125C VDD_IN 17528mW/17116mW/17528mW VDD_CPU_GPU_CV 11854mW/11500mW/11854mW VDD_SOC 2475mW/2436mW/2475mW
08-10-2026 21:37:27 RAM 2631/15599MB (lfb 49x4MB) CPU [100%@1984,100%@1984,100%@1984,100%@1984,100%@1984,100%@1984,100%@1984,100%@1984] GR3D_FREQ 99% cv0@67.562C/67.625C cpu@71.968C/71.968C soc2@64.156C/64.156C soc0@65.687C/65.687C cv1@66.75C/66.75C gpu@69.906C/69.906C tj@71.968C/72.062C soc1@64.281C/64.281C cv2@62.218C/62.218C VDD_IN 17528mW/17119mW/17528mW VDD_CPU_GPU_CV 11854mW/11503mW/11854mW VDD_SOC 2475mW/2436mW/2475mW
08-10-2026 21:37:27 RAM 2631/15599MB (lfb 49x4MB) CPU [100%@1984,100%@1984,100%@1984,100%@1984,100%@1984,100%@1984,100%@1984,100%@1984] GR3D_FREQ 99% cv0@67.531C/67.625C cpu@72.281C/72.281C soc2@64.343C/64.343C soc0@65.75C/65.75C cv1@66.75C/66.75C gpu@69.843C/69.906C tj@72.281C/72.281C soc1@64.218C/64.281C cv2@62.187C/62.218C VDD_IN 17569mW/17123mW/17569mW VDD_CPU_GPU_CV 11854mW/11506mW/11854mW VDD_SOC 2475mW/2437mW/2475mW
08-10-2026 21:37:28 RAM 2631/15599MB (lfb 49x4MB) CPU [100%@1984,100%@1984,100%@1984,100%@1984,100%@1984,100%@1984,100%@1984,100%@1984] GR3D_FREQ 99% cv0@67.656C/67.656C cpu@72.218C/72.281C soc2@64.312C/64.343C soc0@65.875C/65.875C cv1@66.843C/66.843C gpu@69.906C/69.906C tj@72.062C/72.281C soc1@64.218C/64.281C cv2@62.281C/62.281C VDD_IN 17569mW/17127mW/17569mW VDD_CPU_GPU_CV 11854mW/11509mW/11854mW VDD_SOC 2475mW/2437mW/2475mW
08-10-2026 21:37:28 RAM 2631/15599MB (lfb 49x4MB) CPU [100%@1984,100%@1984,100%@1984,100%@1984,100%@1984,100%@1984,100%@1984,100%@1984] GR3D_FREQ 99% cv0@67.906C/67.906C cpu@72.343C/72.343C soc2@64.343C/64.343C soc0@65.843C/65.875C cv1@66.812C/66.843C gpu@69.937C/69.937C tj@72.343C/72.343C soc1@64.218C/64.281C cv2@62.437C/62.437C VDD_IN 17569mW/17131mW/17569mW VDD_CPU_GPU_CV 11854mW/11512mW/11854mW VDD_SOC 2475mW/2437mW/2475mW
08-10-2026 21:37:29 RAM 2631/15599MB (lfb 49x4MB) CPU [100%@1984,100%@1984,100%@1984,100%@1984,100%@1984,100%@1984,100%@1984,100%@1984] GR3D_FREQ 99% cv0@67.687C/67.906C cpu@72.343C/72.343C soc2@64.406C/64.406C soc0@65.937C/65.937C cv1@66.812C/66.843C gpu@70.062C/70.062C tj@72.343C/72.343C soc1@64.375C/64.375C cv2@62.343C/62.437C VDD_IN 17569mW/17135mW/17569mW VDD_CPU_GPU_CV 11854mW/11515mW/11854mW VDD_SOC 2475mW/2438mW/2475mW
08-10-2026 21:37:29 RAM 2631/15599MB (lfb 49x4MB) CPU [100%@1984,100%@1984,100%@1984,100%@1984,100%@1984,100%@1984,100%@1984,100%@1984] GR3D_FREQ 99% cv0@67.906C/67.906C cpu@72.281C/72.343C soc2@64.406C/64.406C soc0@65.875C/65.937C cv1@66.906C/66.906C gpu@69.843C/70.062C tj@72.281C/72.343C soc1@64.343C/64.375C cv2@62.437C/62.437C VDD_IN 17569mW/17139mW/17569mW VDD_CPU_GPU_CV 11854mW/11518mW/11854mW VDD_SOC 2475mW/2438mW/2475mW
08-10-2026 21:37:30 RAM 2631/15599MB (lfb 49x4MB) CPU [100%@1984,100%@1984,100%@1984,100%@1984,100%@1984,100%@1984,100%@1984,100%@1984] GR3D_FREQ 99% cv0@67.906C/67.906C cpu@72.25C/72.343C soc2@64.468C/64.468C soc0@66.031C/66.031C cv1@66.968C/66.968C gpu@70.125C/70.125C tj@72.25C/72.343C soc1@64.5C/64.5C cv2@62.468C/62.468C VDD_IN 17569mW/17142mW/17569mW VDD_CPU_GPU_CV 11854mW/11521mW/11854mW VDD_SOC 2475mW/2438mW/2475mW
08-10-2026 21:37:30 RAM 2631/15599MB (lfb 49x4MB) CPU [100%@1984,100%@1984,100%@1984,100%@1984,100%@1984,100%@1984,100%@1984,100%@1984] GR3D_FREQ 99% cv0@67.937C/67.937C cpu@72.343C/72.343C soc2@64.562C/64.562C soc0@66.125C/66.125C cv1@67.031C/67.031C gpu@70.031C/70.125C tj@72.343C/72.343C soc1@64.468C/64.5C cv2@62.375C/62.468C VDD_IN 17569mW/17146mW/17569mW VDD_CPU_GPU_CV 11854mW/11524mW/11854mW VDD_SOC 2475mW/2438mW/2475mW
08-10-2026 21:37:31 RAM 2631/15599MB (lfb 49x4MB) CPU [100%@1984,100%@1984,100%@1984,100%@1984,100%@1984,100%@1984,100%@1984,100%@1984] GR3D_FREQ 99% cv0@67.937C/67.937C cpu@72.531C/72.531C soc2@64.687C/64.687C soc0@66.093C/66.125C cv1@67.062C/67.062C gpu@70.031C/70.125C tj@72.531C/72.531C soc1@64.5C/64.5C cv2@62.5C/62.5C VDD_IN 17569mW/17149mW/17569mW VDD_CPU_GPU_CV 11854mW/11527mW/11854mW VDD_SOC 2475mW/2439mW/2475mW
08-10-2026 21:37:31 RAM 2631/15599MB (lfb 49x4MB) CPU [100%@1984,100%@1984,100%@1984,100%@1984,100%@1984,100%@1984,100%@1984,100%@1984] GR3D_FREQ 99% cv0@68.156C/68.156C cpu@72.437C/72.531C soc2@64.625C/64.687C soc0@66.156C/66.156C cv1@67.062C/67.062C gpu@70.031C/70.125C tj@72.281C/72.531C soc1@64.531C/64.531C cv2@62.562C/62.562C VDD_IN 17569mW/17153mW/17569mW VDD_CPU_GPU_CV 11854mW/11529mW/11854mW VDD_SOC 2475mW/2439mW/2475mW
08-10-2026 21:37:32 RAM 2631/15599MB (lfb 49x4MB) CPU [100%@1984,100%@1984,100%@1984,100%@1984,100%@1984,100%@1984,100%@1984,100%@1984] GR3D_FREQ 99% cv0@68.218C/68.218C cpu@72.531C/72.531C soc2@64.656C/64.687C soc0@66.218C/66.218C cv1@67.093C/67.093C gpu@70.25C/70.25C tj@72.531C/72.531C soc1@64.625C/64.625C cv2@62.781C/62.781C VDD_IN 17569mW/17156mW/17569mW VDD_CPU_GPU_CV 11894mW/11532mW/11894mW VDD_SOC 2475mW/2439mW/2475mW
08-10-2026 21:37:32 RAM 2631/15599MB (lfb 49x4MB) CPU [100%@1984,100%@1984,100%@1984,100%@1984,100%@1984,100%@1984,100%@1984,100%@1984] GR3D_FREQ 99% cv0@68.093C/68.218C cpu@72.5C/72.531C soc2@64.687C/64.687C soc0@66.218C/66.218C cv1@67.093C/67.093C gpu@70.218C/70.25C tj@72.5C/72.531C soc1@64.656C/64.656C cv2@62.781C/62.781C VDD_IN 17569mW/17160mW/17569mW VDD_CPU_GPU_CV 11894mW/11535mW/11894mW VDD_SOC 2475mW/2440mW/2475mW
08-10-2026 21:37:33 RAM 2631/15599MB (lfb 49x4MB) CPU [100%@1984,100%@1984,100%@1984,100%@1984,100%@1984,100%@1984,100%@1984,100%@1984] GR3D_FREQ 99% cv0@68.125C/68.218C cpu@72.812C/72.812C soc2@64.75C/64.75C soc0@66.25C/66.25C cv1@67.156C/67.156C gpu@70.187C/70.25C tj@72.562C/72.562C soc1@64.843C/64.843C cv2@62.718C/62.781C VDD_IN 17569mW/17163mW/17569mW VDD_CPU_GPU_CV 11894mW/11538mW/11894mW VDD_SOC 2475mW/2440mW/2475mW
08-10-2026 21:37:33 RAM 2631/15599MB (lfb 49x4MB) CPU [100%@1984,100%@1984,100%@1984,100%@1984,100%@1984,100%@1984,100%@1984,100%@1984] GR3D_FREQ 99% cv0@68.156C/68.218C cpu@72.531C/72.812C soc2@64.75C/64.75C soc0@66.312C/66.312C cv1@67.062C/67.156C gpu@70.343C/70.343C tj@72.531C/72.562C soc1@64.843C/64.843C cv2@62.75C/62.781C VDD_IN 17569mW/17166mW/17569mW VDD_CPU_GPU_CV 11894mW/11541mW/11894mW VDD_SOC 2475mW/2440mW/2475mW
08-10-2026 21:37:34 RAM 2631/15599MB (lfb 49x4MB) CPU [100%@1984,100%@1984,100%@1984,100%@1984,100%@1984,100%@1984,100%@1984,100%@1984] GR3D_FREQ 99% cv0@68.25C/68.25C cpu@72.75C/72.812C soc2@64.875C/64.875C soc0@66.406C/66.406C cv1@67.375C/67.375C gpu@70.25C/70.343C tj@72.625C/72.625C soc1@64.812C/64.843C cv2@62.781C/62.781C VDD_IN 17569mW/17169mW/17569mW VDD_CPU_GPU_CV 11894mW/11544mW/11894mW VDD_SOC 2475mW/2440mW/2475mW
08-10-2026 21:37:34 RAM 2631/15599MB (lfb 49x4MB) CPU [100%@1984,100%@1984,100%@1984,100%@1984,100%@1984,100%@1984,100%@1984,100%@1984] GR3D_FREQ 99% cv0@68.187C/68.25C cpu@72.812C/72.812C soc2@64.812C/64.875C soc0@66.468C/66.468C cv1@67.375C/67.375C gpu@70.343C/70.343C tj@72.812C/72.812C soc1@64.687C/64.843C cv2@62.843C/62.843C VDD_IN 17569mW/17172mW/17569mW VDD_CPU_GPU_CV 11894mW/11547mW/11894mW VDD_SOC 2475mW/2441mW/2475mW
08-10-2026 21:37:35 RAM 2631/15599MB (lfb 49x4MB) CPU [100%@1984,100%@1984,100%@1984,100%@1984,100%@1984,100%@1984,100%@1984,100%@1984] GR3D_FREQ 99% cv0@68.343C/68.343C cpu@72.75C/72.812C soc2@64.875C/64.875C soc0@66.375C/66.468C cv1@67.312C/67.375C gpu@70.375C/70.375C tj@72.75C/72.812C soc1@64.812C/64.843C cv2@62.937C/62.937C VDD_IN 17569mW/17176mW/17569mW VDD_CPU_GPU_CV 11894mW/11549mW/11894mW VDD_SOC 2475mW/2441mW/2475mW
08-10-2026 21:37:35 RAM 2631/15599MB (lfb 49x4MB) CPU [100%@1984,100%@1984,100%@1984,100%@1984,100%@1984,100%@1984,100%@1984,100%@1984] GR3D_FREQ 99% cv0@68.343C/68.343C cpu@72.812C/72.812C soc2@64.843C/64.875C soc0@66.437C/66.468C cv1@67.406C/67.406C gpu@70.5C/70.5C tj@72.812C/72.812C soc1@64.812C/64.843C cv2@62.968C/62.968C VDD_IN 17569mW/17179mW/17569mW VDD_CPU_GPU_CV 11894mW/11552mW/11894mW VDD_SOC 2475mW/2441mW/2475mW
08-10-2026 21:37:36 RAM 2631/15599MB (lfb 49x4MB) CPU [100%@1984,100%@1984,100%@1984,100%@1984,100%@1984,100%@1984,100%@1984,100%@1984] GR3D_FREQ 99% cv0@68.468C/68.468C cpu@72.718C/72.812C soc2@64.843C/64.875C soc0@66.437C/66.468C cv1@67.406C/67.406C gpu@70.375C/70.5C tj@72.718C/72.812C soc1@65C/65C cv2@63.031C/63.031C VDD_IN 17609mW/17182mW/17609mW VDD_CPU_GPU_CV 11894mW/11555mW/11894mW VDD_SOC 2475mW/2442mW/2475mW
08-10-2026 21:37:36 RAM 2631/15599MB (lfb 49x4MB) CPU [100%@1984,100%@1984,100%@1984,100%@1984,100%@1984,100%@1984,100%@1984,100%@1984] GR3D_FREQ 99% cv0@68.406C/68.468C cpu@73.031C/73.031C soc2@64.937C/64.937C soc0@66.5C/66.5C cv1@67.531C/67.531C gpu@70.468C/70.5C tj@73.031C/73.031C soc1@65.062C/65.062C cv2@62.968C/63.031C VDD_IN 17609mW/17185mW/17609mW VDD_CPU_GPU_CV 11894mW/11557mW/11894mW VDD_SOC 2475mW/2442mW/2475mW
08-10-2026 21:37:37 RAM 2631/15599MB (lfb 49x4MB) CPU [100%@1984,100%@1984,100%@1984,100%@1984,100%@1984,100%@1984,100%@1984,100%@1984] GR3D_FREQ 99% cv0@68.531C/68.531C cpu@72.875C/73.031C soc2@65.062C/65.062C soc0@66.687C/66.687C cv1@67.593C/67.593C gpu@70.531C/70.531C tj@72.875C/73.031C soc1@65.093C/65.093C cv2@62.968C/63.031C VDD_IN 17609mW/17188mW/17609mW VDD_CPU_GPU_CV 11894mW/11560mW/11894mW VDD_SOC 2475mW/2442mW/2475mW
08-10-2026 21:37:37 RAM 2631/15599MB (lfb 49x4MB) CPU [100%@1984,100%@1984,100%@1984,100%@1984,100%@1984,100%@1984,100%@1984,100%@1984] GR3D_FREQ 99% cv0@68.468C/68.531C cpu@73C/73.031C soc2@65.156C/65.156C soc0@66.656C/66.687C cv1@67.562C/67.593C gpu@70.843C/70.843C tj@73C/73.031C soc1@65.125C/65.125C cv2@63.25C/63.25C VDD_IN 17609mW/17192mW/17609mW VDD_CPU_GPU_CV 11894mW/11562mW/11894mW VDD_SOC 2475mW/2442mW/2475mW
08-10-2026 21:37:38 RAM 2631/15599MB (lfb 49x4MB) CPU [100%@1984,100%@1984,100%@1984,100%@1984,100%@1984,100%@1984,100%@1984,100%@1984] GR3D_FREQ 99% cv0@68.437C/68.531C cpu@73.031C/73.031C soc2@65.187C/65.187C soc0@66.687C/66.687C cv1@67.625C/67.625C gpu@70.531C/70.843C tj@73.031C/73.031C soc1@65.093C/65.125C cv2@63.218C/63.25C VDD_IN 17609mW/17195mW/17609mW VDD_CPU_GPU_CV 11894mW/11565mW/11894mW VDD_SOC 2475mW/2443mW/2475mW
08-10-2026 21:37:38 RAM 2631/15599MB (lfb 49x4MB) CPU [100%@1984,100%@1984,100%@1984,100%@1984,100%@1984,100%@1984,100%@1984,100%@1984] GR3D_FREQ 99% cv0@68.687C/68.687C cpu@73.031C/73.031C soc2@65.187C/65.187C soc0@66.625C/66.687C cv1@67.593C/67.625C gpu@70.843C/70.843C tj@73.031C/73.031C soc1@65.125C/65.125C cv2@63.312C/63.312C VDD_IN 17609mW/17198mW/17609mW VDD_CPU_GPU_CV 11894mW/11567mW/11894mW VDD_SOC 2515mW/2443mW/2515mW
08-10-2026 21:37:39 RAM 2631/15599MB (lfb 49x4MB) CPU [100%@1984,100%@1984,100%@1984,100%@1984,100%@1984,100%@1984,100%@1984,100%@1984] GR3D_FREQ 99% cv0@68.718C/68.718C cpu@73.031C/73.031C soc2@65.25C/65.25C soc0@66.812C/66.812C cv1@67.687C/67.687C gpu@70.687C/70.843C tj@73.031C/73.031C soc1@65.218C/65.218C cv2@63.343C/63.343C VDD_IN 17609mW/17201mW/17609mW VDD_CPU_GPU_CV 11894mW/11570mW/11894mW VDD_SOC 2475mW/2443mW/2515mW
08-10-2026 21:37:39 RAM 2631/15599MB (lfb 49x4MB) CPU [100%@1984,100%@1984,100%@1984,100%@1984,100%@1984,100%@1984,100%@1984,100%@1984] GR3D_FREQ 99% cv0@68.718C/68.718C cpu@73.093C/73.093C soc2@65.25C/65.25C soc0@66.718C/66.812C cv1@67.75C/67.75C gpu@70.906C/70.906C tj@73.093C/73.093C soc1@65.218C/65.218C cv2@63.281C/63.343C VDD_IN 17609mW/17204mW/17609mW VDD_CPU_GPU_CV 11894mW/11572mW/11894mW VDD_SOC 2475mW/2444mW/2515mW
08-10-2026 21:37:40 RAM 2631/15599MB (lfb 49x4MB) CPU [100%@1984,100%@1984,100%@1984,100%@1984,100%@1984,100%@1984,100%@1984,100%@1984] GR3D_FREQ 99% cv0@68.656C/68.718C cpu@73.218C/73.218C soc2@65.312C/65.312C soc0@67C/67C cv1@67.75C/67.75C gpu@70.75C/70.906C tj@73.093C/73.093C soc1@65.281C/65.281C cv2@63.343C/63.343C VDD_IN 17609mW/17207mW/17609mW VDD_CPU_GPU_CV 11894mW/11574mW/11894mW VDD_SOC 2515mW/2444mW/2515mW
08-10-2026 21:37:41 RAM 2631/15599MB (lfb 49x4MB) CPU [100%@1984,100%@1984,100%@1984,100%@1984,100%@1984,100%@1984,100%@1984,100%@1984] GR3D_FREQ 99% cv0@68.718C/68.718C cpu@73.125C/73.218C soc2@65.406C/65.406C soc0@66.906C/67C cv1@67.843C/67.843C gpu@70.968C/70.968C tj@73.125C/73.125C soc1@65.281C/65.281C cv2@63.312C/63.343C VDD_IN 17609mW/17210mW/17609mW VDD_CPU_GPU_CV 11894mW/11577mW/11894mW VDD_SOC 2515mW/2445mW/2515mW
08-10-2026 21:37:41 RAM 2631/15599MB (lfb 49x4MB) CPU [100%@1984,100%@1984,100%@1984,100%@1984,100%@1984,100%@1984,100%@1984,100%@1984] GR3D_FREQ 99% cv0@68.75C/68.75C cpu@73.218C/73.218C soc2@65.343C/65.406C soc0@66.906C/67C cv1@67.843C/67.843C gpu@71C/71C tj@73.218C/73.218C soc1@65.281C/65.281C cv2@63.531C/63.531C VDD_IN 17609mW/17212mW/17609mW VDD_CPU_GPU_CV 11894mW/11579mW/11894mW VDD_SOC 2515mW/2445mW/2515mW
08-10-2026 21:37:42 RAM 2631/15599MB (lfb 49x4MB) CPU [100%@1984,100%@1984,100%@1984,100%@1984,100%@1984,100%@1984,100%@1984,100%@1984] GR3D_FREQ 99% cv0@68.875C/68.875C cpu@73.218C/73.218C soc2@65.375C/65.406C soc0@66.937C/67C cv1@67.843C/67.843C gpu@71.062C/71.062C tj@73.218C/73.218C soc1@65.281C/65.281C cv2@63.562C/63.562C VDD_IN 17609mW/17215mW/17609mW VDD_CPU_GPU_CV 11894mW/11581mW/11894mW VDD_SOC 2515mW/2446mW/2515mW
08-10-2026 21:37:42 RAM 2631/15599MB (lfb 49x4MB) CPU [100%@1984,100%@1984,100%@1984,100%@1984,100%@1984,100%@1984,100%@1984,100%@1984] GR3D_FREQ 99% cv0@68.875C/68.875C cpu@73.25C/73.25C soc2@65.468C/65.468C soc0@66.937C/67C cv1@67.812C/67.843C gpu@70.968C/71.062C tj@73.25C/73.25C soc1@65.375C/65.375C cv2@63.531C/63.562C VDD_IN 17609mW/17218mW/17609mW VDD_CPU_GPU_CV 11894mW/11583mW/11894mW VDD_SOC 2515mW/2446mW/2515mW
08-10-2026 21:37:43 RAM 2631/15599MB (lfb 49x4MB) CPU [100%@1984,100%@1984,100%@1984,100%@1984,100%@1984,100%@1984,100%@1984,100%@1984] GR3D_FREQ 99% cv0@68.937C/68.937C cpu@73.343C/73.343C soc2@65.531C/65.531C soc0@66.937C/67C cv1@67.968C/67.968C gpu@71C/71.062C tj@73.343C/73.343C soc1@65.562C/65.562C cv2@63.593C/63.593C VDD_IN 17609mW/17221mW/17609mW VDD_CPU_GPU_CV 11894mW/11585mW/11894mW VDD_SOC 2515mW/2447mW/2515mW
08-10-2026 21:37:43 RAM 2631/15599MB (lfb 49x4MB) CPU [100%@1984,100%@1984,100%@1984,100%@1984,100%@1984,100%@1984,100%@1984,100%@1984] GR3D_FREQ 99% cv0@68.937C/68.937C cpu@73.343C/73.343C soc2@65.468C/65.531C soc0@67.093C/67.093C cv1@67.937C/67.968C gpu@70.968C/71.062C tj@73.343C/73.343C soc1@65.468C/65.562C cv2@63.656C/63.656C VDD_IN 17609mW/17223mW/17609mW VDD_CPU_GPU_CV 11894mW/11588mW/11894mW VDD_SOC 2515mW/2447mW/2515mW
08-10-2026 21:37:44 RAM 2631/15599MB (lfb 49x4MB) CPU [100%@1984,100%@1984,100%@1984,100%@1984,100%@1984,100%@1984,100%@1984,100%@1984] GR3D_FREQ 99% cv0@68.937C/68.937C cpu@73.468C/73.468C soc2@65.593C/65.593C soc0@67.093C/67.093C cv1@68.031C/68.031C gpu@71.125C/71.125C tj@73.468C/73.468C soc1@65.468C/65.562C cv2@63.625C/63.656C VDD_IN 17609mW/17226mW/17609mW VDD_CPU_GPU_CV 11894mW/11590mW/11894mW VDD_SOC 2515mW/2447mW/2515mW
08-10-2026 21:37:44 RAM 2631/15599MB (lfb 49x4MB) CPU [100%@1984,100%@1984,100%@1984,100%@1984,100%@1984,100%@1984,100%@1984,100%@1984] GR3D_FREQ 99% cv0@68.968C/68.968C cpu@73.375C/73.468C soc2@65.625C/65.625C soc0@67.218C/67.218C cv1@68.093C/68.093C gpu@71.031C/71.125C tj@73.625C/73.625C soc1@65.5C/65.562C cv2@63.75C/63.75C VDD_IN 17609mW/17229mW/17609mW VDD_CPU_GPU_CV 11894mW/11592mW/11894mW VDD_SOC 2515mW/2448mW/2515mW
08-10-2026 21:37:45 RAM 2631/15599MB (lfb 49x4MB) CPU [100%@1984,100%@1984,100%@1984,100%@1984,100%@1984,100%@1984,100%@1984,100%@1984] GR3D_FREQ 99% cv0@69.156C/69.156C cpu@73.468C/73.468C soc2@65.625C/65.625C soc0@67.093C/67.218C cv1@68.062C/68.093C gpu@71.093C/71.125C tj@73.468C/73.625C soc1@65.531C/65.562C cv2@63.75C/63.75C VDD_IN 17650mW/17232mW/17650mW VDD_CPU_GPU_CV 11934mW/11594mW/11934mW VDD_SOC 2515mW/2448mW/2515mW
08-10-2026 21:37:45 RAM 2631/15599MB (lfb 49x4MB) CPU [100%@1984,100%@1984,100%@1984,100%@1984,100%@1984,100%@1984,100%@1984,100%@1984] GR3D_FREQ 99% cv0@69.156C/69.156C cpu@73.468C/73.468C soc2@65.656C/65.656C soc0@67.187C/67.218C cv1@68.093C/68.093C gpu@71.156C/71.156C tj@73.468C/73.625C soc1@65.562C/65.562C cv2@63.781C/63.781C VDD_IN 17609mW/17234mW/17650mW VDD_CPU_GPU_CV 11934mW/11596mW/11934mW VDD_SOC 2515mW/2449mW/2515mW
08-10-2026 21:37:46 RAM 2631/15599MB (lfb 49x4MB) CPU [100%@1984,100%@1984,100%@1984,100%@1984,100%@1984,100%@1984,100%@1984,100%@1984] GR3D_FREQ 99% cv0@69.187C/69.187C cpu@73.531C/73.531C soc2@65.656C/65.656C soc0@67.375C/67.375C cv1@68.125C/68.125C gpu@71.281C/71.281C tj@73.531C/73.625C soc1@65.687C/65.687C cv2@63.781C/63.781C VDD_IN 17650mW/17237mW/17650mW VDD_CPU_GPU_CV 11934mW/11599mW/11934mW VDD_SOC 2515mW/2449mW/2515mW
08-10-2026 21:37:46 RAM 2631/15599MB (lfb 49x4MB) CPU [100%@1984,100%@1984,100%@1984,100%@1984,100%@1984,100%@1984,100%@1984,100%@1984] GR3D_FREQ 99% cv0@69.093C/69.187C cpu@73.468C/73.531C soc2@65.656C/65.656C soc0@67.281C/67.375C cv1@68.25C/68.25C gpu@71.25C/71.281C tj@73.468C/73.625C soc1@65.656C/65.687C cv2@63.781C/63.781C VDD_IN 17650mW/17240mW/17650mW VDD_CPU_GPU_CV 11934mW/11601mW/11934mW VDD_SOC 2515mW/2450mW/2515mW
08-10-2026 21:37:47 RAM 2631/15599MB (lfb 49x4MB) CPU [100%@1984,100%@1984,100%@1984,100%@1984,100%@1984,100%@1984,100%@1984,100%@1984] GR3D_FREQ 99% cv0@69.156C/69.187C cpu@73.593C/73.593C soc2@65.75C/65.75C soc0@67.312C/67.375C cv1@68.25C/68.25C gpu@71.187C/71.281C tj@73.593C/73.625C soc1@65.687C/65.687C cv2@63.781C/63.781C VDD_IN 17650mW/17242mW/17650mW VDD_CPU_GPU_CV 11934mW/11603mW/11934mW VDD_SOC 2515mW/2450mW/2515mW
08-10-2026 21:37:47 RAM 2631/15599MB (lfb 49x4MB) CPU [100%@1984,100%@1984,100%@1984,100%@1984,100%@1984,100%@1984,100%@1984,100%@1984] GR3D_FREQ 99% cv0@69.187C/69.187C cpu@73.75C/73.75C soc2@65.781C/65.781C soc0@67.375C/67.375C cv1@68.25C/68.25C gpu@71.375C/71.375C tj@73.75C/73.75C soc1@65.781C/65.781C cv2@63.937C/63.937C VDD_IN 17650mW/17245mW/17650mW VDD_CPU_GPU_CV 11934mW/11605mW/11934mW VDD_SOC 2515mW/2451mW/2515mW
08-10-2026 21:37:48 RAM 2631/15599MB (lfb 49x4MB) CPU [100%@1984,100%@1984,100%@1984,100%@1984,100%@1984,100%@1984,100%@1984,100%@1984] GR3D_FREQ 99% cv0@69.406C/69.406C cpu@73.812C/73.812C soc2@65.812C/65.812C soc0@67.343C/67.375C cv1@68.218C/68.25C gpu@71.375C/71.375C tj@73.812C/73.812C soc1@65.75C/65.781C cv2@63.906C/63.937C VDD_IN 17609mW/17247mW/17650mW VDD_CPU_GPU_CV 11894mW/11607mW/11934mW VDD_SOC 2515mW/2451mW/2515mW
08-10-2026 21:37:48 RAM 2631/15599MB (lfb 49x4MB) CPU [100%@1984,100%@1984,100%@1984,100%@1984,100%@1984,100%@1984,100%@1984,100%@1984] GR3D_FREQ 99% cv0@69.281C/69.406C cpu@73.718C/73.812C soc2@65.843C/65.843C soc0@67.406C/67.406C cv1@68.312C/68.312C gpu@71.343C/71.375C tj@73.718C/73.812C soc1@65.812C/65.812C cv2@63.968C/63.968C VDD_IN 17650mW/17250mW/17650mW VDD_CPU_GPU_CV 11934mW/11609mW/11934mW VDD_SOC 2515mW/2451mW/2515mW
08-10-2026 21:37:49 RAM 2631/15599MB (lfb 49x4MB) CPU [100%@1984,100%@1984,100%@1984,100%@1984,100%@1984,100%@1984,100%@1984,100%@1984] GR3D_FREQ 99% cv0@69.281C/69.406C cpu@73.656C/73.812C soc2@65.968C/65.968C soc0@67.406C/67.406C cv1@68.281C/68.312C gpu@71.375C/71.375C tj@73.656C/73.812C soc1@65.937C/65.937C cv2@63.937C/63.968C VDD_IN 17650mW/17253mW/17650mW VDD_CPU_GPU_CV 11934mW/11611mW/11934mW VDD_SOC 2515mW/2452mW/2515mW
08-10-2026 21:37:49 RAM 2631/15599MB (lfb 49x4MB) CPU [100%@1984,100%@1984,100%@1984,100%@1984,100%@1984,100%@1984,100%@1984,100%@1984] GR3D_FREQ 99% cv0@69.281C/69.406C cpu@73.843C/73.843C soc2@65.875C/65.968C soc0@67.562C/67.562C cv1@68.437C/68.437C gpu@71.593C/71.593C tj@73.843C/73.843C soc1@65.906C/65.937C cv2@63.968C/63.968C VDD_IN 17650mW/17255mW/17650mW VDD_CPU_GPU_CV 11934mW/11613mW/11934mW VDD_SOC 2515mW/2452mW/2515mW
08-10-2026 21:37:50 RAM 2631/15599MB (lfb 49x4MB) CPU [100%@1984,100%@1984,100%@1984,100%@1984,100%@1984,100%@1984,100%@1984,100%@1984] GR3D_FREQ 99% cv0@69.312C/69.406C cpu@74.031C/74.031C soc2@66.031C/66.031C soc0@67.5C/67.562C cv1@68.468C/68.468C gpu@71.531C/71.593C tj@74.031C/74.031C soc1@65.906C/65.937C cv2@64.031C/64.031C VDD_IN 17650mW/17258mW/17650mW VDD_CPU_GPU_CV 11934mW/11615mW/11934mW VDD_SOC 2515mW/2453mW/2515mW
08-10-2026 21:37:50 RAM 2631/15599MB (lfb 49x4MB) CPU [100%@1984,100%@1984,100%@1984,100%@1984,100%@1984,100%@1984,100%@1984,100%@1984] GR3D_FREQ 99% cv0@69.25C/69.406C cpu@73.875C/74.031C soc2@66C/66.031C soc0@67.5C/67.562C cv1@68.437C/68.468C gpu@71.468C/71.593C tj@73.875C/74.031C soc1@66C/66C cv2@64.031C/64.031C VDD_IN 17650mW/17260mW/17650mW VDD_CPU_GPU_CV 11934mW/11617mW/11934mW VDD_SOC 2515mW/2453mW/2515mW
08-10-2026 21:37:51 RAM 2631/15599MB (lfb 49x4MB) CPU [100%@1984,100%@1984,100%@1984,100%@1984,100%@1984,100%@1984,100%@1984,100%@1984] GR3D_FREQ 99% cv0@69.406C/69.406C cpu@73.843C/74.031C soc2@66.125C/66.125C soc0@67.5C/67.562C cv1@68.5C/68.5C gpu@71.468C/71.593C tj@73.843C/74.031C soc1@65.968C/66C cv2@64.187C/64.187C VDD_IN 17650mW/17263mW/17650mW VDD_CPU_GPU_CV 11934mW/11619mW/11934mW VDD_SOC 2515mW/2453mW/2515mW
08-10-2026 21:37:51 RAM 2631/15599MB (lfb 49x4MB) CPU [100%@1984,100%@1984,100%@1984,100%@1984,100%@1984,100%@1984,100%@1984,100%@1984] GR3D_FREQ 99% cv0@69.468C/69.468C cpu@73.906C/74.031C soc2@66.093C/66.125C soc0@67.593C/67.593C cv1@68.5C/68.5C gpu@71.718C/71.718C tj@73.906C/74.031C soc1@66.156C/66.156C cv2@64.156C/64.187C VDD_IN 17650mW/17265mW/17650mW VDD_CPU_GPU_CV 11934mW/11621mW/11934mW VDD_SOC 2515mW/2454mW/2515mW
08-10-2026 21:37:52 RAM 2631/15599MB (lfb 49x4MB) CPU [100%@1984,100%@1984,100%@1984,100%@1984,100%@1984,100%@1984,100%@1984,100%@1984] GR3D_FREQ 99% cv0@69.5C/69.5C cpu@73.906C/74.031C soc2@66.031C/66.125C soc0@67.625C/67.625C cv1@68.562C/68.562C gpu@71.687C/71.718C tj@73.906C/74.031C soc1@66C/66.156C cv2@64.218C/64.218C VDD_IN 17650mW/17267mW/17650mW VDD_CPU_GPU_CV 11934mW/11623mW/11934mW VDD_SOC 2515mW/2454mW/2515mW
08-10-2026 21:37:52 RAM 2631/15599MB (lfb 49x4MB) CPU [100%@1984,100%@1984,100%@1984,100%@1984,100%@1984,100%@1984,100%@1984,100%@1984] GR3D_FREQ 99% cv0@69.593C/69.593C cpu@73.843C/74.031C soc2@66.062C/66.125C soc0@67.656C/67.656C cv1@68.5C/68.562C gpu@71.562C/71.718C tj@73.843C/74.031C soc1@66.156C/66.156C cv2@64.281C/64.281C VDD_IN 17650mW/17270mW/17650mW VDD_CPU_GPU_CV 11934mW/11625mW/11934mW VDD_SOC 2515mW/2455mW/2515mW
08-10-2026 21:37:53 RAM 2631/15599MB (lfb 49x4MB) CPU [100%@1984,100%@1984,100%@1984,100%@1984,100%@1984,100%@1984,100%@1984,100%@1984] GR3D_FREQ 99% cv0@69.562C/69.593C cpu@73.937C/74.031C soc2@66.125C/66.125C soc0@67.625C/67.656C cv1@68.562C/68.562C gpu@71.718C/71.718C tj@73.937C/74.031C soc1@66.218C/66.218C cv2@64.187C/64.281C VDD_IN 17650mW/17272mW/17650mW VDD_CPU_GPU_CV 11934mW/11627mW/11934mW VDD_SOC 2515mW/2455mW/2515mW
08-10-2026 21:37:53 RAM 2631/15599MB (lfb 49x4MB) CPU [100%@1984,100%@1984,100%@1984,100%@1984,100%@1984,100%@1984,100%@1984,100%@1984] GR3D_FREQ 99% cv0@69.687C/69.687C cpu@74.093C/74.093C soc2@66.218C/66.218C soc0@67.781C/67.781C cv1@68.718C/68.718C gpu@71.656C/71.718C tj@74.093C/74.093C soc1@66.093C/66.218C cv2@64.25C/64.281C VDD_IN 17650mW/17274mW/17650mW VDD_CPU_GPU_CV 11934mW/11629mW/11934mW VDD_SOC 2515mW/2455mW/2515mW
08-10-2026 21:37:54 RAM 2631/15599MB (lfb 49x4MB) CPU [100%@1984,100%@1984,100%@1984,100%@1984,100%@1984,100%@1984,100%@1984,100%@1984] GR3D_FREQ 99% cv0@69.593C/69.687C cpu@74.031C/74.093C soc2@66.281C/66.281C soc0@67.812C/67.812C cv1@68.687C/68.718C gpu@71.718C/71.718C tj@74.031C/74.093C soc1@66.156C/66.218C cv2@64.281C/64.281C VDD_IN 17650mW/17277mW/17650mW VDD_CPU_GPU_CV 11934mW/11631mW/11934mW VDD_SOC 2515mW/2456mW/2515mW
08-10-2026 21:37:54 RAM 2631/15599MB (lfb 49x4MB) CPU [100%@1984,100%@1984,100%@1984,100%@1984,100%@1984,100%@1984,100%@1984,100%@1984] GR3D_FREQ 99% cv0@69.625C/69.687C cpu@74.156C/74.156C soc2@66.218C/66.281C soc0@67.75C/67.812C cv1@68.687C/68.718C gpu@71.718C/71.718C tj@74.156C/74.156C soc1@66.125C/66.218C cv2@64.531C/64.531C VDD_IN 17650mW/17279mW/17650mW VDD_CPU_GPU_CV 11934mW/11633mW/11934mW VDD_SOC 2515mW/2456mW/2515mW
08-10-2026 21:37:55 RAM 2631/15599MB (lfb 49x4MB) CPU [100%@1984,100%@1984,100%@1984,100%@1984,100%@1984,100%@1984,100%@1984,100%@1984] GR3D_FREQ 99% cv0@69.718C/69.718C cpu@74.093C/74.156C soc2@66.25C/66.281C soc0@67.812C/67.812C cv1@68.687C/68.718C gpu@71.687C/71.718C tj@74.093C/74.156C soc1@66.156C/66.218C cv2@64.468C/64.531C VDD_IN 17650mW/17281mW/17650mW VDD_CPU_GPU_CV 11934mW/11635mW/11934mW VDD_SOC 2515mW/2456mW/2515mW
08-10-2026 21:37:55 RAM 2631/15599MB (lfb 49x4MB) CPU [100%@1984,100%@1984,100%@1984,100%@1984,100%@1984,100%@1984,100%@1984,100%@1984] GR3D_FREQ 99% cv0@69.718C/69.718C cpu@74.156C/74.156C soc2@66.281C/66.281C soc0@67.843C/67.843C cv1@68.687C/68.718C gpu@71.812C/71.812C tj@74.156C/74.156C soc1@66.187C/66.218C cv2@64.5C/64.531C VDD_IN 17691mW/17284mW/17691mW VDD_CPU_GPU_CV 11934mW/11636mW/11934mW VDD_SOC 2515mW/2457mW/2515mW
08-10-2026 21:37:56 RAM 2631/15599MB (lfb 49x4MB) CPU [100%@1984,100%@1984,100%@1984,100%@1984,100%@1984,100%@1984,100%@1984,100%@1984] GR3D_FREQ 99% cv0@69.718C/69.718C cpu@74.062C/74.156C soc2@66.312C/66.312C soc0@67.812C/67.843C cv1@68.656C/68.718C gpu@71.718C/71.812C tj@74.062C/74.156C soc1@66.25C/66.25C cv2@64.437C/64.531C VDD_IN 17691mW/17286mW/17691mW VDD_CPU_GPU_CV 11934mW/11638mW/11934mW VDD_SOC 2515mW/2457mW/2515mW
08-10-2026 21:37:56 RAM 2631/15599MB (lfb 49x4MB) CPU [100%@1984,100%@1984,100%@1984,100%@1984,100%@1984,100%@1984,100%@1984,100%@1984] GR3D_FREQ 99% cv0@69.75C/69.75C cpu@74.187C/74.187C soc2@66.343C/66.343C soc0@68C/68C cv1@68.75C/68.75C gpu@71.875C/71.875C tj@74.187C/74.187C soc1@66.312C/66.312C cv2@64.531C/64.531C VDD_IN 17691mW/17288mW/17691mW VDD_CPU_GPU_CV 11934mW/11640mW/11934mW VDD_SOC 2515mW/2457mW/2515mW
08-10-2026 21:37:57 RAM 2631/15599MB (lfb 49x4MB) CPU [100%@1984,100%@1984,100%@1984,100%@1984,100%@1984,100%@1984,100%@1984,100%@1984] GR3D_FREQ 99% cv0@69.75C/69.75C cpu@74.375C/74.375C soc2@66.406C/66.406C soc0@67.937C/68C cv1@68.843C/68.843C gpu@71.906C/71.906C tj@74.375C/74.375C soc1@66.312C/66.312C cv2@64.531C/64.531C VDD_IN 17691mW/17291mW/17691mW VDD_CPU_GPU_CV 11934mW/11642mW/11934mW VDD_SOC 2515mW/2458mW/2515mW
08-10-2026 21:37:57 RAM 2631/15599MB (lfb 49x4MB) CPU [100%@1984,100%@1984,100%@1984,100%@1984,100%@1984,100%@1984,100%@1984,100%@1984] GR3D_FREQ 99% cv0@69.843C/69.843C cpu@74.187C/74.375C soc2@66.468C/66.468C soc0@67.968C/68C cv1@68.875C/68.875C gpu@71.812C/71.906C tj@74.562C/74.562C soc1@66.406C/66.406C cv2@64.687C/64.687C VDD_IN 17691mW/17293mW/17691mW VDD_CPU_GPU_CV 11934mW/11643mW/11934mW VDD_SOC 2515mW/2458mW/2515mW
08-10-2026 21:37:58 RAM 2631/15599MB (lfb 49x4MB) CPU [100%@1984,100%@1984,100%@1984,100%@1984,100%@1984,100%@1984,100%@1984,100%@1984] GR3D_FREQ 99% cv0@69.937C/69.937C cpu@74.375C/74.375C soc2@66.406C/66.468C soc0@67.937C/68C cv1@68.937C/68.937C gpu@72.218C/72.218C tj@74.375C/74.562C soc1@66.343C/66.406C cv2@64.625C/64.687C VDD_IN 17691mW/17295mW/17691mW VDD_CPU_GPU_CV 11934mW/11645mW/11934mW VDD_SOC 2515mW/2458mW/2515mW
08-10-2026 21:37:58 RAM 2631/15599MB (lfb 49x4MB) CPU [100%@1984,100%@1984,100%@1984,100%@1984,100%@1984,100%@1984,100%@1984,100%@1984] GR3D_FREQ 99% cv0@70C/70C cpu@74.187C/74.375C soc2@66.437C/66.468C soc0@67.937C/68C cv1@68.937C/68.937C gpu@71.875C/72.218C tj@74.187C/74.562C soc1@66.343C/66.406C cv2@64.625C/64.687C VDD_IN 17691mW/17298mW/17691mW VDD_CPU_GPU_CV 11934mW/11647mW/11934mW VDD_SOC 2515mW/2459mW/2515mW
08-10-2026 21:37:59 RAM 2631/15599MB (lfb 49x4MB) CPU [100%@1984,100%@1984,100%@1984,100%@1984,100%@1984,100%@1984,100%@1984,100%@1984] GR3D_FREQ 99% cv0@69.968C/70C cpu@74.25C/74.375C soc2@66.531C/66.531C soc0@67.968C/68C cv1@68.906C/68.937C gpu@72.218C/72.218C tj@74.25C/74.562C soc1@66.5C/66.5C cv2@64.593C/64.687C VDD_IN 17691mW/17300mW/17691mW VDD_CPU_GPU_CV 11934mW/11648mW/11934mW VDD_SOC 2515mW/2459mW/2515mW
08-10-2026 21:37:59 RAM 2631/15599MB (lfb 49x4MB) CPU [100%@1984,100%@1984,100%@1984,100%@1984,100%@1984,100%@1984,100%@1984,100%@1984] GR3D_FREQ 99% cv0@69.906C/70C cpu@74.218C/74.375C soc2@66.5C/66.531C soc0@68.125C/68.125C cv1@69.031C/69.031C gpu@72.218C/72.218C tj@74.218C/74.562C soc1@66.5C/66.5C cv2@64.593C/64.687C VDD_IN 17691mW/17302mW/17691mW VDD_CPU_GPU_CV 11975mW/11650mW/11975mW VDD_SOC 2515mW/2459mW/2515mW
08-10-2026 21:38:00 RAM 2631/15599MB (lfb 49x4MB) CPU [100%@1984,100%@1984,100%@1984,100%@1984,100%@1984,100%@1984,100%@1984,100%@1984] GR3D_FREQ 99% cv0@70C/70C cpu@74.343C/74.375C soc2@66.531C/66.531C soc0@68.25C/68.25C cv1@69.156C/69.156C gpu@72.031C/72.218C tj@74.343C/74.562C soc1@66.562C/66.562C cv2@64.718C/64.718C VDD_IN 17691mW/17304mW/17691mW VDD_CPU_GPU_CV 11975mW/11652mW/11975mW VDD_SOC 2515mW/2460mW/2515mW
08-10-2026 21:38:00 RAM 2631/15599MB (lfb 49x4MB) CPU [100%@1984,100%@1984,100%@1984,100%@1984,100%@1984,100%@1984,100%@1984,100%@1984] GR3D_FREQ 99% cv0@70C/70C cpu@74.5C/74.5C soc2@66.656C/66.656C soc0@68.156C/68.25C cv1@69.187C/69.187C gpu@72.062C/72.218C tj@74.5C/74.562C soc1@66.531C/66.562C cv2@64.656C/64.718C VDD_IN 17691mW/17306mW/17691mW VDD_CPU_GPU_CV 11975mW/11654mW/11975mW VDD_SOC 2515mW/2460mW/2515mW
08-10-2026 21:38:01 RAM 2631/15599MB (lfb 49x4MB) CPU [100%@1984,100%@1984,100%@1984,100%@1984,100%@1984,100%@1984,100%@1984,100%@1984] GR3D_FREQ 99% cv0@70.031C/70.031C cpu@74.5C/74.5C soc2@66.593C/66.656C soc0@68.125C/68.25C cv1@69.031C/69.187C gpu@72.375C/72.375C tj@74.5C/74.562C soc1@66.531C/66.562C cv2@64.875C/64.875C VDD_IN 17691mW/17309mW/17691mW VDD_CPU_GPU_CV 11975mW/11656mW/11975mW VDD_SOC 2515mW/2460mW/2515mW
08-10-2026 21:38:01 RAM 2631/15599MB (lfb 49x4MB) CPU [70%@729,70%@729,68%@729,72%@729,68%@729,70%@729,68%@729,68%@729] GR3D_FREQ 0% cv0@68.375C/70.031C cpu@72.5C/74.5C soc2@66.093C/66.656C soc0@68.125C/68.25C cv1@68.375C/69.187C gpu@71.062C/72.375C tj@72.5C/74.562C soc1@66.531C/66.562C cv2@64.718C/64.875C VDD_IN 14874mW/17295mW/17691mW VDD_CPU_GPU_CV 9181mW/11642mW/11975mW VDD_SOC 2519mW/2461mW/2519mW
08-10-2026 21:38:02 RAM 2631/15599MB (lfb 49x4MB) CPU [0%@729,0%@729,0%@729,1%@729,0%@729,0%@729,0%@729,0%@729] GR3D_FREQ 0% cv0@67.562C/70.031C cpu@71.437C/74.5C soc2@65.531C/66.656C soc0@68.062C/68.25C cv1@67.843C/69.187C gpu@70.25C/72.375C tj@71.437C/74.562C soc1@66.5C/66.562C cv2@64.406C/64.875C VDD_IN 9105mW/17250mW/17691mW VDD_CPU_GPU_CV 3581mW/11597mW/11975mW VDD_SOC 2486mW/2461mW/2519mW
08-10-2026 21:38:02 RAM 2631/15599MB (lfb 49x4MB) CPU [0%@729,1%@729,0%@729,0%@729,0%@729,0%@729,0%@729,0%@729] GR3D_FREQ 0% cv0@67.187C/70.031C cpu@71.281C/74.5C soc2@65.25C/66.656C soc0@68.093C/68.25C cv1@67.656C/69.187C gpu@69.781C/72.375C tj@71.281C/74.562C soc1@66.281C/66.562C cv2@64.062C/64.875C VDD_IN 7227mW/17195mW/17691mW VDD_CPU_GPU_CV 1793mW/11543mW/11975mW VDD_SOC 2490mW/2461mW/2519mW
08-10-2026 21:38:03 RAM 2631/15599MB (lfb 49x4MB) CPU [3%@729,0%@729,0%@729,0%@729,0%@729,0%@729,0%@729,0%@729] GR3D_FREQ 0% cv0@66.937C/70.031C cpu@71.187C/74.5C soc2@65.062C/66.656C soc0@67.875C/68.25C cv1@67.468C/69.187C gpu@69.656C/72.375C tj@71.187C/74.562C soc1@66.218C/66.562C cv2@63.843C/64.875C VDD_IN 6666mW/17137mW/17691mW VDD_CPU_GPU_CV 1224mW/11487mW/11975mW VDD_SOC 2490mW/2461mW/2519mW
