08-10-2026 21:40:11 RAM 2614/15599MB (lfb 48x4MB) CPU [1%@729,0%@729,0%@729,0%@729,0%@729,0%@729,0%@729,0%@729] GR3D_FREQ 0% cv0@59.781C/59.781C cpu@63.75C/63.75C soc2@57.687C/57.687C soc0@60.531C/60.531C cv1@60.406C/60.406C gpu@62.343C/62.343C tj@63.75C/63.75C soc1@59.5C/59.5C cv2@56.718C/56.718C VDD_IN 6216mW/6216mW/6216mW VDD_CPU_GPU_CV 898mW/898mW/898mW VDD_SOC 2409mW/2409mW/2409mW
08-10-2026 21:40:12 RAM 2621/15599MB (lfb 48x4MB) CPU [5%@1958,3%@1958,1%@1958,3%@1958,6%@1984,3%@1984,1%@1984,3%@1984] GR3D_FREQ 0% cv0@60.468C/60.468C cpu@64.531C/64.531C soc2@57.812C/57.812C soc0@60.656C/60.656C cv1@60.468C/60.468C gpu@62.343C/62.343C tj@64.531C/64.531C soc1@59.343C/59.5C cv2@56.812C/56.812C VDD_IN 6379mW/6298mW/6379mW VDD_CPU_GPU_CV 1061mW/980mW/1061mW VDD_SOC 2409mW/2409mW/2409mW
08-10-2026 21:40:12 RAM 2635/15599MB (lfb 48x4MB) CPU [100%@1984,100%@1984,100%@1984,100%@1984,100%@1984,100%@1984,100%@1984,100%@1984] GR3D_FREQ 99% cv0@62.625C/62.625C cpu@66.937C/66.937C soc2@58.843C/58.843C soc0@60.843C/60.843C cv1@61.687C/61.687C gpu@64.5C/64.5C tj@67.093C/67.093C soc1@59.562C/59.562C cv2@57.125C/57.125C VDD_IN 13839mW/8811mW/13839mW VDD_CPU_GPU_CV 8345mW/3435mW/8345mW VDD_SOC 2397mW/2405mW/2409mW
08-10-2026 21:40:13 RAM 2636/15599MB (lfb 48x4MB) CPU [100%@1984,100%@1984,100%@1984,100%@1984,100%@1984,100%@1984,100%@1984,100%@1984] GR3D_FREQ 99% cv0@62.937C/62.937C cpu@67.468C/67.468C soc2@59.312C/59.312C soc0@61C/61C cv1@62.062C/62.062C gpu@64.937C/64.937C tj@67.468C/67.468C soc1@59.875C/59.875C cv2@57.406C/57.406C VDD_IN 16337mW/10693mW/16337mW VDD_CPU_GPU_CV 10782mW/5272mW/10782mW VDD_SOC 2393mW/2402mW/2409mW
08-10-2026 21:40:13 RAM 2636/15599MB (lfb 48x4MB) CPU [100%@1984,100%@1984,100%@1984,100%@1984,100%@1984,100%@1984,100%@1984,100%@1984] GR3D_FREQ 99% cv0@63.187C/63.187C cpu@67.937C/67.937C soc2@59.75C/59.75C soc0@61.375C/61.375C cv1@62.406C/62.406C gpu@65.25C/65.25C tj@67.937C/67.937C soc1@60.093C/60.093C cv2@57.656C/57.656C VDD_IN 17123mW/11979mW/17123mW VDD_CPU_GPU_CV 11491mW/6515mW/11491mW VDD_SOC 2434mW/2408mW/2434mW
08-10-2026 21:40:14 RAM 2636/15599MB (lfb 48x4MB) CPU [100%@1984,100%@1984,100%@1984,100%@1984,100%@1984,100%@1984,100%@1984,100%@1984] GR3D_FREQ 99% cv0@63.593C/63.593C cpu@68.093C/68.093C soc2@59.968C/59.968C soc0@61.5C/61.5C cv1@62.656C/62.656C gpu@65.5C/65.5C tj@67.937C/67.937C soc1@60.25C/60.25C cv2@57.875C/57.875C VDD_IN 17325mW/12870mW/17325mW VDD_CPU_GPU_CV 11733mW/7385mW/11733mW VDD_SOC 2434mW/2413mW/2434mW
08-10-2026 21:40:14 RAM 2636/15599MB (lfb 48x4MB) CPU [100%@1984,100%@1984,100%@1984,100%@1984,100%@1984,100%@1984,100%@1984,100%@1984] GR3D_FREQ 99% cv0@63.625C/63.625C cpu@68.343C/68.343C soc2@60.125C/60.125C soc0@61.75C/61.75C cv1@62.843C/62.843C gpu@65.781C/65.781C tj@68.343C/68.343C soc1@60.437C/60.437C cv2@58.187C/58.187C VDD_IN 17407mW/13518mW/17407mW VDD_CPU_GPU_CV 11813mW/8018mW/11813mW VDD_SOC 2434mW/2416mW/2434mW
08-10-2026 21:40:15 RAM 2636/15599MB (lfb 48x4MB) CPU [100%@1984,100%@1984,100%@1984,100%@1984,100%@1984,100%@1984,100%@1984,100%@1984] GR3D_FREQ 99% cv0@64C/64C cpu@68.406C/68.406C soc2@60.343C/60.343C soc0@61.875C/61.875C cv1@63.062C/63.062C gpu@65.906C/65.906C tj@68.406C/68.406C soc1@60.562C/60.562C cv2@58.343C/58.343C VDD_IN 17447mW/14009mW/17447mW VDD_CPU_GPU_CV 11813mW/8492mW/11813mW VDD_SOC 2434mW/2418mW/2434mW
08-10-2026 21:40:15 RAM 2636/15599MB (lfb 48x4MB) CPU [100%@1984,100%@1984,100%@1984,100%@1984,100%@1984,100%@1984,100%@1984,100%@1984] GR3D_FREQ 99% cv0@64.125C/64.125C cpu@68.656C/68.656C soc2@60.531C/60.531C soc0@61.906C/61.906C cv1@63.187C/63.187C gpu@66.187C/66.187C tj@68.656C/68.656C soc1@60.687C/60.687C cv2@58.5C/58.5C VDD_IN 17488mW/14396mW/17488mW VDD_CPU_GPU_CV 11854mW/8866mW/11854mW VDD_SOC 2434mW/2420mW/2434mW
08-10-2026 21:40:16 RAM 2636/15599MB (lfb 48x4MB) CPU [100%@1984,100%@1984,100%@1984,100%@1984,100%@1984,100%@1984,100%@1984,100%@1984] GR3D_FREQ 99% cv0@64.218C/64.218C cpu@68.656C/68.656C soc2@60.656C/60.656C soc0@62.062C/62.062C cv1@63.25C/63.25C gpu@66.281C/66.281C tj@68.656C/68.656C soc1@60.937C/60.937C cv2@58.718C/58.718C VDD_IN 17488mW/14705mW/17488mW VDD_CPU_GPU_CV 11854mW/9164mW/11854mW VDD_SOC 2434mW/2421mW/2434mW
08-10-2026 21:40:16 RAM 2636/15599MB (lfb 48x4MB) CPU [100%@1984,100%@1984,100%@1984,100%@1984,100%@1984,100%@1984,100%@1984,100%@1984] GR3D_FREQ 99% cv0@64.312C/64.312C cpu@68.843C/68.843C soc2@60.75C/60.75C soc0@62.375C/62.375C cv1@63.531C/63.531C gpu@66.312C/66.312C tj@68.843C/68.843C soc1@61.125C/61.125C cv2@58.718C/58.718C VDD_IN 17488mW/14958mW/17488mW VDD_CPU_GPU_CV 11894mW/9413mW/11894mW VDD_SOC 2434mW/2422mW/2434mW
08-10-2026 21:40:17 RAM 2634/15599MB (lfb 48x4MB) CPU [100%@1984,100%@1984,100%@1984,100%@1984,100%@1984,100%@1984,100%@1984,100%@1984] GR3D_FREQ 99% cv0@64.531C/64.531C cpu@69.218C/69.218C soc2@61.062C/61.062C soc0@62.468C/62.468C cv1@63.656C/63.656C gpu@66.718C/66.718C tj@69.218C/69.218C soc1@61.156C/61.156C cv2@58.875C/58.875C VDD_IN 17528mW/15172mW/17528mW VDD_CPU_GPU_CV 11934mW/9623mW/11934mW VDD_SOC 2434mW/2423mW/2434mW
08-10-2026 21:40:17 RAM 2634/15599MB (lfb 48x4MB) CPU [100%@1984,100%@1984,100%@1984,100%@1984,100%@1984,100%@1984,100%@1984,100%@1984] GR3D_FREQ 99% cv0@64.593C/64.593C cpu@69.343C/69.343C soc2@61.187C/61.187C soc0@62.687C/62.687C cv1@63.812C/63.812C gpu@66.687C/66.718C tj@69.343C/69.343C soc1@61.312C/61.312C cv2@59.031C/59.031C VDD_IN 17488mW/15350mW/17528mW VDD_CPU_GPU_CV 11894mW/9797mW/11934mW VDD_SOC 2434mW/2424mW/2434mW
08-10-2026 21:40:18 RAM 2633/15599MB (lfb 48x4MB) CPU [100%@1984,100%@1984,100%@1984,100%@1984,100%@1984,100%@1984,100%@1984,100%@1984] GR3D_FREQ 99% cv0@64.656C/64.656C cpu@69.406C/69.406C soc2@61.312C/61.312C soc0@62.781C/62.781C cv1@63.906C/63.906C gpu@66.718C/66.718C tj@69.406C/69.406C soc1@61.406C/61.406C cv2@59.281C/59.281C VDD_IN 17569mW/15509mW/17569mW VDD_CPU_GPU_CV 11934mW/9950mW/11934mW VDD_SOC 2434mW/2425mW/2434mW
08-10-2026 21:40:18 RAM 2633/15599MB (lfb 48x4MB) CPU [100%@1984,100%@1984,100%@1984,100%@1984,100%@1984,100%@1984,100%@1984,100%@1984] GR3D_FREQ 99% cv0@64.968C/64.968C cpu@69.437C/69.437C soc2@61.437C/61.437C soc0@62.968C/62.968C cv1@64.093C/64.093C gpu@66.875C/66.875C tj@69.531C/69.531C soc1@61.5C/61.5C cv2@59.406C/59.406C VDD_IN 17569mW/15646mW/17569mW VDD_CPU_GPU_CV 11934mW/10082mW/11934mW VDD_SOC 2434mW/2425mW/2434mW
08-10-2026 21:40:19 RAM 2631/15599MB (lfb 48x4MB) CPU [100%@1984,100%@1984,100%@1984,100%@1984,100%@1984,100%@1984,100%@1984,100%@1984] GR3D_FREQ 99% cv0@65.156C/65.156C cpu@69.562C/69.562C soc2@61.531C/61.531C soc0@62.968C/62.968C cv1@64.187C/64.187C gpu@67.125C/67.125C tj@69.562C/69.562C soc1@61.718C/61.718C cv2@59.437C/59.437C VDD_IN 17609mW/15769mW/17609mW VDD_CPU_GPU_CV 11975mW/10201mW/11975mW VDD_SOC 2434mW/2426mW/2434mW
08-10-2026 21:40:19 RAM 2631/15599MB (lfb 48x4MB) CPU [100%@1984,100%@1984,100%@1984,100%@1984,100%@1984,100%@1984,100%@1984,100%@1984] GR3D_FREQ 99% cv0@65.218C/65.218C cpu@69.718C/69.718C soc2@61.781C/61.781C soc0@63.093C/63.093C cv1@64.25C/64.25C gpu@67.125C/67.125C tj@69.718C/69.718C soc1@61.937C/61.937C cv2@59.562C/59.562C VDD_IN 17609mW/15877mW/17609mW VDD_CPU_GPU_CV 11934mW/10303mW/11975mW VDD_SOC 2434mW/2426mW/2434mW
08-10-2026 21:40:20 RAM 2630/15599MB (lfb 48x4MB) CPU [100%@1984,100%@1984,100%@1984,100%@1984,100%@1984,100%@1984,100%@1984,100%@1984] GR3D_FREQ 99% cv0@65.343C/65.343C cpu@69.843C/69.843C soc2@61.781C/61.781C soc0@63.343C/63.343C cv1@64.562C/64.562C gpu@67.312C/67.312C tj@69.843C/69.843C soc1@62.031C/62.031C cv2@59.687C/59.687C VDD_IN 17609mW/15973mW/17609mW VDD_CPU_GPU_CV 11975mW/10395mW/11975mW VDD_SOC 2434mW/2427mW/2434mW
08-10-2026 21:40:20 RAM 2630/15599MB (lfb 48x4MB) CPU [100%@1984,100%@1984,100%@1984,100%@1984,100%@1984,100%@1984,100%@1984,100%@1984] GR3D_FREQ 99% cv0@65.343C/65.343C cpu@70.093C/70.093C soc2@62C/62C soc0@63.312C/63.343C cv1@64.5C/64.562C gpu@67.343C/67.343C tj@70.093C/70.093C soc1@62C/62.031C cv2@59.812C/59.812C VDD_IN 17609mW/16059mW/17609mW VDD_CPU_GPU_CV 11975mW/10479mW/11975mW VDD_SOC 2434mW/2427mW/2434mW
08-10-2026 21:40:21 RAM 2630/15599MB (lfb 48x4MB) CPU [100%@1984,100%@1984,100%@1984,100%@1984,100%@1984,100%@1984,100%@1984,100%@1984] GR3D_FREQ 99% cv0@65.531C/65.531C cpu@70.312C/70.312C soc2@62C/62C soc0@63.5C/63.5C cv1@64.625C/64.625C gpu@67.531C/67.531C tj@70.312C/70.312C soc1@62.125C/62.125C cv2@60C/60C VDD_IN 17650mW/16139mW/17650mW VDD_CPU_GPU_CV 11975mW/10553mW/11975mW VDD_SOC 2434mW/2428mW/2434mW
08-10-2026 21:40:21 RAM 2630/15599MB (lfb 48x4MB) CPU [100%@1984,100%@1984,100%@1984,100%@1984,100%@1984,100%@1984,100%@1984,100%@1984] GR3D_FREQ 99% cv0@65.687C/65.687C cpu@70.187C/70.312C soc2@62.093C/62.093C soc0@63.531C/63.531C cv1@64.625C/64.625C gpu@67.531C/67.531C tj@70.187C/70.312C soc1@62.156C/62.156C cv2@60.031C/60.031C VDD_IN 17609mW/16209mW/17650mW VDD_CPU_GPU_CV 11934mW/10619mW/11975mW VDD_SOC 2434mW/2428mW/2434mW
08-10-2026 21:40:22 RAM 2629/15599MB (lfb 48x4MB) CPU [100%@1984,100%@1984,100%@1984,100%@1984,100%@1984,100%@1984,100%@1984,100%@1984] GR3D_FREQ 99% cv0@65.718C/65.718C cpu@70.218C/70.312C soc2@62.187C/62.187C soc0@63.593C/63.593C cv1@64.718C/64.718C gpu@67.687C/67.687C tj@70.218C/70.312C soc1@62.218C/62.218C cv2@60.156C/60.156C VDD_IN 17569mW/16271mW/17650mW VDD_CPU_GPU_CV 11934mW/10679mW/11975mW VDD_SOC 2434mW/2428mW/2434mW
08-10-2026 21:40:22 RAM 2629/15599MB (lfb 48x4MB) CPU [100%@1984,100%@1984,100%@1984,100%@1984,100%@1984,100%@1984,100%@1984,100%@1984] GR3D_FREQ 99% cv0@65.718C/65.718C cpu@70.25C/70.312C soc2@62.187C/62.187C soc0@63.656C/63.656C cv1@64.812C/64.812C gpu@67.781C/67.781C tj@70.25C/70.312C soc1@62.406C/62.406C cv2@60.125C/60.156C VDD_IN 17569mW/16327mW/17650mW VDD_CPU_GPU_CV 11894mW/10732mW/11975mW VDD_SOC 2475mW/2430mW/2475mW
08-10-2026 21:40:23 RAM 2629/15599MB (lfb 48x4MB) CPU [100%@1984,100%@1984,100%@1984,100%@1984,100%@1984,100%@1984,100%@1984,100%@1984] GR3D_FREQ 99% cv0@65.687C/65.718C cpu@70.468C/70.468C soc2@62.281C/62.281C soc0@63.718C/63.718C cv1@64.906C/64.906C gpu@67.687C/67.781C tj@70.468C/70.468C soc1@62.375C/62.406C cv2@60.187C/60.187C VDD_IN 17569mW/16379mW/17650mW VDD_CPU_GPU_CV 11934mW/10782mW/11975mW VDD_SOC 2434mW/2430mW/2475mW
08-10-2026 21:40:23 RAM 2629/15599MB (lfb 48x4MB) CPU [100%@1984,100%@1984,100%@1984,100%@1984,100%@1984,100%@1984,100%@1984,100%@1984] GR3D_FREQ 99% cv0@65.687C/65.718C cpu@70.218C/70.468C soc2@62.25C/62.281C soc0@63.781C/63.781C cv1@64.937C/64.937C gpu@67.843C/67.843C tj@70.218C/70.468C soc1@62.343C/62.406C cv2@60.093C/60.187C VDD_IN 17609mW/16428mW/17650mW VDD_CPU_GPU_CV 11975mW/10830mW/11975mW VDD_SOC 2434mW/2431mW/2475mW
08-10-2026 21:40:24 RAM 2629/15599MB (lfb 48x4MB) CPU [100%@1984,100%@1984,100%@1984,100%@1984,100%@1984,100%@1984,100%@1984,100%@1984] GR3D_FREQ 99% cv0@65.718C/65.718C cpu@70.312C/70.468C soc2@62.375C/62.375C soc0@63.718C/63.781C cv1@64.906C/64.937C gpu@67.718C/67.843C tj@70.312C/70.468C soc1@62.343C/62.406C cv2@60.25C/60.25C VDD_IN 17569mW/16472mW/17650mW VDD_CPU_GPU_CV 11934mW/10872mW/11975mW VDD_SOC 2475mW/2432mW/2475mW
08-10-2026 21:40:24 RAM 2629/15599MB (lfb 48x4MB) CPU [100%@1984,100%@1984,100%@1984,100%@1984,100%@1984,100%@1984,100%@1984,100%@1984] GR3D_FREQ 99% cv0@65.843C/65.843C cpu@70.343C/70.468C soc2@62.25C/62.375C soc0@63.687C/63.781C cv1@64.875C/64.937C gpu@68.031C/68.031C tj@70.343C/70.468C soc1@62.343C/62.406C cv2@60.312C/60.312C VDD_IN 17609mW/16514mW/17650mW VDD_CPU_GPU_CV 11975mW/10913mW/11975mW VDD_SOC 2475mW/2434mW/2475mW
08-10-2026 21:40:25 RAM 2629/15599MB (lfb 48x4MB) CPU [100%@1984,100%@1984,100%@1984,100%@1984,100%@1984,100%@1984,100%@1984,100%@1984] GR3D_FREQ 99% cv0@65.875C/65.875C cpu@70.343C/70.468C soc2@62.281C/62.375C soc0@63.718C/63.781C cv1@64.875C/64.937C gpu@67.812C/68.031C tj@70.343C/70.468C soc1@62.375C/62.406C cv2@60.281C/60.312C VDD_IN 17569mW/16552mW/17650mW VDD_CPU_GPU_CV 11934mW/10949mW/11975mW VDD_SOC 2434mW/2434mW/2475mW
08-10-2026 21:40:25 RAM 2629/15599MB (lfb 48x4MB) CPU [100%@1984,100%@1984,100%@1984,100%@1984,100%@1984,100%@1984,100%@1984,100%@1984] GR3D_FREQ 99% cv0@65.843C/65.875C cpu@70.187C/70.468C soc2@62.343C/62.375C soc0@63.593C/63.781C cv1@64.906C/64.937C gpu@68.031C/68.031C tj@70.187C/70.468C soc1@62.531C/62.531C cv2@60.25C/60.312C VDD_IN 17569mW/16587mW/17650mW VDD_CPU_GPU_CV 11934mW/10983mW/11975mW VDD_SOC 2475mW/2435mW/2475mW
08-10-2026 21:40:26 RAM 2629/15599MB (lfb 48x4MB) CPU [100%@1984,100%@1984,100%@1984,100%@1984,100%@1984,100%@1984,100%@1984,100%@1984] GR3D_FREQ 99% cv0@65.843C/65.875C cpu@70.312C/70.468C soc2@62.343C/62.375C soc0@63.781C/63.781C cv1@64.843C/64.937C gpu@67.843C/68.031C tj@70.312C/70.468C soc1@62.437C/62.531C cv2@60.25C/60.312C VDD_IN 17609mW/16621mW/17650mW VDD_CPU_GPU_CV 11975mW/11016mW/11975mW VDD_SOC 2475mW/2437mW/2475mW
08-10-2026 21:40:26 RAM 2629/15599MB (lfb 48x4MB) CPU [100%@1984,100%@1984,100%@1984,100%@1984,100%@1984,100%@1984,100%@1984,100%@1984] GR3D_FREQ 99% cv0@65.812C/65.875C cpu@70.531C/70.531C soc2@62.406C/62.406C soc0@63.906C/63.906C cv1@65C/65C gpu@68.031C/68.031C tj@70.531C/70.531C soc1@62.468C/62.531C cv2@60.281C/60.312C VDD_IN 17569mW/16651mW/17650mW VDD_CPU_GPU_CV 11934mW/11046mW/11975mW VDD_SOC 2475mW/2438mW/2475mW
08-10-2026 21:40:27 RAM 2629/15599MB (lfb 48x4MB) CPU [100%@1984,100%@1984,100%@1984,100%@1984,100%@1984,100%@1984,100%@1984,100%@1984] GR3D_FREQ 99% cv0@65.843C/65.875C cpu@70.343C/70.531C soc2@62.406C/62.406C soc0@63.875C/63.906C cv1@65.093C/65.093C gpu@67.906C/68.031C tj@70.343C/70.531C soc1@62.375C/62.531C cv2@60.406C/60.406C VDD_IN 17569mW/16680mW/17650mW VDD_CPU_GPU_CV 11934mW/11074mW/11975mW VDD_SOC 2475mW/2439mW/2475mW
08-10-2026 21:40:27 RAM 2629/15599MB (lfb 48x4MB) CPU [100%@1984,100%@1984,100%@1984,100%@1984,100%@1984,100%@1984,100%@1984,100%@1984] GR3D_FREQ 99% cv0@65.906C/65.906C cpu@70.437C/70.531C soc2@62.406C/62.406C soc0@63.812C/63.906C cv1@64.968C/65.093C gpu@68.156C/68.156C tj@70.437C/70.531C soc1@62.406C/62.531C cv2@60.375C/60.406C VDD_IN 17569mW/16707mW/17650mW VDD_CPU_GPU_CV 11934mW/11100mW/11975mW VDD_SOC 2434mW/2439mW/2475mW
08-10-2026 21:40:28 RAM 2629/15599MB (lfb 48x4MB) CPU [100%@1984,100%@1984,100%@1984,100%@1984,100%@1984,100%@1984,100%@1984,100%@1984] GR3D_FREQ 99% cv0@65.968C/65.968C cpu@70.312C/70.531C soc2@62.468C/62.468C soc0@63.812C/63.906C cv1@64.906C/65.093C gpu@68.031C/68.156C tj@70.312C/70.531C soc1@62.375C/62.531C cv2@60.375C/60.406C VDD_IN 17609mW/16734mW/17650mW VDD_CPU_GPU_CV 11934mW/11124mW/11975mW VDD_SOC 2475mW/2440mW/2475mW
08-10-2026 21:40:28 RAM 2629/15599MB (lfb 48x4MB) CPU [100%@1984,100%@1984,100%@1984,100%@1984,100%@1984,100%@1984,100%@1984,100%@1984] GR3D_FREQ 99% cv0@65.843C/65.968C cpu@70.312C/70.531C soc2@62.406C/62.468C soc0@63.843C/63.906C cv1@65C/65.093C gpu@68.125C/68.156C tj@70.312C/70.531C soc1@62.593C/62.593C cv2@60.406C/60.406C VDD_IN 17609mW/16759mW/17650mW VDD_CPU_GPU_CV 11975mW/11149mW/11975mW VDD_SOC 2475mW/2441mW/2475mW
08-10-2026 21:40:29 RAM 2629/15599MB (lfb 48x4MB) CPU [100%@1984,100%@1984,100%@1984,100%@1984,100%@1984,100%@1984,100%@1984,100%@1984] GR3D_FREQ 99% cv0@65.843C/65.968C cpu@70.406C/70.531C soc2@62.406C/62.468C soc0@63.968C/63.968C cv1@65.125C/65.125C gpu@67.968C/68.156C tj@70.406C/70.531C soc1@62.468C/62.593C cv2@60.312C/60.406C VDD_IN 17650mW/16783mW/17650mW VDD_CPU_GPU_CV 11975mW/11172mW/11975mW VDD_SOC 2475mW/2442mW/2475mW
08-10-2026 21:40:29 RAM 2629/15599MB (lfb 48x4MB) CPU [100%@1984,100%@1984,100%@1984,100%@1984,100%@1984,100%@1984,100%@1984,100%@1984] GR3D_FREQ 99% cv0@65.843C/65.968C cpu@70.531C/70.531C soc2@62.531C/62.531C soc0@63.875C/63.968C cv1@65.093C/65.125C gpu@67.937C/68.156C tj@70.531C/70.531C soc1@62.531C/62.593C cv2@60.312C/60.406C VDD_IN 17650mW/16807mW/17650mW VDD_CPU_GPU_CV 12015mW/11194mW/12015mW VDD_SOC 2475mW/2443mW/2475mW
08-10-2026 21:40:30 RAM 2629/15599MB (lfb 48x4MB) CPU [100%@1984,100%@1984,100%@1984,100%@1984,100%@1984,100%@1984,100%@1984,100%@1984] GR3D_FREQ 99% cv0@65.875C/65.968C cpu@70.593C/70.593C soc2@62.531C/62.531C soc0@63.968C/63.968C cv1@65.062C/65.125C gpu@68.062C/68.156C tj@70.593C/70.593C soc1@62.437C/62.593C cv2@60.312C/60.406C VDD_IN 17650mW/16829mW/17650mW VDD_CPU_GPU_CV 12015mW/11216mW/12015mW VDD_SOC 2475mW/2444mW/2475mW
08-10-2026 21:40:30 RAM 2629/15599MB (lfb 48x4MB) CPU [100%@1984,100%@1984,100%@1984,100%@1984,100%@1984,100%@1984,100%@1984,100%@1984] GR3D_FREQ 99% cv0@66.062C/66.062C cpu@70.468C/70.593C soc2@62.437C/62.531C soc0@63.937C/63.968C cv1@65.062C/65.125C gpu@68C/68.156C tj@70.468C/70.593C soc1@62.468C/62.593C cv2@60.468C/60.468C VDD_IN 17650mW/16850mW/17650mW VDD_CPU_GPU_CV 12015mW/11236mW/12015mW VDD_SOC 2475mW/2444mW/2475mW
08-10-2026 21:40:31 RAM 2629/15599MB (lfb 48x4MB) CPU [100%@1984,100%@1984,100%@1984,100%@1984,100%@1984,100%@1984,100%@1984,100%@1984] GR3D_FREQ 99% cv0@66.093C/66.093C cpu@70.437C/70.593C soc2@62.437C/62.531C soc0@63.906C/63.968C cv1@65.062C/65.125C gpu@68C/68.156C tj@70.437C/70.593C soc1@62.687C/62.687C cv2@60.468C/60.468C VDD_IN 17650mW/16870mW/17650mW VDD_CPU_GPU_CV 12015mW/11256mW/12015mW VDD_SOC 2475mW/2445mW/2475mW
08-10-2026 21:40:31 RAM 2629/15599MB (lfb 48x4MB) CPU [100%@1984,100%@1984,100%@1984,100%@1984,100%@1984,100%@1984,100%@1984,100%@1984] GR3D_FREQ 99% cv0@66.062C/66.093C cpu@70.562C/70.593C soc2@62.5C/62.531C soc0@63.906C/63.968C cv1@65.125C/65.125C gpu@68C/68.156C tj@70.562C/70.593C soc1@62.625C/62.687C cv2@60.437C/60.468C VDD_IN 17650mW/16889mW/17650mW VDD_CPU_GPU_CV 11975mW/11273mW/12015mW VDD_SOC 2475mW/2446mW/2475mW
08-10-2026 21:40:32 RAM 2629/15599MB (lfb 48x4MB) CPU [100%@1984,100%@1984,100%@1984,100%@1984,100%@1984,100%@1984,100%@1984,100%@1984] GR3D_FREQ 99% cv0@65.937C/66.093C cpu@70.656C/70.656C soc2@62.531C/62.531C soc0@64.031C/64.031C cv1@65.156C/65.156C gpu@67.968C/68.156C tj@70.656C/70.656C soc1@62.656C/62.687C cv2@60.437C/60.468C VDD_IN 17650mW/16907mW/17650mW VDD_CPU_GPU_CV 12015mW/11291mW/12015mW VDD_SOC 2475mW/2447mW/2475mW
08-10-2026 21:40:32 RAM 2629/15599MB (lfb 48x4MB) CPU [100%@1984,100%@1984,100%@1984,100%@1984,100%@1984,100%@1984,100%@1984,100%@1984] GR3D_FREQ 99% cv0@65.968C/66.093C cpu@70.406C/70.656C soc2@62.468C/62.531C soc0@64C/64.031C cv1@65.187C/65.187C gpu@68.125C/68.156C tj@70.406C/70.656C soc1@62.562C/62.687C cv2@60.437C/60.468C VDD_IN 17650mW/16924mW/17650mW VDD_CPU_GPU_CV 12015mW/11308mW/12015mW VDD_SOC 2475mW/2447mW/2475mW
08-10-2026 21:40:33 RAM 2629/15599MB (lfb 48x4MB) CPU [100%@1984,100%@1984,100%@1984,100%@1984,100%@1984,100%@1984,100%@1984,100%@1984] GR3D_FREQ 99% cv0@65.937C/66.093C cpu@70.625C/70.656C soc2@62.593C/62.593C soc0@63.968C/64.031C cv1@65.218C/65.218C gpu@68.125C/68.156C tj@70.625C/70.656C soc1@62.656C/62.687C cv2@60.406C/60.468C VDD_IN 17650mW/16941mW/17650mW VDD_CPU_GPU_CV 12015mW/11324mW/12015mW VDD_SOC 2475mW/2448mW/2475mW
08-10-2026 21:40:33 RAM 2629/15599MB (lfb 48x4MB) CPU [100%@1984,100%@1984,100%@1984,100%@1984,100%@1984,100%@1984,100%@1984,100%@1984] GR3D_FREQ 99% cv0@66.031C/66.093C cpu@70.562C/70.656C soc2@62.593C/62.593C soc0@63.937C/64.031C cv1@65.093C/65.218C gpu@68C/68.156C tj@70.625C/70.656C soc1@62.562C/62.687C cv2@60.656C/60.656C VDD_IN 17650mW/16957mW/17650mW VDD_CPU_GPU_CV 12015mW/11339mW/12015mW VDD_SOC 2475mW/2448mW/2475mW
08-10-2026 21:40:34 RAM 2629/15599MB (lfb 48x4MB) CPU [100%@1984,100%@1984,100%@1984,100%@1984,100%@1984,100%@1984,100%@1984,100%@1984] GR3D_FREQ 99% cv0@66.125C/66.125C cpu@70.468C/70.656C soc2@62.593C/62.593C soc0@64.031C/64.031C cv1@65.125C/65.218C gpu@68.25C/68.25C tj@70.468C/70.656C soc1@62.718C/62.718C cv2@60.5C/60.656C VDD_IN 17650mW/16972mW/17650mW VDD_CPU_GPU_CV 11975mW/11353mW/12015mW VDD_SOC 2475mW/2449mW/2475mW
08-10-2026 21:40:34 RAM 2629/15599MB (lfb 48x4MB) CPU [100%@1984,100%@1984,100%@1984,100%@1984,100%@1984,100%@1984,100%@1984,100%@1984] GR3D_FREQ 99% cv0@66.125C/66.125C cpu@70.468C/70.656C soc2@62.562C/62.593C soc0@64.031C/64.031C cv1@65.093C/65.218C gpu@68.062C/68.25C tj@70.468C/70.656C soc1@62.781C/62.781C cv2@60.5C/60.656C VDD_IN 17609mW/16985mW/17650mW VDD_CPU_GPU_CV 11975mW/11366mW/12015mW VDD_SOC 2475mW/2450mW/2475mW
08-10-2026 21:40:35 RAM 2629/15599MB (lfb 48x4MB) CPU [100%@1984,100%@1984,100%@1984,100%@1984,100%@1984,100%@1984,100%@1984,100%@1984] GR3D_FREQ 99% cv0@66.062C/66.125C cpu@70.656C/70.656C soc2@62.593C/62.593C soc0@64.062C/64.062C cv1@65.218C/65.218C gpu@68.343C/68.343C tj@70.562C/70.656C soc1@62.625C/62.781C cv2@60.562C/60.656C VDD_IN 17650mW/16999mW/17650mW VDD_CPU_GPU_CV 11975mW/11379mW/12015mW VDD_SOC 2475mW/2450mW/2475mW
08-10-2026 21:40:35 RAM 2629/15599MB (lfb 48x4MB) CPU [100%@1984,100%@1984,100%@1984,100%@1984,100%@1984,100%@1984,100%@1984,100%@1984] GR3D_FREQ 99% cv0@66.093C/66.125C cpu@70.5C/70.656C soc2@62.562C/62.593C soc0@64.062C/64.062C cv1@65.093C/65.218C gpu@68.218C/68.343C tj@70.5C/70.656C soc1@62.75C/62.781C cv2@60.468C/60.656C VDD_IN 17609mW/17012mW/17650mW VDD_CPU_GPU_CV 11975mW/11391mW/12015mW VDD_SOC 2475mW/2451mW/2475mW
08-10-2026 21:40:36 RAM 2629/15599MB (lfb 48x4MB) CPU [100%@1984,100%@1984,100%@1984,100%@1984,100%@1984,100%@1984,100%@1984,100%@1984] GR3D_FREQ 99% cv0@66.125C/66.125C cpu@70.531C/70.656C soc2@62.687C/62.687C soc0@64.125C/64.125C cv1@65.281C/65.281C gpu@68.125C/68.343C tj@70.531C/70.656C soc1@62.625C/62.781C cv2@60.437C/60.656C VDD_IN 17650mW/17024mW/17650mW VDD_CPU_GPU_CV 12015mW/11404mW/12015mW VDD_SOC 2475mW/2451mW/2475mW
08-10-2026 21:40:37 RAM 2629/15599MB (lfb 48x4MB) CPU [100%@1984,100%@1984,100%@1984,100%@1984,100%@1984,100%@1984,100%@1984,100%@1984] GR3D_FREQ 99% cv0@66C/66.125C cpu@70.718C/70.718C soc2@62.656C/62.687C soc0@64.062C/64.125C cv1@65.218C/65.281C gpu@68.062C/68.343C tj@70.718C/70.718C soc1@62.625C/62.781C cv2@60.687C/60.687C VDD_IN 17650mW/17037mW/17650mW VDD_CPU_GPU_CV 11975mW/11415mW/12015mW VDD_SOC 2475mW/2452mW/2475mW
08-10-2026 21:40:37 RAM 2629/15599MB (lfb 48x4MB) CPU [100%@1984,100%@1984,100%@1984,100%@1984,100%@1984,100%@1984,100%@1984,100%@1984] GR3D_FREQ 99% cv0@66.187C/66.187C cpu@70.562C/70.718C soc2@62.718C/62.718C soc0@64.125C/64.125C cv1@65.187C/65.281C gpu@68.312C/68.343C tj@70.562C/70.718C soc1@62.625C/62.781C cv2@60.5C/60.687C VDD_IN 17650mW/17048mW/17650mW VDD_CPU_GPU_CV 11975mW/11426mW/12015mW VDD_SOC 2475mW/2452mW/2475mW
08-10-2026 21:40:38 RAM 2629/15599MB (lfb 48x4MB) CPU [100%@1984,100%@1984,100%@1984,100%@1984,100%@1984,100%@1984,100%@1984,100%@1984] GR3D_FREQ 99% cv0@66.25C/66.25C cpu@70.625C/70.718C soc2@62.718C/62.718C soc0@64.031C/64.125C cv1@65.156C/65.281C gpu@68.093C/68.343C tj@70.625C/70.718C soc1@62.656C/62.781C cv2@60.562C/60.687C VDD_IN 17609mW/17059mW/17650mW VDD_CPU_GPU_CV 11934mW/11435mW/12015mW VDD_SOC 2475mW/2452mW/2475mW
08-10-2026 21:40:38 RAM 2629/15599MB (lfb 48x4MB) CPU [100%@1984,100%@1984,100%@1984,100%@1984,100%@1984,100%@1984,100%@1984,100%@1984] GR3D_FREQ 99% cv0@66.156C/66.25C cpu@70.687C/70.718C soc2@62.718C/62.718C soc0@64.125C/64.125C cv1@65.125C/65.281C gpu@68.406C/68.406C tj@70.687C/70.718C soc1@62.75C/62.781C cv2@60.562C/60.687C VDD_IN 17609mW/17069mW/17650mW VDD_CPU_GPU_CV 11975mW/11445mW/12015mW VDD_SOC 2475mW/2453mW/2475mW
08-10-2026 21:40:39 RAM 2629/15599MB (lfb 48x4MB) CPU [100%@1984,100%@1984,100%@1984,100%@1984,100%@1984,100%@1984,100%@1984,100%@1984] GR3D_FREQ 99% cv0@66.156C/66.25C cpu@70.718C/70.718C soc2@62.75C/62.75C soc0@64.156C/64.156C cv1@65.281C/65.281C gpu@68.187C/68.406C tj@70.718C/70.718C soc1@62.687C/62.781C cv2@60.468C/60.687C VDD_IN 17650mW/17080mW/17650mW VDD_CPU_GPU_CV 11975mW/11455mW/12015mW VDD_SOC 2475mW/2453mW/2475mW
08-10-2026 21:40:39 RAM 2629/15599MB (lfb 48x4MB) CPU [100%@1984,100%@1984,100%@1984,100%@1984,100%@1984,100%@1984,100%@1984,100%@1984] GR3D_FREQ 99% cv0@66.156C/66.25C cpu@70.781C/70.781C soc2@62.687C/62.75C soc0@64.218C/64.218C cv1@65.375C/65.375C gpu@68.343C/68.406C tj@70.781C/70.781C soc1@62.656C/62.781C cv2@60.531C/60.687C VDD_IN 17650mW/17090mW/17650mW VDD_CPU_GPU_CV 11975mW/11464mW/12015mW VDD_SOC 2475mW/2454mW/2475mW
08-10-2026 21:40:40 RAM 2629/15599MB (lfb 48x4MB) CPU [100%@1984,100%@1984,100%@1984,100%@1984,100%@1984,100%@1984,100%@1984,100%@1984] GR3D_FREQ 99% cv0@66.281C/66.281C cpu@70.687C/70.781C soc2@62.656C/62.75C soc0@64.125C/64.218C cv1@65.187C/65.375C gpu@68.312C/68.406C tj@70.687C/70.781C soc1@62.718C/62.781C cv2@60.718C/60.718C VDD_IN 17650mW/17100mW/17650mW VDD_CPU_GPU_CV 11975mW/11473mW/12015mW VDD_SOC 2475mW/2454mW/2475mW
08-10-2026 21:40:40 RAM 2629/15599MB (lfb 48x4MB) CPU [100%@1984,100%@1984,100%@1984,100%@1984,100%@1984,100%@1984,100%@1984,100%@1984] GR3D_FREQ 99% cv0@66.312C/66.312C cpu@70.718C/70.781C soc2@62.687C/62.75C soc0@64.187C/64.218C cv1@65.187C/65.375C gpu@68.406C/68.406C tj@70.718C/70.781C soc1@62.625C/62.781C cv2@60.625C/60.718C VDD_IN 17609mW/17109mW/17650mW VDD_CPU_GPU_CV 11975mW/11482mW/12015mW VDD_SOC 2475mW/2454mW/2475mW
08-10-2026 21:40:41 RAM 2629/15599MB (lfb 48x4MB) CPU [100%@1984,100%@1984,100%@1984,100%@1984,100%@1984,100%@1984,100%@1984,100%@1984] GR3D_FREQ 99% cv0@66.312C/66.312C cpu@70.625C/70.781C soc2@62.75C/62.75C soc0@64.187C/64.218C cv1@65.281C/65.375C gpu@68.187C/68.406C tj@70.812C/70.812C soc1@62.75C/62.781C cv2@60.687C/60.718C VDD_IN 17609mW/17117mW/17650mW VDD_CPU_GPU_CV 11934mW/11489mW/12015mW VDD_SOC 2475mW/2455mW/2475mW
08-10-2026 21:40:41 RAM 2629/15599MB (lfb 48x4MB) CPU [100%@1984,100%@1984,100%@1984,100%@1984,100%@1984,100%@1984,100%@1984,100%@1984] GR3D_FREQ 99% cv0@66.218C/66.312C cpu@70.687C/70.781C soc2@62.656C/62.75C soc0@64.187C/64.218C cv1@65.187C/65.375C gpu@68.406C/68.406C tj@70.687C/70.812C soc1@62.812C/62.812C cv2@60.687C/60.718C VDD_IN 17609mW/17125mW/17650mW VDD_CPU_GPU_CV 11934mW/11497mW/12015mW VDD_SOC 2475mW/2455mW/2475mW
08-10-2026 21:40:42 RAM 2629/15599MB (lfb 48x4MB) CPU [100%@1984,100%@1984,100%@1984,100%@1984,100%@1984,100%@1984,100%@1984,100%@1984] GR3D_FREQ 99% cv0@66.25C/66.312C cpu@70.593C/70.781C soc2@62.718C/62.75C soc0@64.375C/64.375C cv1@65.281C/65.375C gpu@68.343C/68.406C tj@70.593C/70.812C soc1@62.718C/62.812C cv2@60.718C/60.718C VDD_IN 17569mW/17133mW/17650mW VDD_CPU_GPU_CV 11934mW/11504mW/12015mW VDD_SOC 2475mW/2455mW/2475mW
08-10-2026 21:40:42 RAM 2629/15599MB (lfb 48x4MB) CPU [100%@1984,100%@1984,100%@1984,100%@1984,100%@1984,100%@1984,100%@1984,100%@1984] GR3D_FREQ 99% cv0@66.218C/66.312C cpu@70.687C/70.781C soc2@62.812C/62.812C soc0@64.343C/64.375C cv1@65.25C/65.375C gpu@68.406C/68.406C tj@70.687C/70.812C soc1@62.718C/62.812C cv2@60.625C/60.718C VDD_IN 17569mW/17140mW/17650mW VDD_CPU_GPU_CV 11894mW/11510mW/12015mW VDD_SOC 2475mW/2456mW/2475mW
08-10-2026 21:40:43 RAM 2629/15599MB (lfb 48x4MB) CPU [100%@1984,100%@1984,100%@1984,100%@1984,100%@1984,100%@1984,100%@1984,100%@1984] GR3D_FREQ 99% cv0@66.281C/66.312C cpu@70.781C/70.781C soc2@62.812C/62.812C soc0@64.187C/64.375C cv1@65.312C/65.375C gpu@68.218C/68.406C tj@70.781C/70.812C soc1@62.718C/62.812C cv2@60.687C/60.718C VDD_IN 17569mW/17146mW/17650mW VDD_CPU_GPU_CV 11934mW/11517mW/12015mW VDD_SOC 2475mW/2456mW/2475mW
08-10-2026 21:40:43 RAM 2629/15599MB (lfb 48x4MB) CPU [100%@1984,100%@1984,100%@1984,100%@1984,100%@1984,100%@1984,100%@1984,100%@1984] GR3D_FREQ 99% cv0@66.187C/66.312C cpu@70.718C/70.781C soc2@62.812C/62.812C soc0@64.25C/64.375C cv1@65.343C/65.375C gpu@68.312C/68.406C tj@70.718C/70.812C soc1@62.812C/62.812C cv2@60.781C/60.781C VDD_IN 17569mW/17153mW/17650mW VDD_CPU_GPU_CV 11894mW/11523mW/12015mW VDD_SOC 2475mW/2456mW/2475mW
08-10-2026 21:40:44 RAM 2629/15599MB (lfb 48x4MB) CPU [100%@1984,100%@1984,100%@1984,100%@1984,100%@1984,100%@1984,100%@1984,100%@1984] GR3D_FREQ 99% cv0@66.25C/66.312C cpu@70.718C/70.781C soc2@62.843C/62.843C soc0@64.281C/64.375C cv1@65.218C/65.375C gpu@68.312C/68.406C tj@70.75C/70.812C soc1@62.875C/62.875C cv2@60.687C/60.781C VDD_IN 17609mW/17160mW/17650mW VDD_CPU_GPU_CV 11975mW/11530mW/12015mW VDD_SOC 2475mW/2457mW/2475mW
08-10-2026 21:40:44 RAM 2629/15599MB (lfb 48x4MB) CPU [100%@1984,100%@1984,100%@1984,100%@1984,100%@1984,100%@1984,100%@1984,100%@1984] GR3D_FREQ 99% cv0@66.218C/66.312C cpu@70.656C/70.781C soc2@62.781C/62.843C soc0@64.406C/64.406C cv1@65.25C/65.375C gpu@68.312C/68.406C tj@70.656C/70.812C soc1@62.812C/62.875C cv2@60.687C/60.781C VDD_IN 17609mW/17167mW/17650mW VDD_CPU_GPU_CV 11975mW/11537mW/12015mW VDD_SOC 2475mW/2457mW/2475mW
08-10-2026 21:40:45 RAM 2629/15599MB (lfb 48x4MB) CPU [100%@1984,100%@1984,100%@1984,100%@1984,100%@1984,100%@1984,100%@1984,100%@1984] GR3D_FREQ 99% cv0@66.218C/66.312C cpu@70.812C/70.812C soc2@62.875C/62.875C soc0@64.343C/64.406C cv1@65.312C/65.375C gpu@68.281C/68.406C tj@70.812C/70.812C soc1@62.843C/62.875C cv2@60.656C/60.781C VDD_IN 17569mW/17173mW/17650mW VDD_CPU_GPU_CV 11934mW/11543mW/12015mW VDD_SOC 2475mW/2457mW/2475mW
08-10-2026 21:40:45 RAM 2629/15599MB (lfb 48x4MB) CPU [100%@1984,100%@1984,100%@1984,100%@1984,100%@1984,100%@1984,100%@1984,100%@1984] GR3D_FREQ 99% cv0@66.187C/66.312C cpu@70.718C/70.812C soc2@62.937C/62.937C soc0@64.281C/64.406C cv1@65.218C/65.375C gpu@68.312C/68.406C tj@70.906C/70.906C soc1@62.843C/62.875C cv2@60.812C/60.812C VDD_IN 17569mW/17179mW/17650mW VDD_CPU_GPU_CV 11894mW/11548mW/12015mW VDD_SOC 2475mW/2457mW/2475mW
08-10-2026 21:40:46 RAM 2629/15599MB (lfb 48x4MB) CPU [100%@1984,100%@1984,100%@1984,100%@1984,100%@1984,100%@1984,100%@1984,100%@1984] GR3D_FREQ 99% cv0@66.281C/66.312C cpu@70.781C/70.812C soc2@62.843C/62.937C soc0@64.343C/64.406C cv1@65.312C/65.375C gpu@68.343C/68.406C tj@70.781C/70.906C soc1@62.718C/62.875C cv2@60.875C/60.875C VDD_IN 17609mW/17185mW/17650mW VDD_CPU_GPU_CV 11934mW/11553mW/12015mW VDD_SOC 2475mW/2458mW/2475mW
08-10-2026 21:40:46 RAM 2629/15599MB (lfb 48x4MB) CPU [100%@1984,100%@1984,100%@1984,100%@1984,100%@1984,100%@1984,100%@1984,100%@1984] GR3D_FREQ 99% cv0@66.312C/66.312C cpu@70.75C/70.812C soc2@62.843C/62.937C soc0@64.187C/64.406C cv1@65.312C/65.375C gpu@68.312C/68.406C tj@70.75C/70.906C soc1@62.75C/62.875C cv2@60.812C/60.875C VDD_IN 17569mW/17190mW/17650mW VDD_CPU_GPU_CV 11934mW/11559mW/12015mW VDD_SOC 2475mW/2458mW/2475mW
08-10-2026 21:40:47 RAM 2629/15599MB (lfb 48x4MB) CPU [100%@1984,100%@1984,100%@1984,100%@1984,100%@1984,100%@1984,100%@1984,100%@1984] GR3D_FREQ 99% cv0@66.343C/66.343C cpu@70.718C/70.812C soc2@62.812C/62.937C soc0@64.375C/64.406C cv1@65.375C/65.375C gpu@68.343C/68.406C tj@70.718C/70.906C soc1@62.843C/62.875C cv2@60.781C/60.875C VDD_IN 17650mW/17197mW/17650mW VDD_CPU_GPU_CV 11975mW/11565mW/12015mW VDD_SOC 2475mW/2458mW/2475mW
08-10-2026 21:40:47 RAM 2629/15599MB (lfb 48x4MB) CPU [100%@1984,100%@1984,100%@1984,100%@1984,100%@1984,100%@1984,100%@1984,100%@1984] GR3D_FREQ 99% cv0@66.312C/66.343C cpu@70.687C/70.812C soc2@62.875C/62.937C soc0@64.343C/64.406C cv1@65.343C/65.375C gpu@68.312C/68.406C tj@70.75C/70.906C soc1@62.968C/62.968C cv2@60.812C/60.875C VDD_IN 17650mW/17203mW/17650mW VDD_CPU_GPU_CV 11975mW/11570mW/12015mW VDD_SOC 2475mW/2458mW/2475mW
08-10-2026 21:40:48 RAM 2629/15599MB (lfb 48x4MB) CPU [100%@1984,100%@1984,100%@1984,100%@1984,100%@1984,100%@1984,100%@1984,100%@1984] GR3D_FREQ 99% cv0@66.281C/66.343C cpu@70.812C/70.812C soc2@62.875C/62.937C soc0@64.5C/64.5C cv1@65.593C/65.593C gpu@68.375C/68.406C tj@70.812C/70.906C soc1@62.906C/62.968C cv2@60.687C/60.875C VDD_IN 17650mW/17209mW/17650mW VDD_CPU_GPU_CV 11975mW/11576mW/12015mW VDD_SOC 2475mW/2459mW/2475mW
08-10-2026 21:40:48 RAM 2629/15599MB (lfb 48x4MB) CPU [100%@1984,100%@1984,100%@1984,100%@1984,100%@1984,100%@1984,100%@1984,100%@1984] GR3D_FREQ 99% cv0@66.312C/66.343C cpu@70.937C/70.937C soc2@62.906C/62.937C soc0@64.468C/64.5C cv1@65.406C/65.593C gpu@68.312C/68.406C tj@70.937C/70.937C soc1@62.843C/62.968C cv2@60.843C/60.875C VDD_IN 17691mW/17216mW/17691mW VDD_CPU_GPU_CV 12015mW/11582mW/12015mW VDD_SOC 2475mW/2459mW/2475mW
08-10-2026 21:40:49 RAM 2629/15599MB (lfb 48x4MB) CPU [100%@1984,100%@1984,100%@1984,100%@1984,100%@1984,100%@1984,100%@1984,100%@1984] GR3D_FREQ 99% cv0@66.375C/66.375C cpu@70.843C/70.937C soc2@62.906C/62.937C soc0@64.343C/64.5C cv1@65.375C/65.593C gpu@68.562C/68.562C tj@70.843C/70.937C soc1@62.812C/62.968C cv2@60.843C/60.875C VDD_IN 17691mW/17222mW/17691mW VDD_CPU_GPU_CV 12015mW/11588mW/12015mW VDD_SOC 2475mW/2459mW/2475mW
08-10-2026 21:40:49 RAM 2629/15599MB (lfb 48x4MB) CPU [100%@1984,100%@1984,100%@1984,100%@1984,100%@1984,100%@1984,100%@1984,100%@1984] GR3D_FREQ 99% cv0@66.468C/66.468C cpu@70.843C/70.937C soc2@62.968C/62.968C soc0@64.406C/64.5C cv1@65.312C/65.593C gpu@68.375C/68.562C tj@70.843C/70.937C soc1@62.812C/62.968C cv2@60.875C/60.875C VDD_IN 17691mW/17228mW/17691mW VDD_CPU_GPU_CV 12015mW/11593mW/12015mW VDD_SOC 2475mW/2459mW/2475mW
08-10-2026 21:40:50 RAM 2629/15599MB (lfb 48x4MB) CPU [100%@1984,100%@1984,100%@1984,100%@1984,100%@1984,100%@1984,100%@1984,100%@1984] GR3D_FREQ 99% cv0@66.375C/66.468C cpu@70.781C/70.937C soc2@62.875C/62.968C soc0@64.5C/64.5C cv1@65.312C/65.593C gpu@68.625C/68.625C tj@70.781C/70.937C soc1@63.031C/63.031C cv2@60.875C/60.875C VDD_IN 17691mW/17234mW/17691mW VDD_CPU_GPU_CV 12015mW/11599mW/12015mW VDD_SOC 2475mW/2459mW/2475mW
08-10-2026 21:40:50 RAM 2629/15599MB (lfb 48x4MB) CPU [100%@1984,100%@1984,100%@1984,100%@1984,100%@1984,100%@1984,100%@1984,100%@1984] GR3D_FREQ 99% cv0@66.375C/66.468C cpu@70.781C/70.937C soc2@62.906C/62.968C soc0@64.562C/64.562C cv1@65.406C/65.593C gpu@68.375C/68.625C tj@70.781C/70.937C soc1@63.031C/63.031C cv2@60.812C/60.875C VDD_IN 17691mW/17240mW/17691mW VDD_CPU_GPU_CV 12015mW/11604mW/12015mW VDD_SOC 2475mW/2460mW/2475mW
08-10-2026 21:40:51 RAM 2629/15599MB (lfb 48x4MB) CPU [100%@1984,100%@1984,100%@1984,100%@1984,100%@1984,100%@1984,100%@1984,100%@1984] GR3D_FREQ 99% cv0@66.312C/66.468C cpu@71.031C/71.031C soc2@63.031C/63.031C soc0@64.437C/64.562C cv1@65.531C/65.593C gpu@68.656C/68.656C tj@71.031C/71.031C soc1@63.093C/63.093C cv2@60.843C/60.875C VDD_IN 17691mW/17246mW/17691mW VDD_CPU_GPU_CV 12015mW/11609mW/12015mW VDD_SOC 2475mW/2460mW/2475mW
08-10-2026 21:40:51 RAM 2629/15599MB (lfb 48x4MB) CPU [100%@1984,100%@1984,100%@1984,100%@1984,100%@1984,100%@1984,100%@1984,100%@1984] GR3D_FREQ 99% cv0@66.343C/66.468C cpu@70.906C/71.031C soc2@62.937C/63.031C soc0@64.5C/64.562C cv1@65.531C/65.593C gpu@68.562C/68.656C tj@70.906C/71.031C soc1@62.937C/63.093C cv2@60.937C/60.937C VDD_IN 17691mW/17251mW/17691mW VDD_CPU_GPU_CV 12015mW/11614mW/12015mW VDD_SOC 2475mW/2460mW/2475mW
08-10-2026 21:40:52 RAM 2629/15599MB (lfb 48x4MB) CPU [100%@1984,100%@1984,100%@1984,100%@1984,100%@1984,100%@1984,100%@1984,100%@1984] GR3D_FREQ 99% cv0@66.437C/66.468C cpu@70.937C/71.031C soc2@62.968C/63.031C soc0@64.468C/64.562C cv1@65.406C/65.593C gpu@68.593C/68.656C tj@70.937C/71.031C soc1@62.968C/63.093C cv2@60.875C/60.937C VDD_IN 17609mW/17256mW/17691mW VDD_CPU_GPU_CV 11975mW/11619mW/12015mW VDD_SOC 2475mW/2460mW/2475mW
08-10-2026 21:40:52 RAM 2629/15599MB (lfb 48x4MB) CPU [100%@1984,100%@1984,100%@1984,100%@1984,100%@1984,100%@1984,100%@1984,100%@1984] GR3D_FREQ 99% cv0@66.406C/66.468C cpu@70.875C/71.031C soc2@62.968C/63.031C soc0@64.468C/64.562C cv1@65.5C/65.593C gpu@68.406C/68.656C tj@70.875C/71.031C soc1@62.937C/63.093C cv2@60.937C/60.937C VDD_IN 17609mW/17260mW/17691mW VDD_CPU_GPU_CV 11975mW/11623mW/12015mW VDD_SOC 2475mW/2460mW/2475mW
08-10-2026 21:40:53 RAM 2629/15599MB (lfb 48x4MB) CPU [100%@1984,100%@1984,100%@1984,100%@1984,100%@1984,100%@1984,100%@1984,100%@1984] GR3D_FREQ 99% cv0@66.437C/66.468C cpu@70.812C/71.031C soc2@63C/63.031C soc0@64.437C/64.562C cv1@65.437C/65.593C gpu@68.718C/68.718C tj@70.875C/71.031C soc1@63.156C/63.156C cv2@60.875C/60.937C VDD_IN 17650mW/17265mW/17691mW VDD_CPU_GPU_CV 12015mW/11628mW/12015mW VDD_SOC 2475mW/2461mW/2475mW
08-10-2026 21:40:53 RAM 2629/15599MB (lfb 48x4MB) CPU [100%@1984,100%@1984,100%@1984,100%@1984,100%@1984,100%@1984,100%@1984,100%@1984] GR3D_FREQ 99% cv0@66.5C/66.5C cpu@70.843C/71.031C soc2@63C/63.031C soc0@64.5C/64.562C cv1@65.531C/65.593C gpu@68.531C/68.718C tj@70.843C/71.031C soc1@63.093C/63.156C cv2@60.906C/60.937C VDD_IN 17691mW/17270mW/17691mW VDD_CPU_GPU_CV 12015mW/11632mW/12015mW VDD_SOC 2475mW/2461mW/2475mW
08-10-2026 21:40:54 RAM 2629/15599MB (lfb 48x4MB) CPU [100%@1984,100%@1984,100%@1984,100%@1984,100%@1984,100%@1984,100%@1984,100%@1984] GR3D_FREQ 99% cv0@66.468C/66.5C cpu@71C/71.031C soc2@62.937C/63.031C soc0@64.593C/64.593C cv1@65.625C/65.625C gpu@68.625C/68.718C tj@71C/71.031C soc1@63.062C/63.156C cv2@60.875C/60.937C VDD_IN 17650mW/17274mW/17691mW VDD_CPU_GPU_CV 11975mW/11636mW/12015mW VDD_SOC 2475mW/2461mW/2475mW
08-10-2026 21:40:54 RAM 2629/15599MB (lfb 48x4MB) CPU [100%@1984,100%@1984,100%@1984,100%@1984,100%@1984,100%@1984,100%@1984,100%@1984] GR3D_FREQ 99% cv0@66.437C/66.5C cpu@71.125C/71.125C soc2@63.093C/63.093C soc0@64.5C/64.593C cv1@65.562C/65.625C gpu@68.562C/68.718C tj@71.125C/71.125C soc1@63.093C/63.156C cv2@60.937C/60.937C VDD_IN 17650mW/17279mW/17691mW VDD_CPU_GPU_CV 12015mW/11641mW/12015mW VDD_SOC 2475mW/2461mW/2475mW
08-10-2026 21:40:55 RAM 2629/15599MB (lfb 48x4MB) CPU [100%@1984,100%@1984,100%@1984,100%@1984,100%@1984,100%@1984,100%@1984,100%@1984] GR3D_FREQ 99% cv0@66.375C/66.5C cpu@71C/71.125C soc2@63.125C/63.125C soc0@64.593C/64.593C cv1@65.593C/65.625C gpu@68.656C/68.718C tj@71C/71.125C soc1@63.062C/63.156C cv2@61C/61C VDD_IN 17691mW/17283mW/17691mW VDD_CPU_GPU_CV 12015mW/11645mW/12015mW VDD_SOC 2475mW/2461mW/2475mW
08-10-2026 21:40:55 RAM 2629/15599MB (lfb 48x4MB) CPU [100%@1984,100%@1984,100%@1984,100%@1984,100%@1984,100%@1984,100%@1984,100%@1984] GR3D_FREQ 99% cv0@66.531C/66.531C cpu@71C/71.125C soc2@63.093C/63.125C soc0@64.5C/64.593C cv1@65.5C/65.625C gpu@68.593C/68.718C tj@71C/71.125C soc1@63.093C/63.156C cv2@61C/61C VDD_IN 17691mW/17288mW/17691mW VDD_CPU_GPU_CV 12015mW/11649mW/12015mW VDD_SOC 2475mW/2461mW/2475mW
08-10-2026 21:40:56 RAM 2629/15599MB (lfb 48x4MB) CPU [100%@1984,100%@1984,100%@1984,100%@1984,100%@1984,100%@1984,100%@1984,100%@1984] GR3D_FREQ 99% cv0@66.531C/66.531C cpu@70.843C/71.125C soc2@63.031C/63.125C soc0@64.531C/64.593C cv1@65.5C/65.625C gpu@68.625C/68.718C tj@70.843C/71.125C soc1@63.218C/63.218C cv2@61C/61C VDD_IN 17691mW/17293mW/17691mW VDD_CPU_GPU_CV 12015mW/11653mW/12015mW VDD_SOC 2475mW/2462mW/2475mW
08-10-2026 21:40:56 RAM 2629/15599MB (lfb 48x4MB) CPU [100%@1984,100%@1984,100%@1984,100%@1984,100%@1984,100%@1984,100%@1984,100%@1984] GR3D_FREQ 99% cv0@66.5C/66.531C cpu@70.906C/71.125C soc2@63.093C/63.125C soc0@64.437C/64.593C cv1@65.593C/65.625C gpu@68.625C/68.718C tj@70.968C/71.125C soc1@63.187C/63.218C cv2@60.906C/61C VDD_IN 17650mW/17297mW/17691mW VDD_CPU_GPU_CV 12015mW/11658mW/12015mW VDD_SOC 2475mW/2462mW/2475mW
08-10-2026 21:40:57 RAM 2629/15599MB (lfb 48x4MB) CPU [100%@1984,100%@1984,100%@1984,100%@1984,100%@1984,100%@1984,100%@1984,100%@1984] GR3D_FREQ 99% cv0@66.531C/66.531C cpu@71C/71.125C soc2@63C/63.125C soc0@64.656C/64.656C cv1@65.656C/65.656C gpu@68.593C/68.718C tj@71C/71.125C soc1@63.156C/63.218C cv2@61C/61C VDD_IN 17691mW/17301mW/17691mW VDD_CPU_GPU_CV 12015mW/11661mW/12015mW VDD_SOC 2475mW/2462mW/2475mW
08-10-2026 21:40:57 RAM 2629/15599MB (lfb 48x4MB) CPU [100%@1984,100%@1984,100%@1984,100%@1984,100%@1984,100%@1984,100%@1984,100%@1984] GR3D_FREQ 99% cv0@66.562C/66.562C cpu@71.125C/71.125C soc2@63.093C/63.125C soc0@64.437C/64.656C cv1@65.593C/65.656C gpu@68.812C/68.812C tj@70.968C/71.125C soc1@63.187C/63.218C cv2@60.937C/61C VDD_IN 17691mW/17305mW/17691mW VDD_CPU_GPU_CV 12015mW/11665mW/12015mW VDD_SOC 2475mW/2462mW/2475mW
08-10-2026 21:40:58 RAM 2629/15599MB (lfb 48x4MB) CPU [100%@1984,100%@1984,100%@1984,100%@1984,100%@1984,100%@1984,100%@1984,100%@1984] GR3D_FREQ 99% cv0@66.5C/66.562C cpu@71.187C/71.187C soc2@63.187C/63.187C soc0@64.687C/64.687C cv1@65.656C/65.656C gpu@68.687C/68.812C tj@71.187C/71.187C soc1@63.093C/63.218C cv2@61C/61C VDD_IN 17691mW/17309mW/17691mW VDD_CPU_GPU_CV 12015mW/11669mW/12015mW VDD_SOC 2475mW/2462mW/2475mW
08-10-2026 21:40:58 RAM 2629/15599MB (lfb 48x4MB) CPU [100%@1984,100%@1984,100%@1984,100%@1984,100%@1984,100%@1984,100%@1984,100%@1984] GR3D_FREQ 99% cv0@66.5C/66.562C cpu@71.093C/71.187C soc2@63.125C/63.187C soc0@64.718C/64.718C cv1@65.687C/65.687C gpu@68.812C/68.812C tj@71.093C/71.187C soc1@63.156C/63.218C cv2@61.156C/61.156C VDD_IN 17650mW/17313mW/17691mW VDD_CPU_GPU_CV 12015mW/11673mW/12015mW VDD_SOC 2475mW/2462mW/2475mW
08-10-2026 21:40:59 RAM 2629/15599MB (lfb 48x4MB) CPU [100%@1984,100%@1984,100%@1984,100%@1984,100%@1984,100%@1984,100%@1984,100%@1984] GR3D_FREQ 99% cv0@66.593C/66.593C cpu@71.062C/71.187C soc2@63.125C/63.187C soc0@64.625C/64.718C cv1@65.593C/65.687C gpu@68.75C/68.812C tj@71.062C/71.187C soc1@63.093C/63.218C cv2@61.187C/61.187C VDD_IN 17650mW/17316mW/17691mW VDD_CPU_GPU_CV 11975mW/11676mW/12015mW VDD_SOC 2475mW/2462mW/2475mW
08-10-2026 21:40:59 RAM 2629/15599MB (lfb 48x4MB) CPU [100%@1984,100%@1984,100%@1984,100%@1984,100%@1984,100%@1984,100%@1984,100%@1984] GR3D_FREQ 99% cv0@66.656C/66.656C cpu@71.031C/71.187C soc2@63.156C/63.187C soc0@64.687C/64.718C cv1@65.593C/65.687C gpu@68.593C/68.812C tj@71.031C/71.187C soc1@63.25C/63.25C cv2@61.062C/61.187C VDD_IN 17691mW/17320mW/17691mW VDD_CPU_GPU_CV 12015mW/11679mW/12015mW VDD_SOC 2475mW/2463mW/2475mW
08-10-2026 21:41:00 RAM 2629/15599MB (lfb 48x4MB) CPU [100%@1984,100%@1984,100%@1984,100%@1984,100%@1984,100%@1984,100%@1984,100%@1984] GR3D_FREQ 99% cv0@66.5C/66.656C cpu@71.281C/71.281C soc2@63.218C/63.218C soc0@64.781C/64.781C cv1@65.75C/65.75C gpu@68.718C/68.812C tj@71.281C/71.281C soc1@63.156C/63.25C cv2@61.093C/61.187C VDD_IN 17691mW/17324mW/17691mW VDD_CPU_GPU_CV 12015mW/11683mW/12015mW VDD_SOC 2475mW/2463mW/2475mW
08-10-2026 21:41:00 RAM 2629/15599MB (lfb 48x4MB) CPU [100%@1984,100%@1984,100%@1984,100%@1984,100%@1984,100%@1984,100%@1984,100%@1984] GR3D_FREQ 99% cv0@66.593C/66.656C cpu@71C/71.281C soc2@63.125C/63.218C soc0@64.687C/64.781C cv1@65.781C/65.781C gpu@68.656C/68.812C tj@71C/71.281C soc1@63.218C/63.25C cv2@61.093C/61.187C VDD_IN 17691mW/17328mW/17691mW VDD_CPU_GPU_CV 12015mW/11686mW/12015mW VDD_SOC 2475mW/2463mW/2475mW
08-10-2026 21:41:01 RAM 2629/15599MB (lfb 48x4MB) CPU [100%@1984,100%@1984,100%@1984,100%@1984,100%@1984,100%@1984,100%@1984,100%@1984] GR3D_FREQ 99% cv0@66.562C/66.656C cpu@71.187C/71.281C soc2@63.25C/63.25C soc0@64.687C/64.781C cv1@65.781C/65.781C gpu@68.718C/68.812C tj@71.187C/71.281C soc1@63.187C/63.25C cv2@61.125C/61.187C VDD_IN 17691mW/17332mW/17691mW VDD_CPU_GPU_CV 12015mW/11690mW/12015mW VDD_SOC 2475mW/2463mW/2475mW
08-10-2026 21:41:01 RAM 2629/15599MB (lfb 48x4MB) CPU [100%@1984,100%@1984,100%@1984,100%@1984,100%@1984,100%@1984,100%@1984,100%@1984] GR3D_FREQ 99% cv0@66.75C/66.75C cpu@71.125C/71.281C soc2@63.125C/63.25C soc0@64.718C/64.781C cv1@65.718C/65.781C gpu@68.687C/68.812C tj@71.281C/71.281C soc1@63.125C/63.25C cv2@61.218C/61.218C VDD_IN 17691mW/17335mW/17691mW VDD_CPU_GPU_CV 12015mW/11693mW/12015mW VDD_SOC 2475mW/2463mW/2475mW
08-10-2026 21:41:02 RAM 2631/15599MB (lfb 48x4MB) CPU [100%@1984,100%@1984,100%@1984,100%@1984,100%@1984,100%@1984,100%@1984,100%@1984] GR3D_FREQ 99% cv0@66.625C/66.75C cpu@71.156C/71.281C soc2@63.187C/63.25C soc0@64.718C/64.781C cv1@65.687C/65.781C gpu@68.656C/68.812C tj@71.156C/71.281C soc1@63.375C/63.375C cv2@61.156C/61.218C VDD_IN 17691mW/17339mW/17691mW VDD_CPU_GPU_CV 12015mW/11696mW/12015mW VDD_SOC 2475mW/2463mW/2475mW
08-10-2026 21:41:02 RAM 2631/15599MB (lfb 48x4MB) CPU [100%@1984,100%@1984,100%@1984,100%@1984,100%@1984,100%@1984,100%@1984,100%@1984] GR3D_FREQ 99% cv0@66.656C/66.75C cpu@71.125C/71.281C soc2@63.25C/63.25C soc0@64.687C/64.781C cv1@65.781C/65.781C gpu@68.687C/68.812C tj@71.125C/71.281C soc1@63.343C/63.375C cv2@61.156C/61.218C VDD_IN 17691mW/17342mW/17691mW VDD_CPU_GPU_CV 12015mW/11699mW/12015mW VDD_SOC 2475mW/2463mW/2475mW
08-10-2026 21:41:03 RAM 2631/15599MB (lfb 48x4MB) CPU [100%@1984,100%@1984,100%@1984,100%@1984,100%@1984,100%@1984,100%@1984,100%@1984] GR3D_FREQ 99% cv0@66.718C/66.75C cpu@71.156C/71.281C soc2@63.25C/63.25C soc0@64.656C/64.781C cv1@65.906C/65.906C gpu@68.593C/68.812C tj@71.156C/71.281C soc1@63.312C/63.375C cv2@61.156C/61.218C VDD_IN 17691mW/17346mW/17691mW VDD_CPU_GPU_CV 12015mW/11702mW/12015mW VDD_SOC 2475mW/2463mW/2475mW
08-10-2026 21:41:03 RAM 2631/15599MB (lfb 48x4MB) CPU [100%@1984,100%@1984,100%@1984,100%@1984,100%@1984,100%@1984,100%@1984,100%@1984] GR3D_FREQ 99% cv0@66.656C/66.75C cpu@71.031C/71.281C soc2@63.312C/63.312C soc0@64.687C/64.781C cv1@65.75C/65.906C gpu@68.843C/68.843C tj@71.031C/71.281C soc1@63.25C/63.375C cv2@61.218C/61.218C VDD_IN 17650mW/17349mW/17691mW VDD_CPU_GPU_CV 11975mW/11705mW/12015mW VDD_SOC 2475mW/2464mW/2475mW
08-10-2026 21:41:04 RAM 2631/15599MB (lfb 48x4MB) CPU [100%@1984,100%@1984,100%@1984,100%@1984,100%@1984,100%@1984,100%@1984,100%@1984] GR3D_FREQ 99% cv0@66.687C/66.75C cpu@71.125C/71.281C soc2@63.25C/63.312C soc0@64.812C/64.812C cv1@65.781C/65.906C gpu@68.843C/68.843C tj@71.125C/71.281C soc1@63.25C/63.375C cv2@61.187C/61.218C VDD_IN 17609mW/17351mW/17691mW VDD_CPU_GPU_CV 11934mW/11707mW/12015mW VDD_SOC 2475mW/2464mW/2475mW
08-10-2026 21:41:04 RAM 2631/15599MB (lfb 48x4MB) CPU [100%@1984,100%@1984,100%@1984,100%@1984,100%@1984,100%@1984,100%@1984,100%@1984] GR3D_FREQ 99% cv0@66.656C/66.75C cpu@71.187C/71.281C soc2@63.25C/63.312C soc0@64.812C/64.812C cv1@65.718C/65.906C gpu@68.812C/68.843C tj@71.187C/71.281C soc1@63.312C/63.375C cv2@61.187C/61.218C VDD_IN 17609mW/17353mW/17691mW VDD_CPU_GPU_CV 11934mW/11709mW/12015mW VDD_SOC 2475mW/2464mW/2475mW
08-10-2026 21:41:05 RAM 2631/15599MB (lfb 48x4MB) CPU [100%@1984,100%@1984,100%@1984,100%@1984,100%@1984,100%@1984,100%@1984,100%@1984] GR3D_FREQ 99% cv0@66.75C/66.75C cpu@71.156C/71.281C soc2@63.312C/63.312C soc0@64.781C/64.812C cv1@65.75C/65.906C gpu@68.718C/68.843C tj@71.156C/71.281C soc1@63.312C/63.375C cv2@61.312C/61.312C VDD_IN 17650mW/17356mW/17691mW VDD_CPU_GPU_CV 11975mW/11712mW/12015mW VDD_SOC 2475mW/2464mW/2475mW
08-10-2026 21:41:05 RAM 2631/15599MB (lfb 48x4MB) CPU [100%@1984,100%@1984,100%@1984,100%@1984,100%@1984,100%@1984,100%@1984,100%@1984] GR3D_FREQ 99% cv0@66.781C/66.781C cpu@71.281C/71.281C soc2@63.281C/63.312C soc0@64.781C/64.812C cv1@65.75C/65.906C gpu@68.937C/68.937C tj@71.281C/71.281C soc1@63.375C/63.375C cv2@61.218C/61.312C VDD_IN 17650mW/17359mW/17691mW VDD_CPU_GPU_CV 12015mW/11714mW/12015mW VDD_SOC 2475mW/2464mW/2475mW
08-10-2026 21:41:06 RAM 2631/15599MB (lfb 48x4MB) CPU [100%@1984,100%@1984,100%@1984,100%@1984,100%@1984,100%@1984,100%@1984,100%@1984] GR3D_FREQ 99% cv0@66.687C/66.781C cpu@71.156C/71.281C soc2@63.25C/63.312C soc0@64.812C/64.812C cv1@65.937C/65.937C gpu@68.75C/68.937C tj@71.156C/71.281C soc1@63.406C/63.406C cv2@61.25C/61.312C VDD_IN 17691mW/17362mW/17691mW VDD_CPU_GPU_CV 12015mW/11717mW/12015mW VDD_SOC 2475mW/2464mW/2475mW
08-10-2026 21:41:06 RAM 2631/15599MB (lfb 48x4MB) CPU [100%@1984,100%@1984,100%@1984,100%@1984,100%@1984,100%@1984,100%@1984,100%@1984] GR3D_FREQ 99% cv0@66.687C/66.781C cpu@71.093C/71.281C soc2@63.312C/63.312C soc0@64.906C/64.906C cv1@65.812C/65.937C gpu@68.968C/68.968C tj@71.093C/71.281C soc1@63.375C/63.406C cv2@61.218C/61.312C VDD_IN 17691mW/17365mW/17691mW VDD_CPU_GPU_CV 12015mW/11720mW/12015mW VDD_SOC 2475mW/2464mW/2475mW
08-10-2026 21:41:07 RAM 2631/15599MB (lfb 48x4MB) CPU [100%@1984,100%@1984,100%@1984,100%@1984,100%@1984,100%@1984,100%@1984,100%@1984] GR3D_FREQ 99% cv0@66.687C/66.781C cpu@71.312C/71.312C soc2@63.375C/63.375C soc0@64.875C/64.906C cv1@65.843C/65.937C gpu@69.031C/69.031C tj@71.312C/71.312C soc1@63.312C/63.406C cv2@61.218C/61.312C VDD_IN 17691mW/17368mW/17691mW VDD_CPU_GPU_CV 12015mW/11723mW/12015mW VDD_SOC 2475mW/2464mW/2475mW
08-10-2026 21:41:07 RAM 2631/15599MB (lfb 48x4MB) CPU [100%@1984,100%@1984,100%@1984,100%@1984,100%@1984,100%@1984,100%@1984,100%@1984] GR3D_FREQ 99% cv0@66.812C/66.812C cpu@71.218C/71.312C soc2@63.312C/63.375C soc0@64.875C/64.906C cv1@65.781C/65.937C gpu@68.906C/69.031C tj@71.218C/71.312C soc1@63.281C/63.406C cv2@61.281C/61.312C VDD_IN 17691mW/17371mW/17691mW VDD_CPU_GPU_CV 12015mW/11725mW/12015mW VDD_SOC 2475mW/2464mW/2475mW
08-10-2026 21:41:08 RAM 2631/15599MB (lfb 48x4MB) CPU [100%@1984,100%@1984,100%@1984,100%@1984,100%@1984,100%@1984,100%@1984,100%@1984] GR3D_FREQ 99% cv0@66.75C/66.812C cpu@71.187C/71.312C soc2@63.375C/63.375C soc0@64.781C/64.906C cv1@65.812C/65.937C gpu@68.843C/69.031C tj@71.281C/71.312C soc1@63.281C/63.406C cv2@61.281C/61.312C VDD_IN 17691mW/17374mW/17691mW VDD_CPU_GPU_CV 12015mW/11728mW/12015mW VDD_SOC 2475mW/2464mW/2475mW
08-10-2026 21:41:08 RAM 2631/15599MB (lfb 48x4MB) CPU [100%@1984,100%@1984,100%@1984,100%@1984,100%@1984,100%@1984,100%@1984,100%@1984] GR3D_FREQ 99% cv0@66.843C/66.843C cpu@71.093C/71.312C soc2@63.375C/63.375C soc0@64.843C/64.906C cv1@65.812C/65.937C gpu@68.812C/69.031C tj@71.093C/71.312C soc1@63.437C/63.437C cv2@61.343C/61.343C VDD_IN 17691mW/17376mW/17691mW VDD_CPU_GPU_CV 12015mW/11730mW/12015mW VDD_SOC 2475mW/2465mW/2475mW
08-10-2026 21:41:09 RAM 2631/15599MB (lfb 48x4MB) CPU [100%@1984,100%@1984,100%@1984,100%@1984,100%@1984,100%@1984,100%@1984,100%@1984] GR3D_FREQ 99% cv0@66.781C/66.843C cpu@71.375C/71.375C soc2@63.343C/63.375C soc0@64.906C/64.906C cv1@66C/66C gpu@68.843C/69.031C tj@71.375C/71.375C soc1@63.406C/63.437C cv2@61.25C/61.343C VDD_IN 17650mW/17379mW/17691mW VDD_CPU_GPU_CV 12015mW/11733mW/12015mW VDD_SOC 2475mW/2465mW/2475mW
08-10-2026 21:41:09 RAM 2631/15599MB (lfb 48x4MB) CPU [100%@1984,100%@1984,100%@1984,100%@1984,100%@1984,100%@1984,100%@1984,100%@1984] GR3D_FREQ 99% cv0@66.75C/66.843C cpu@71.281C/71.375C soc2@63.375C/63.375C soc0@64.875C/64.906C cv1@65.875C/66C gpu@68.812C/69.031C tj@71.125C/71.375C soc1@63.343C/63.437C cv2@61.218C/61.343C VDD_IN 17691mW/17381mW/17691mW VDD_CPU_GPU_CV 12015mW/11735mW/12015mW VDD_SOC 2475mW/2465mW/2475mW
08-10-2026 21:41:10 RAM 2631/15599MB (lfb 48x4MB) CPU [100%@1984,100%@1984,100%@1984,100%@1984,100%@1984,100%@1984,100%@1984,100%@1984] GR3D_FREQ 99% cv0@66.812C/66.843C cpu@71.312C/71.375C soc2@63.375C/63.375C soc0@64.937C/64.937C cv1@65.906C/66C gpu@68.843C/69.031C tj@71.312C/71.375C soc1@63.25C/63.437C cv2@61.406C/61.406C VDD_IN 17691mW/17384mW/17691mW VDD_CPU_GPU_CV 12015mW/11738mW/12015mW VDD_SOC 2475mW/2465mW/2475mW
08-10-2026 21:41:10 RAM 2631/15599MB (lfb 48x4MB) CPU [100%@1984,100%@1984,100%@1984,100%@1984,100%@1984,100%@1984,100%@1984,100%@1984] GR3D_FREQ 99% cv0@66.843C/66.843C cpu@71.25C/71.375C soc2@63.343C/63.375C soc0@64.843C/64.937C cv1@65.812C/66C gpu@68.812C/69.031C tj@71.25C/71.375C soc1@63.343C/63.437C cv2@61.343C/61.406C VDD_IN 17691mW/17387mW/17691mW VDD_CPU_GPU_CV 12015mW/11740mW/12015mW VDD_SOC 2475mW/2465mW/2475mW
08-10-2026 21:41:11 RAM 2631/15599MB (lfb 48x4MB) CPU [100%@1984,100%@1984,100%@1984,100%@1984,100%@1984,100%@1984,100%@1984,100%@1984] GR3D_FREQ 99% cv0@66.812C/66.843C cpu@71.281C/71.375C soc2@63.375C/63.375C soc0@64.843C/64.937C cv1@65.843C/66C gpu@68.875C/69.031C tj@71.281C/71.375C soc1@63.5C/63.5C cv2@61.343C/61.406C VDD_IN 17691mW/17389mW/17691mW VDD_CPU_GPU_CV 12015mW/11742mW/12015mW VDD_SOC 2475mW/2465mW/2475mW
08-10-2026 21:41:11 RAM 2631/15599MB (lfb 48x4MB) CPU [100%@1984,100%@1984,100%@1984,100%@1984,100%@1984,100%@1984,100%@1984,100%@1984] GR3D_FREQ 99% cv0@66.843C/66.843C cpu@71.281C/71.375C soc2@63.375C/63.375C soc0@64.906C/64.937C cv1@65.843C/66C gpu@68.875C/69.031C tj@71.281C/71.375C soc1@63.5C/63.5C cv2@61.375C/61.406C VDD_IN 17691mW/17392mW/17691mW VDD_CPU_GPU_CV 12015mW/11745mW/12015mW VDD_SOC 2475mW/2465mW/2475mW
08-10-2026 21:41:12 RAM 2632/15599MB (lfb 48x4MB) CPU [100%@1984,100%@1984,100%@1984,100%@1984,100%@1984,100%@1984,100%@1984,100%@1984] GR3D_FREQ 99% cv0@66.781C/66.843C cpu@71.25C/71.375C soc2@63.406C/63.406C soc0@64.968C/64.968C cv1@65.906C/66C gpu@68.843C/69.031C tj@71.25C/71.375C soc1@63.468C/63.5C cv2@61.343C/61.406C VDD_IN 17691mW/17394mW/17691mW VDD_CPU_GPU_CV 11975mW/11746mW/12015mW VDD_SOC 2475mW/2465mW/2475mW
08-10-2026 21:41:12 RAM 2632/15599MB (lfb 48x4MB) CPU [100%@1984,100%@1984,100%@1984,100%@1984,100%@1984,100%@1984,100%@1984,100%@1984] GR3D_FREQ 99% cv0@66.781C/66.843C cpu@71.406C/71.406C soc2@63.406C/63.406C soc0@64.968C/64.968C cv1@65.968C/66C gpu@68.906C/69.031C tj@71.406C/71.406C soc1@63.406C/63.5C cv2@61.25C/61.406C VDD_IN 17650mW/17396mW/17691mW VDD_CPU_GPU_CV 11975mW/11748mW/12015mW VDD_SOC 2475mW/2465mW/2475mW
08-10-2026 21:41:13 RAM 2632/15599MB (lfb 48x4MB) CPU [100%@1984,100%@1984,100%@1984,100%@1984,100%@1984,100%@1984,100%@1984,100%@1984] GR3D_FREQ 99% cv0@66.843C/66.843C cpu@71.5C/71.5C soc2@63.468C/63.468C soc0@64.937C/64.968C cv1@65.906C/66C gpu@68.875C/69.031C tj@71.5C/71.5C soc1@63.406C/63.5C cv2@61.375C/61.406C VDD_IN 17650mW/17398mW/17691mW VDD_CPU_GPU_CV 11975mW/11750mW/12015mW VDD_SOC 2475mW/2465mW/2475mW
08-10-2026 21:41:13 RAM 2632/15599MB (lfb 48x4MB) CPU [100%@1984,100%@1984,100%@1984,100%@1984,100%@1984,100%@1984,100%@1984,100%@1984] GR3D_FREQ 99% cv0@66.812C/66.843C cpu@71.437C/71.5C soc2@63.406C/63.468C soc0@64.906C/64.968C cv1@65.906C/66C gpu@68.968C/69.031C tj@71.437C/71.5C soc1@63.406C/63.5C cv2@61.437C/61.437C VDD_IN 17691mW/17401mW/17691mW VDD_CPU_GPU_CV 12015mW/11752mW/12015mW VDD_SOC 2475mW/2465mW/2475mW
08-10-2026 21:41:14 RAM 2632/15599MB (lfb 48x4MB) CPU [100%@1984,100%@1984,100%@1984,100%@1984,100%@1984,100%@1984,100%@1984,100%@1984] GR3D_FREQ 99% cv0@66.843C/66.843C cpu@71.281C/71.5C soc2@63.375C/63.468C soc0@64.906C/64.968C cv1@65.937C/66C gpu@68.843C/69.031C tj@71.281C/71.5C soc1@63.312C/63.5C cv2@61.437C/61.437C VDD_IN 17691mW/17403mW/17691mW VDD_CPU_GPU_CV 12015mW/11754mW/12015mW VDD_SOC 2475mW/2465mW/2475mW
08-10-2026 21:41:14 RAM 2632/15599MB (lfb 48x4MB) CPU [100%@1984,100%@1984,100%@1984,100%@1984,100%@1984,100%@1984,100%@1984,100%@1984] GR3D_FREQ 99% cv0@66.843C/66.843C cpu@71.343C/71.5C soc2@63.406C/63.468C soc0@64.906C/64.968C cv1@65.906C/66C gpu@68.906C/69.031C tj@71.343C/71.5C soc1@63.5C/63.5C cv2@61.375C/61.437C VDD_IN 17691mW/17405mW/17691mW VDD_CPU_GPU_CV 12015mW/11756mW/12015mW VDD_SOC 2475mW/2466mW/2475mW
08-10-2026 21:41:15 RAM 2632/15599MB (lfb 48x4MB) CPU [100%@1984,100%@1984,100%@1984,100%@1984,100%@1984,100%@1984,100%@1984,100%@1984] GR3D_FREQ 99% cv0@66.875C/66.875C cpu@71.312C/71.5C soc2@63.375C/63.468C soc0@65.031C/65.031C cv1@65.937C/66C gpu@68.906C/69.031C tj@71.312C/71.5C soc1@63.562C/63.562C cv2@61.375C/61.437C VDD_IN 17691mW/17408mW/17691mW VDD_CPU_GPU_CV 12015mW/11758mW/12015mW VDD_SOC 2475mW/2466mW/2475mW
08-10-2026 21:41:15 RAM 2632/15599MB (lfb 48x4MB) CPU [100%@1984,100%@1984,100%@1984,100%@1984,100%@1984,100%@1984,100%@1984,100%@1984] GR3D_FREQ 99% cv0@66.781C/66.875C cpu@71.406C/71.5C soc2@63.5C/63.5C soc0@65.031C/65.031C cv1@65.968C/66C gpu@68.875C/69.031C tj@71.218C/71.5C soc1@63.5C/63.562C cv2@61.343C/61.437C VDD_IN 17691mW/17410mW/17691mW VDD_CPU_GPU_CV 12015mW/11760mW/12015mW VDD_SOC 2475mW/2466mW/2475mW
08-10-2026 21:41:16 RAM 2632/15599MB (lfb 48x4MB) CPU [100%@1984,100%@1984,100%@1984,100%@1984,100%@1984,100%@1984,100%@1984,100%@1984] GR3D_FREQ 99% cv0@66.875C/66.875C cpu@71.437C/71.5C soc2@63.437C/63.5C soc0@65.031C/65.031C cv1@66.062C/66.062C gpu@68.968C/69.031C tj@71.437C/71.5C soc1@63.468C/63.562C cv2@61.312C/61.437C VDD_IN 17650mW/17412mW/17691mW VDD_CPU_GPU_CV 11975mW/11762mW/12015mW VDD_SOC 2475mW/2466mW/2475mW
08-10-2026 21:41:17 RAM 2632/15599MB (lfb 48x4MB) CPU [100%@1984,100%@1984,100%@1984,100%@1984,100%@1984,100%@1984,100%@1984,100%@1984] GR3D_FREQ 99% cv0@66.875C/66.875C cpu@71.437C/71.5C soc2@63.468C/63.5C soc0@65.062C/65.062C cv1@65.968C/66.062C gpu@68.937C/69.031C tj@71.437C/71.5C soc1@63.375C/63.562C cv2@61.343C/61.437C VDD_IN 17650mW/17414mW/17691mW VDD_CPU_GPU_CV 11975mW/11764mW/12015mW VDD_SOC 2475mW/2466mW/2475mW
08-10-2026 21:41:17 RAM 2632/15599MB (lfb 48x4MB) CPU [100%@1984,100%@1984,100%@1984,100%@1984,100%@1984,100%@1984,100%@1984,100%@1984] GR3D_FREQ 99% cv0@67C/67C cpu@71.343C/71.5C soc2@63.437C/63.5C soc0@64.937C/65.062C cv1@66.093C/66.093C gpu@68.906C/69.031C tj@71.343C/71.5C soc1@63.406C/63.562C cv2@61.531C/61.531C VDD_IN 17691mW/17416mW/17691mW VDD_CPU_GPU_CV 12015mW/11766mW/12015mW VDD_SOC 2475mW/2466mW/2475mW
08-10-2026 21:41:18 RAM 2632/15599MB (lfb 48x4MB) CPU [100%@1984,100%@1984,100%@1984,100%@1984,100%@1984,100%@1984,100%@1984,100%@1984] GR3D_FREQ 99% cv0@66.937C/67C cpu@71.343C/71.5C soc2@63.406C/63.5C soc0@64.937C/65.062C cv1@65.968C/66.093C gpu@69.218C/69.218C tj@71.343C/71.5C soc1@63.593C/63.593C cv2@61.406C/61.531C VDD_IN 17691mW/17418mW/17691mW VDD_CPU_GPU_CV 12015mW/11768mW/12015mW VDD_SOC 2475mW/2466mW/2475mW
08-10-2026 21:41:18 RAM 2632/15599MB (lfb 48x4MB) CPU [100%@1984,100%@1984,100%@1984,100%@1984,100%@1984,100%@1984,100%@1984,100%@1984] GR3D_FREQ 99% cv0@66.875C/67C cpu@71.312C/71.5C soc2@63.406C/63.5C soc0@65.062C/65.062C cv1@65.968C/66.093C gpu@69.031C/69.218C tj@71.312C/71.5C soc1@63.593C/63.593C cv2@61.406C/61.531C VDD_IN 17691mW/17420mW/17691mW VDD_CPU_GPU_CV 12015mW/11769mW/12015mW VDD_SOC 2475mW/2466mW/2475mW
08-10-2026 21:41:19 RAM 2632/15599MB (lfb 48x4MB) CPU [100%@1984,100%@1984,100%@1984,100%@1984,100%@1984,100%@1984,100%@1984,100%@1984] GR3D_FREQ 99% cv0@66.843C/67C cpu@71.531C/71.531C soc2@63.531C/63.531C soc0@65.062C/65.062C cv1@66.031C/66.093C gpu@69.25C/69.25C tj@71.531C/71.531C soc1@63.531C/63.593C cv2@61.375C/61.531C VDD_IN 17691mW/17422mW/17691mW VDD_CPU_GPU_CV 12015mW/11771mW/12015mW VDD_SOC 2475mW/2466mW/2475mW
08-10-2026 21:41:19 RAM 2632/15599MB (lfb 48x4MB) CPU [100%@1984,100%@1984,100%@1984,100%@1984,100%@1984,100%@1984,100%@1984,100%@1984] GR3D_FREQ 99% cv0@66.968C/67C cpu@71.281C/71.531C soc2@63.437C/63.531C soc0@65.093C/65.093C cv1@65.937C/66.093C gpu@68.937C/69.25C tj@71.281C/71.531C soc1@63.5C/63.593C cv2@61.375C/61.531C VDD_IN 17691mW/17424mW/17691mW VDD_CPU_GPU_CV 12015mW/11773mW/12015mW VDD_SOC 2475mW/2466mW/2475mW
08-10-2026 21:41:20 RAM 2632/15599MB (lfb 48x4MB) CPU [100%@1984,100%@1984,100%@1984,100%@1984,100%@1984,100%@1984,100%@1984,100%@1984] GR3D_FREQ 99% cv0@67.093C/67.093C cpu@71.437C/71.531C soc2@63.5C/63.531C soc0@65.062C/65.093C cv1@66.031C/66.093C gpu@69.218C/69.25C tj@71.437C/71.531C soc1@63.5C/63.593C cv2@61.5C/61.531C VDD_IN 17731mW/17426mW/17731mW VDD_CPU_GPU_CV 12055mW/11775mW/12055mW VDD_SOC 2475mW/2466mW/2475mW
08-10-2026 21:41:20 RAM 2632/15599MB (lfb 48x4MB) CPU [100%@1984,100%@1984,100%@1984,100%@1984,100%@1984,100%@1984,100%@1984,100%@1984] GR3D_FREQ 99% cv0@66.937C/67.093C cpu@71.312C/71.531C soc2@63.468C/63.531C soc0@65.031C/65.093C cv1@66C/66.093C gpu@69C/69.25C tj@71.312C/71.531C soc1@63.468C/63.593C cv2@61.437C/61.531C VDD_IN 17731mW/17428mW/17731mW VDD_CPU_GPU_CV 12055mW/11777mW/12055mW VDD_SOC 2475mW/2466mW/2475mW
08-10-2026 21:41:21 RAM 2632/15599MB (lfb 48x4MB) CPU [100%@1984,100%@1984,100%@1984,100%@1984,100%@1984,100%@1984,100%@1984,100%@1984] GR3D_FREQ 99% cv0@66.968C/67.093C cpu@71.312C/71.531C soc2@63.531C/63.531C soc0@64.937C/65.093C cv1@66C/66.093C gpu@69.25C/69.25C tj@71.312C/71.531C soc1@63.5C/63.593C cv2@61.531C/61.531C VDD_IN 17731mW/17430mW/17731mW VDD_CPU_GPU_CV 12055mW/11779mW/12055mW VDD_SOC 2475mW/2466mW/2475mW
08-10-2026 21:41:21 RAM 2632/15599MB (lfb 48x4MB) CPU [100%@1984,100%@1984,100%@1984,100%@1984,100%@1984,100%@1984,100%@1984,100%@1984] GR3D_FREQ 99% cv0@67C/67.093C cpu@71.468C/71.531C soc2@63.468C/63.531C soc0@64.937C/65.093C cv1@66C/66.093C gpu@68.906C/69.25C tj@71.468C/71.531C soc1@63.468C/63.593C cv2@61.468C/61.531C VDD_IN 17731mW/17433mW/17731mW VDD_CPU_GPU_CV 12055mW/11781mW/12055mW VDD_SOC 2475mW/2466mW/2475mW
08-10-2026 21:41:22 RAM 2632/15599MB (lfb 48x4MB) CPU [100%@1984,100%@1984,100%@1984,100%@1984,100%@1984,100%@1984,100%@1984,100%@1984] GR3D_FREQ 99% cv0@67C/67.093C cpu@71.312C/71.531C soc2@63.468C/63.531C soc0@64.968C/65.093C cv1@66.062C/66.093C gpu@68.968C/69.25C tj@71.312C/71.531C soc1@63.468C/63.593C cv2@61.437C/61.531C VDD_IN 17691mW/17434mW/17731mW VDD_CPU_GPU_CV 12015mW/11783mW/12055mW VDD_SOC 2475mW/2466mW/2475mW
08-10-2026 21:41:22 RAM 2632/15599MB (lfb 48x4MB) CPU [100%@1984,100%@1984,100%@1984,100%@1984,100%@1984,100%@1984,100%@1984,100%@1984] GR3D_FREQ 99% cv0@66.937C/67.093C cpu@71.406C/71.531C soc2@63.5C/63.531C soc0@65.031C/65.093C cv1@65.968C/66.093C gpu@69.031C/69.25C tj@71.406C/71.531C soc1@63.593C/63.593C cv2@61.5C/61.531C VDD_IN 17691mW/17436mW/17731mW VDD_CPU_GPU_CV 12015mW/11785mW/12055mW VDD_SOC 2475mW/2467mW/2475mW
08-10-2026 21:41:23 RAM 2630/15599MB (lfb 48x4MB) CPU [100%@1984,100%@1984,100%@1984,100%@1984,100%@1984,100%@1984,100%@1984,100%@1984] GR3D_FREQ 99% cv0@66.937C/67.093C cpu@71.281C/71.531C soc2@63.593C/63.593C soc0@65.187C/65.187C cv1@66.125C/66.125C gpu@69C/69.25C tj@71.281C/71.531C soc1@63.562C/63.593C cv2@61.375C/61.531C VDD_IN 17691mW/17438mW/17731mW VDD_CPU_GPU_CV 12015mW/11786mW/12055mW VDD_SOC 2475mW/2467mW/2475mW
08-10-2026 21:41:23 RAM 2630/15599MB (lfb 48x4MB) CPU [100%@1984,100%@1984,100%@1984,100%@1984,100%@1984,100%@1984,100%@1984,100%@1984] GR3D_FREQ 99% cv0@66.968C/67.093C cpu@71.343C/71.531C soc2@63.468C/63.593C soc0@65.093C/65.187C cv1@66.125C/66.125C gpu@69.031C/69.25C tj@71.343C/71.531C soc1@63.593C/63.593C cv2@61.437C/61.531C VDD_IN 17691mW/17440mW/17731mW VDD_CPU_GPU_CV 12015mW/11788mW/12055mW VDD_SOC 2475mW/2467mW/2475mW
08-10-2026 21:41:24 RAM 2630/15599MB (lfb 48x4MB) CPU [100%@1984,100%@1984,100%@1984,100%@1984,100%@1984,100%@1984,100%@1984,100%@1984] GR3D_FREQ 99% cv0@66.843C/67.093C cpu@71.5C/71.531C soc2@63.531C/63.593C soc0@65.125C/65.187C cv1@66.062C/66.125C gpu@68.968C/69.25C tj@71.5C/71.531C soc1@63.531C/63.593C cv2@61.406C/61.531C VDD_IN 17691mW/17442mW/17731mW VDD_CPU_GPU_CV 12015mW/11789mW/12055mW VDD_SOC 2475mW/2467mW/2475mW
08-10-2026 21:41:24 RAM 2630/15599MB (lfb 48x4MB) CPU [100%@1984,100%@1984,100%@1984,100%@1984,100%@1984,100%@1984,100%@1984,100%@1984] GR3D_FREQ 99% cv0@67.125C/67.125C cpu@71.437C/71.531C soc2@63.593C/63.593C soc0@65.031C/65.187C cv1@66C/66.125C gpu@68.937C/69.25C tj@71.437C/71.531C soc1@63.562C/63.593C cv2@61.5C/61.531C VDD_IN 17691mW/17443mW/17731mW VDD_CPU_GPU_CV 12015mW/11791mW/12055mW VDD_SOC 2475mW/2467mW/2475mW
08-10-2026 21:41:25 RAM 2630/15599MB (lfb 48x4MB) CPU [100%@1984,100%@1984,100%@1984,100%@1984,100%@1984,100%@1984,100%@1984,100%@1984] GR3D_FREQ 99% cv0@67C/67.125C cpu@71.406C/71.531C soc2@63.625C/63.625C soc0@64.968C/65.187C cv1@66.062C/66.125C gpu@69.25C/69.25C tj@71.406C/71.531C soc1@63.593C/63.593C cv2@61.5C/61.531C VDD_IN 17691mW/17445mW/17731mW VDD_CPU_GPU_CV 12015mW/11792mW/12055mW VDD_SOC 2475mW/2467mW/2475mW
08-10-2026 21:41:25 RAM 2630/15599MB (lfb 48x4MB) CPU [100%@1984,100%@1984,100%@1984,100%@1984,100%@1984,100%@1984,100%@1984,100%@1984] GR3D_FREQ 99% cv0@66.968C/67.125C cpu@71.375C/71.531C soc2@63.5C/63.625C soc0@65.062C/65.187C cv1@66C/66.125C gpu@68.968C/69.25C tj@71.375C/71.531C soc1@63.531C/63.593C cv2@61.531C/61.531C VDD_IN 17731mW/17447mW/17731mW VDD_CPU_GPU_CV 12055mW/11794mW/12055mW VDD_SOC 2475mW/2467mW/2475mW
08-10-2026 21:41:26 RAM 2630/15599MB (lfb 48x4MB) CPU [100%@1984,100%@1984,100%@1984,100%@1984,100%@1984,100%@1984,100%@1984,100%@1984] GR3D_FREQ 99% cv0@67.062C/67.125C cpu@71.562C/71.562C soc2@63.5C/63.625C soc0@65.125C/65.187C cv1@65.968C/66.125C gpu@69.031C/69.25C tj@71.562C/71.562C soc1@63.593C/63.593C cv2@61.468C/61.531C VDD_IN 17731mW/17449mW/17731mW VDD_CPU_GPU_CV 12055mW/11796mW/12055mW VDD_SOC 2475mW/2467mW/2475mW
08-10-2026 21:41:26 RAM 2630/15599MB (lfb 48x4MB) CPU [100%@1984,100%@1984,100%@1984,100%@1984,100%@1984,100%@1984,100%@1984,100%@1984] GR3D_FREQ 99% cv0@66.937C/67.125C cpu@71.343C/71.562C soc2@63.531C/63.625C soc0@65.156C/65.187C cv1@66.093C/66.125C gpu@68.937C/69.25C tj@71.343C/71.562C soc1@63.593C/63.593C cv2@61.468C/61.531C VDD_IN 17731mW/17451mW/17731mW VDD_CPU_GPU_CV 12055mW/11798mW/12055mW VDD_SOC 2475mW/2467mW/2475mW
08-10-2026 21:41:27 RAM 2630/15599MB (lfb 48x4MB) CPU [100%@1984,100%@1984,100%@1984,100%@1984,100%@1984,100%@1984,100%@1984,100%@1984] GR3D_FREQ 99% cv0@66.937C/67.125C cpu@71.562C/71.562C soc2@63.531C/63.625C soc0@65.062C/65.187C cv1@66.093C/66.125C gpu@69.218C/69.25C tj@71.562C/71.562C soc1@63.531C/63.593C cv2@61.562C/61.562C VDD_IN 17731mW/17453mW/17731mW VDD_CPU_GPU_CV 12055mW/11799mW/12055mW VDD_SOC 2475mW/2467mW/2475mW
08-10-2026 21:41:27 RAM 2630/15599MB (lfb 48x4MB) CPU [100%@1984,100%@1984,100%@1984,100%@1984,100%@1984,100%@1984,100%@1984,100%@1984] GR3D_FREQ 99% cv0@66.968C/67.125C cpu@71.5C/71.562C soc2@63.593C/63.625C soc0@65.218C/65.218C cv1@66.093C/66.125C gpu@69.062C/69.25C tj@71.5C/71.562C soc1@63.593C/63.593C cv2@61.375C/61.562C VDD_IN 17691mW/17454mW/17731mW VDD_CPU_GPU_CV 11975mW/11801mW/12055mW VDD_SOC 2475mW/2467mW/2475mW
08-10-2026 21:41:28 RAM 2630/15599MB (lfb 48x4MB) CPU [100%@1984,100%@1984,100%@1984,100%@1984,100%@1984,100%@1984,100%@1984,100%@1984] GR3D_FREQ 99% cv0@67.156C/67.156C cpu@71.5C/71.562C soc2@63.531C/63.625C soc0@65.031C/65.218C cv1@66.062C/66.125C gpu@69.031C/69.25C tj@71.5C/71.562C soc1@63.531C/63.593C cv2@61.593C/61.593C VDD_IN 17691mW/17456mW/17731mW VDD_CPU_GPU_CV 12015mW/11802mW/12055mW VDD_SOC 2475mW/2467mW/2475mW
08-10-2026 21:41:28 RAM 2630/15599MB (lfb 48x4MB) CPU [100%@1984,100%@1984,100%@1984,100%@1984,100%@1984,100%@1984,100%@1984,100%@1984] GR3D_FREQ 99% cv0@67C/67.156C cpu@71.437C/71.562C soc2@63.562C/63.625C soc0@65.062C/65.218C cv1@66.062C/66.125C gpu@69.375C/69.375C tj@71.437C/71.562C soc1@63.593C/63.593C cv2@61.562C/61.593C VDD_IN 17691mW/17457mW/17731mW VDD_CPU_GPU_CV 12015mW/11803mW/12055mW VDD_SOC 2475mW/2467mW/2475mW
08-10-2026 21:41:29 RAM 2630/15599MB (lfb 48x4MB) CPU [100%@1984,100%@1984,100%@1984,100%@1984,100%@1984,100%@1984,100%@1984,100%@1984] GR3D_FREQ 99% cv0@67C/67.156C cpu@71.375C/71.562C soc2@63.625C/63.625C soc0@65.093C/65.218C cv1@66.093C/66.125C gpu@69.125C/69.375C tj@71.375C/71.562C soc1@63.593C/63.593C cv2@61.5C/61.593C VDD_IN 17731mW/17459mW/17731mW VDD_CPU_GPU_CV 12055mW/11805mW/12055mW VDD_SOC 2475mW/2467mW/2475mW
08-10-2026 21:41:29 RAM 2630/15599MB (lfb 48x4MB) CPU [100%@1984,100%@1984,100%@1984,100%@1984,100%@1984,100%@1984,100%@1984,100%@1984] GR3D_FREQ 99% cv0@66.968C/67.156C cpu@71.531C/71.562C soc2@63.593C/63.625C soc0@65.187C/65.218C cv1@66.125C/66.125C gpu@69.343C/69.375C tj@71.531C/71.562C soc1@63.593C/63.593C cv2@61.437C/61.593C VDD_IN 17731mW/17461mW/17731mW VDD_CPU_GPU_CV 12055mW/11807mW/12055mW VDD_SOC 2475mW/2467mW/2475mW
08-10-2026 21:41:30 RAM 2630/15599MB (lfb 48x4MB) CPU [100%@1984,100%@1984,100%@1984,100%@1984,100%@1984,100%@1984,100%@1984,100%@1984] GR3D_FREQ 99% cv0@67C/67.156C cpu@71.656C/71.656C soc2@63.593C/63.625C soc0@65.187C/65.218C cv1@66.093C/66.125C gpu@69C/69.375C tj@71.656C/71.656C soc1@63.593C/63.593C cv2@61.531C/61.593C VDD_IN 17731mW/17463mW/17731mW VDD_CPU_GPU_CV 12055mW/11808mW/12055mW VDD_SOC 2475mW/2467mW/2475mW
08-10-2026 21:41:30 RAM 2630/15599MB (lfb 48x4MB) CPU [100%@1984,100%@1984,100%@1984,100%@1984,100%@1984,100%@1984,100%@1984,100%@1984] GR3D_FREQ 99% cv0@66.968C/67.156C cpu@71.531C/71.656C soc2@63.656C/63.656C soc0@65C/65.218C cv1@66.093C/66.125C gpu@69.281C/69.375C tj@71.531C/71.656C soc1@63.531C/63.593C cv2@61.562C/61.593C VDD_IN 17731mW/17464mW/17731mW VDD_CPU_GPU_CV 12055mW/11810mW/12055mW VDD_SOC 2475mW/2467mW/2475mW
08-10-2026 21:41:31 RAM 2630/15599MB (lfb 48x4MB) CPU [100%@1984,100%@1984,100%@1984,100%@1984,100%@1984,100%@1984,100%@1984,100%@1984] GR3D_FREQ 99% cv0@67.062C/67.156C cpu@71.437C/71.656C soc2@63.593C/63.656C soc0@65.156C/65.218C cv1@66.093C/66.125C gpu@69.218C/69.375C tj@71.5C/71.656C soc1@63.5C/63.593C cv2@61.5C/61.593C VDD_IN 17731mW/17466mW/17731mW VDD_CPU_GPU_CV 12055mW/11811mW/12055mW VDD_SOC 2475mW/2467mW/2475mW
08-10-2026 21:41:31 RAM 2630/15599MB (lfb 48x4MB) CPU [100%@1984,100%@1984,100%@1984,100%@1984,100%@1984,100%@1984,100%@1984,100%@1984] GR3D_FREQ 99% cv0@67.093C/67.156C cpu@71.406C/71.656C soc2@63.468C/63.656C soc0@65.031C/65.218C cv1@66.031C/66.125C gpu@69.25C/69.375C tj@71.406C/71.656C soc1@63.562C/63.593C cv2@61.531C/61.593C VDD_IN 17731mW/17468mW/17731mW VDD_CPU_GPU_CV 12055mW/11813mW/12055mW VDD_SOC 2475mW/2467mW/2475mW
08-10-2026 21:41:32 RAM 2630/15599MB (lfb 48x4MB) CPU [100%@1984,100%@1984,100%@1984,100%@1984,100%@1984,100%@1984,100%@1984,100%@1984] GR3D_FREQ 99% cv0@67.125C/67.156C cpu@71.437C/71.656C soc2@63.562C/63.656C soc0@65.062C/65.218C cv1@66.093C/66.125C gpu@69.187C/69.375C tj@71.531C/71.656C soc1@63.593C/63.593C cv2@61.5C/61.593C VDD_IN 17731mW/17469mW/17731mW VDD_CPU_GPU_CV 12055mW/11814mW/12055mW VDD_SOC 2475mW/2468mW/2475mW
08-10-2026 21:41:32 RAM 2630/15599MB (lfb 48x4MB) CPU [100%@1984,100%@1984,100%@1984,100%@1984,100%@1984,100%@1984,100%@1984,100%@1984] GR3D_FREQ 99% cv0@67.062C/67.156C cpu@71.437C/71.656C soc2@63.687C/63.687C soc0@65.187C/65.218C cv1@66.218C/66.218C gpu@69.281C/69.375C tj@71.437C/71.656C soc1@63.593C/63.593C cv2@61.468C/61.593C VDD_IN 17731mW/17471mW/17731mW VDD_CPU_GPU_CV 12055mW/11816mW/12055mW VDD_SOC 2475mW/2468mW/2475mW
08-10-2026 21:41:33 RAM 2630/15599MB (lfb 48x4MB) CPU [100%@1984,100%@1984,100%@1984,100%@1984,100%@1984,100%@1984,100%@1984,100%@1984] GR3D_FREQ 99% cv0@66.968C/67.156C cpu@71.656C/71.656C soc2@63.625C/63.687C soc0@65.218C/65.218C cv1@66.062C/66.218C gpu@69.218C/69.375C tj@71.656C/71.656C soc1@63.593C/63.593C cv2@61.531C/61.593C VDD_IN 17731mW/17473mW/17731mW VDD_CPU_GPU_CV 12055mW/11817mW/12055mW VDD_SOC 2475mW/2468mW/2475mW
08-10-2026 21:41:33 RAM 2630/15599MB (lfb 48x4MB) CPU [100%@1984,100%@1984,100%@1984,100%@1984,100%@1984,100%@1984,100%@1984,100%@1984] GR3D_FREQ 99% cv0@67.031C/67.156C cpu@71.656C/71.656C soc2@63.593C/63.687C soc0@65.125C/65.218C cv1@66.156C/66.218C gpu@69.218C/69.375C tj@71.656C/71.656C soc1@63.593C/63.593C cv2@61.5C/61.593C VDD_IN 17731mW/17474mW/17731mW VDD_CPU_GPU_CV 12055mW/11819mW/12055mW VDD_SOC 2475mW/2468mW/2475mW
08-10-2026 21:41:34 RAM 2630/15599MB (lfb 48x4MB) CPU [100%@1984,100%@1984,100%@1984,100%@1984,100%@1984,100%@1984,100%@1984,100%@1984] GR3D_FREQ 99% cv0@67.093C/67.156C cpu@71.5C/71.656C soc2@63.625C/63.687C soc0@65.062C/65.218C cv1@66.062C/66.218C gpu@69.218C/69.375C tj@71.5C/71.656C soc1@63.593C/63.593C cv2@61.625C/61.625C VDD_IN 17731mW/17476mW/17731mW VDD_CPU_GPU_CV 12055mW/11820mW/12055mW VDD_SOC 2475mW/2468mW/2475mW
08-10-2026 21:41:34 RAM 2630/15599MB (lfb 48x4MB) CPU [100%@1984,100%@1984,100%@1984,100%@1984,100%@1984,100%@1984,100%@1984,100%@1984] GR3D_FREQ 99% cv0@67.156C/67.156C cpu@71.5C/71.656C soc2@63.656C/63.687C soc0@65.25C/65.25C cv1@66.093C/66.218C gpu@69.281C/69.375C tj@71.593C/71.656C soc1@63.718C/63.718C cv2@61.531C/61.625C VDD_IN 17731mW/17477mW/17731mW VDD_CPU_GPU_CV 12055mW/11822mW/12055mW VDD_SOC 2475mW/2468mW/2475mW
08-10-2026 21:41:35 RAM 2630/15599MB (lfb 48x4MB) CPU [100%@1984,100%@1984,100%@1984,100%@1984,100%@1984,100%@1984,100%@1984,100%@1984] GR3D_FREQ 99% cv0@67.093C/67.156C cpu@71.406C/71.656C soc2@63.593C/63.687C soc0@65.062C/65.25C cv1@66.125C/66.218C gpu@69.25C/69.375C tj@71.406C/71.656C soc1@63.687C/63.718C cv2@61.593C/61.625C VDD_IN 17691mW/17479mW/17731mW VDD_CPU_GPU_CV 12015mW/11823mW/12055mW VDD_SOC 2475mW/2468mW/2475mW
08-10-2026 21:41:35 RAM 2630/15599MB (lfb 48x4MB) CPU [100%@1984,100%@1984,100%@1984,100%@1984,100%@1984,100%@1984,100%@1984,100%@1984] GR3D_FREQ 99% cv0@67.125C/67.156C cpu@71.75C/71.75C soc2@63.625C/63.687C soc0@65.156C/65.25C cv1@66.187C/66.218C gpu@69.093C/69.375C tj@71.75C/71.75C soc1@63.625C/63.718C cv2@61.531C/61.625C VDD_IN 17731mW/17480mW/17731mW VDD_CPU_GPU_CV 12055mW/11824mW/12055mW VDD_SOC 2475mW/2468mW/2475mW
08-10-2026 21:41:36 RAM 2630/15599MB (lfb 48x4MB) CPU [100%@1984,100%@1984,100%@1984,100%@1984,100%@1984,100%@1984,100%@1984,100%@1984] GR3D_FREQ 99% cv0@67.125C/67.156C cpu@71.5C/71.75C soc2@63.718C/63.718C soc0@65.281C/65.281C cv1@66.125C/66.218C gpu@69.187C/69.375C tj@71.5C/71.75C soc1@63.656C/63.718C cv2@61.468C/61.625C VDD_IN 17731mW/17482mW/17731mW VDD_CPU_GPU_CV 12055mW/11826mW/12055mW VDD_SOC 2475mW/2468mW/2475mW
08-10-2026 21:41:36 RAM 2630/15599MB (lfb 48x4MB) CPU [100%@1984,100%@1984,100%@1984,100%@1984,100%@1984,100%@1984,100%@1984,100%@1984] GR3D_FREQ 99% cv0@67.25C/67.25C cpu@71.625C/71.75C soc2@63.656C/63.718C soc0@65.187C/65.281C cv1@66.156C/66.218C gpu@69.156C/69.375C tj@71.625C/71.75C soc1@63.593C/63.718C cv2@61.718C/61.718C VDD_IN 17731mW/17483mW/17731mW VDD_CPU_GPU_CV 12055mW/11827mW/12055mW VDD_SOC 2475mW/2468mW/2475mW
08-10-2026 21:41:37 RAM 2630/15599MB (lfb 48x4MB) CPU [100%@1984,100%@1984,100%@1984,100%@1984,100%@1984,100%@1984,100%@1984,100%@1984] GR3D_FREQ 99% cv0@67.25C/67.25C cpu@71.5C/71.75C soc2@63.687C/63.718C soc0@65.187C/65.281C cv1@66.156C/66.218C gpu@69.187C/69.375C tj@71.5C/71.75C soc1@63.562C/63.718C cv2@61.625C/61.718C VDD_IN 17731mW/17484mW/17731mW VDD_CPU_GPU_CV 12055mW/11828mW/12055mW VDD_SOC 2475mW/2468mW/2475mW
08-10-2026 21:41:37 RAM 2630/15599MB (lfb 48x4MB) CPU [100%@1984,100%@1984,100%@1984,100%@1984,100%@1984,100%@1984,100%@1984,100%@1984] GR3D_FREQ 99% cv0@67.125C/67.25C cpu@71.562C/71.75C soc2@63.593C/63.718C soc0@65.187C/65.281C cv1@66.093C/66.218C gpu@69.093C/69.375C tj@71.562C/71.75C soc1@63.687C/63.718C cv2@61.625C/61.718C VDD_IN 17731mW/17486mW/17731mW VDD_CPU_GPU_CV 12055mW/11830mW/12055mW VDD_SOC 2475mW/2468mW/2475mW
08-10-2026 21:41:38 RAM 2630/15599MB (lfb 48x4MB) CPU [100%@1984,100%@1984,100%@1984,100%@1984,100%@1984,100%@1984,100%@1984,100%@1984] GR3D_FREQ 99% cv0@67.156C/67.25C cpu@71.562C/71.75C soc2@63.75C/63.75C soc0@65.125C/65.281C cv1@66.156C/66.218C gpu@69.187C/69.375C tj@71.562C/71.75C soc1@63.531C/63.718C cv2@61.531C/61.718C VDD_IN 17731mW/17487mW/17731mW VDD_CPU_GPU_CV 12055mW/11831mW/12055mW VDD_SOC 2475mW/2468mW/2475mW
08-10-2026 21:41:38 RAM 2630/15599MB (lfb 48x4MB) CPU [100%@1984,100%@1984,100%@1984,100%@1984,100%@1984,100%@1984,100%@1984,100%@1984] GR3D_FREQ 99% cv0@67.125C/67.25C cpu@71.5C/71.75C soc2@63.593C/63.75C soc0@65.125C/65.281C cv1@66.125C/66.218C gpu@69.281C/69.375C tj@71.5C/71.75C soc1@63.687C/63.718C cv2@61.656C/61.718C VDD_IN 17731mW/17489mW/17731mW VDD_CPU_GPU_CV 12055mW/11832mW/12055mW VDD_SOC 2475mW/2468mW/2475mW
08-10-2026 21:41:39 RAM 2630/15599MB (lfb 48x4MB) CPU [100%@1984,100%@1984,100%@1984,100%@1984,100%@1984,100%@1984,100%@1984,100%@1984] GR3D_FREQ 99% cv0@67.093C/67.25C cpu@71.718C/71.75C soc2@63.75C/63.75C soc0@65.281C/65.281C cv1@66.25C/66.25C gpu@69.187C/69.375C tj@71.718C/71.75C soc1@63.656C/63.718C cv2@61.531C/61.718C VDD_IN 17731mW/17490mW/17731mW VDD_CPU_GPU_CV 12055mW/11834mW/12055mW VDD_SOC 2475mW/2468mW/2475mW
08-10-2026 21:41:39 RAM 2630/15599MB (lfb 48x4MB) CPU [100%@1984,100%@1984,100%@1984,100%@1984,100%@1984,100%@1984,100%@1984,100%@1984] GR3D_FREQ 99% cv0@67.062C/67.25C cpu@71.531C/71.75C soc2@63.718C/63.75C soc0@65.25C/65.281C cv1@66.187C/66.25C gpu@69.093C/69.375C tj@71.531C/71.75C soc1@63.625C/63.718C cv2@61.656C/61.718C VDD_IN 17731mW/17492mW/17731mW VDD_CPU_GPU_CV 12055mW/11835mW/12055mW VDD_SOC 2475mW/2468mW/2475mW
08-10-2026 21:41:40 RAM 2630/15599MB (lfb 48x4MB) CPU [100%@1984,100%@1984,100%@1984,100%@1984,100%@1984,100%@1984,100%@1984,100%@1984] GR3D_FREQ 99% cv0@67.156C/67.25C cpu@71.656C/71.75C soc2@63.718C/63.75C soc0@65.187C/65.281C cv1@66.093C/66.25C gpu@69.437C/69.437C tj@71.656C/71.75C soc1@63.593C/63.718C cv2@61.656C/61.718C VDD_IN 17731mW/17493mW/17731mW VDD_CPU_GPU_CV 12055mW/11836mW/12055mW VDD_SOC 2475mW/2468mW/2475mW
08-10-2026 21:41:40 RAM 2630/15599MB (lfb 48x4MB) CPU [100%@1984,100%@1984,100%@1984,100%@1984,100%@1984,100%@1984,100%@1984,100%@1984] GR3D_FREQ 99% cv0@67.187C/67.25C cpu@71.593C/71.75C soc2@63.75C/63.75C soc0@65.218C/65.281C cv1@66.093C/66.25C gpu@69.25C/69.437C tj@71.593C/71.75C soc1@63.625C/63.718C cv2@61.718C/61.718C VDD_IN 17731mW/17494mW/17731mW VDD_CPU_GPU_CV 12055mW/11837mW/12055mW VDD_SOC 2475mW/2468mW/2475mW
08-10-2026 21:41:41 RAM 2630/15599MB (lfb 48x4MB) CPU [100%@1984,100%@1984,100%@1984,100%@1984,100%@1984,100%@1984,100%@1984,100%@1984] GR3D_FREQ 99% cv0@67.125C/67.25C cpu@71.687C/71.75C soc2@63.687C/63.75C soc0@65.156C/65.281C cv1@66.156C/66.25C gpu@69.312C/69.437C tj@71.593C/71.75C soc1@63.718C/63.718C cv2@61.562C/61.718C VDD_IN 17731mW/17496mW/17731mW VDD_CPU_GPU_CV 12055mW/11839mW/12055mW VDD_SOC 2475mW/2468mW/2475mW
08-10-2026 21:41:41 RAM 2630/15599MB (lfb 48x4MB) CPU [100%@1984,100%@1984,100%@1984,100%@1984,100%@1984,100%@1984,100%@1984,100%@1984] GR3D_FREQ 99% cv0@67.093C/67.25C cpu@71.5C/71.75C soc2@63.812C/63.812C soc0@65.281C/65.281C cv1@66.25C/66.25C gpu@69.218C/69.437C tj@71.5C/71.75C soc1@63.593C/63.718C cv2@61.593C/61.718C VDD_IN 17731mW/17497mW/17731mW VDD_CPU_GPU_CV 12055mW/11840mW/12055mW VDD_SOC 2475mW/2468mW/2475mW
08-10-2026 21:41:42 RAM 2629/15599MB (lfb 48x4MB) CPU [70%@729,70%@729,70%@729,70%@729,70%@729,76%@729,71%@729,70%@729] GR3D_FREQ 0% cv0@65.218C/67.25C cpu@69.625C/71.75C soc2@63.218C/63.812C soc0@65.218C/65.281C cv1@65.531C/66.25C gpu@68.312C/69.437C tj@69.625C/71.75C soc1@63.625C/63.718C cv2@61.5C/61.718C VDD_IN 14955mW/17483mW/17731mW VDD_CPU_GPU_CV 9343mW/11826mW/12055mW VDD_SOC 2479mW/2468mW/2479mW
08-10-2026 21:41:42 RAM 2629/15599MB (lfb 48x4MB) CPU [2%@729,0%@729,1%@729,1%@729,0%@729,0%@729,0%@729,0%@729] GR3D_FREQ 0% cv0@64.5C/67.25C cpu@68.468C/71.75C soc2@62.468C/63.812C soc0@65.062C/65.281C cv1@64.875C/66.25C gpu@67.062C/69.437C tj@68.468C/71.75C soc1@63.468C/63.718C cv2@61.187C/61.718C VDD_IN 9064mW/17436mW/17731mW VDD_CPU_GPU_CV 3581mW/11780mW/12055mW VDD_SOC 2446mW/2468mW/2479mW
08-10-2026 21:41:43 RAM 2629/15599MB (lfb 48x4MB) CPU [0%@729,0%@729,0%@729,0%@729,0%@729,2%@729,0%@729,0%@729] GR3D_FREQ 0% cv0@64.187C/67.25C cpu@68.125C/71.75C soc2@62.031C/63.812C soc0@64.875C/65.281C cv1@64.562C/66.25C gpu@66.593C/69.437C tj@68.125C/71.75C soc1@63.406C/63.718C cv2@60.937C/61.718C VDD_IN 7145mW/17380mW/17731mW VDD_CPU_GPU_CV 1753mW/11725mW/12055mW VDD_SOC 2449mW/2468mW/2479mW
08-10-2026 21:41:43 RAM 2629/15599MB (lfb 48x4MB) CPU [0%@729,0%@729,0%@729,0%@729,0%@729,0%@729,0%@729,0%@729] GR3D_FREQ 0% cv0@63.843C/67.25C cpu@67.781C/71.75C soc2@61.906C/63.812C soc0@64.781C/65.281C cv1@64.5C/66.25C gpu@66.375C/69.437C tj@67.781C/71.75C soc1@63.156C/63.718C cv2@60.656C/61.718C VDD_IN 6543mW/17320mW/17731mW VDD_CPU_GPU_CV 1184mW/11668mW/12055mW VDD_SOC 2449mW/2468mW/2479mW
