08-10-2026 21:55:08 RAM 2595/15599MB (lfb 17x4MB) CPU [0%@729,1%@729,0%@729,0%@729,0%@729,0%@729,0%@729,0%@1113] GR3D_FREQ 0% cv0@64.406C/64.406C cpu@68.343C/68.343C soc2@62.406C/62.406C soc0@65.375C/65.375C cv1@64.968C/64.968C gpu@66.875C/66.875C tj@68.281C/68.281C soc1@63.937C/63.937C cv2@61.25C/61.25C VDD_IN 6379mW/6379mW/6379mW VDD_CPU_GPU_CV 979mW/979mW/979mW VDD_SOC 2453mW/2453mW/2453mW
08-10-2026 21:55:09 RAM 2620/15599MB (lfb 17x4MB) CPU [3%@1497,4%@1497,5%@1497,0%@1497,2%@1984,3%@1984,2%@1984,1%@1984] GR3D_FREQ 0% cv0@64.875C/64.875C cpu@68.781C/68.781C soc2@62.312C/62.406C soc0@65.343C/65.375C cv1@65C/65C gpu@66.937C/66.937C tj@68.781C/68.781C soc1@63.718C/63.937C cv2@61.375C/61.375C VDD_IN 6502mW/6441mW/6502mW VDD_CPU_GPU_CV 1102mW/1041mW/1102mW VDD_SOC 2449mW/2451mW/2453mW
08-10-2026 21:55:09 RAM 3473/15599MB (lfb 17x4MB) CPU [96%@1984,100%@1984,100%@1984,98%@1984,100%@1984,100%@1984,100%@1984,100%@1984] GR3D_FREQ 99% cv0@66.875C/66.875C cpu@71.312C/71.312C soc2@63.375C/63.375C soc0@65.281C/65.375C cv1@65.968C/65.968C gpu@69.062C/69.062C tj@71.406C/71.406C soc1@63.75C/63.937C cv2@61.5C/61.5C VDD_IN 15280mW/9387mW/15280mW VDD_CPU_GPU_CV 8615mW/3565mW/8615mW VDD_SOC 2885mW/2596mW/2885mW
08-10-2026 21:55:10 RAM 3511/15599MB (lfb 17x4MB) CPU [97%@1984,100%@1984,100%@1984,100%@1984,100%@1984,100%@1984,100%@1984,100%@1984] GR3D_FREQ 99% cv0@67.281C/67.281C cpu@71.531C/71.531C soc2@63.687C/63.687C soc0@65.375C/65.375C cv1@66.281C/66.281C gpu@69.156C/69.156C tj@71.531C/71.531C soc1@64.062C/64.062C cv2@61.843C/61.843C VDD_IN 17244mW/11351mW/17244mW VDD_CPU_GPU_CV 10967mW/5416mW/10967mW VDD_SOC 2678mW/2616mW/2885mW
08-10-2026 21:55:10 RAM 3538/15599MB (lfb 17x4MB) CPU [100%@1984,100%@1984,100%@1984,100%@1984,100%@1984,100%@1984,100%@1984,100%@1984] GR3D_FREQ 99% cv0@67.375C/67.375C cpu@71.75C/71.75C soc2@63.843C/63.843C soc0@65.5C/65.5C cv1@66.375C/66.375C gpu@69.218C/69.218C tj@71.75C/71.75C soc1@64.062C/64.062C cv2@61.812C/61.843C VDD_IN 17650mW/12611mW/17650mW VDD_CPU_GPU_CV 11652mW/6663mW/11652mW VDD_SOC 2596mW/2612mW/2885mW
08-10-2026 21:55:11 RAM 3578/15599MB (lfb 17x4MB) CPU [100%@1984,100%@1984,100%@1984,100%@1984,100%@1984,100%@1984,100%@1984,100%@1984] GR3D_FREQ 99% cv0@67.468C/67.468C cpu@71.781C/71.781C soc2@63.968C/63.968C soc0@65.718C/65.718C cv1@66.468C/66.468C gpu@69.656C/69.656C tj@71.781C/71.781C soc1@64.218C/64.218C cv2@62C/62C VDD_IN 17731mW/13464mW/17731mW VDD_CPU_GPU_CV 11813mW/7521mW/11813mW VDD_SOC 2556mW/2603mW/2885mW
08-10-2026 21:55:11 RAM 3868/15599MB (lfb 17x4MB) CPU [100%@1984,100%@1984,100%@1984,100%@1984,100%@1984,100%@1984,100%@1984,100%@1984] GR3D_FREQ 99% cv0@67.437C/67.468C cpu@72C/72C soc2@64.062C/64.062C soc0@65.843C/65.843C cv1@66.656C/66.656C gpu@69.593C/69.656C tj@72C/72C soc1@64.312C/64.312C cv2@62.093C/62.093C VDD_IN 17853mW/14091mW/17853mW VDD_CPU_GPU_CV 11894mW/8146mW/11894mW VDD_SOC 2556mW/2596mW/2885mW
08-10-2026 21:55:12 RAM 5092/15599MB (lfb 13x4MB) CPU [100%@1984,100%@1984,100%@1984,100%@1984,100%@1984,100%@1984,100%@1984,100%@1984] GR3D_FREQ 99% cv0@67.656C/67.656C cpu@72.468C/72.468C soc2@64.281C/64.281C soc0@65.75C/65.843C cv1@66.718C/66.718C gpu@69.937C/69.937C tj@72.468C/72.468C soc1@64.187C/64.312C cv2@62.125C/62.125C VDD_IN 19243mW/14735mW/19243mW VDD_CPU_GPU_CV 12157mW/8647mW/12157mW VDD_SOC 2997mW/2646mW/2997mW
08-10-2026 21:55:12 RAM 5147/15599MB (lfb 12x4MB) CPU [100%@1984,100%@1984,100%@1984,100%@1984,100%@1984,100%@1984,100%@1984,100%@1984] GR3D_FREQ 99% cv0@67.625C/67.656C cpu@72.187C/72.468C soc2@64.312C/64.312C soc0@65.937C/65.937C cv1@66.812C/66.812C gpu@70.781C/70.781C tj@72.187C/72.468C soc1@64.375C/64.375C cv2@62.312C/62.312C VDD_IN 23136mW/15669mW/23136mW VDD_CPU_GPU_CV 15024mW/9356mW/15024mW VDD_SOC 3392mW/2729mW/3392mW
08-10-2026 21:55:13 RAM 5147/15599MB (lfb 12x4MB) CPU [100%@1984,100%@1984,100%@1984,100%@1984,100%@1984,100%@1984,100%@1984,100%@1984] GR3D_FREQ 99% cv0@67.718C/67.718C cpu@72.187C/72.468C soc2@64.5C/64.5C soc0@66.218C/66.218C cv1@66.906C/66.906C gpu@71.218C/71.218C tj@72.187C/72.468C soc1@64.437C/64.437C cv2@62.468C/62.468C VDD_IN 24593mW/16561mW/24593mW VDD_CPU_GPU_CV 16240mW/10044mW/16240mW VDD_SOC 3553mW/2812mW/3553mW
08-10-2026 21:55:13 RAM 5147/15599MB (lfb 12x4MB) CPU [100%@1984,100%@1984,100%@1984,100%@1984,100%@1984,100%@1984,100%@1984,100%@1984] GR3D_FREQ 99% cv0@67.875C/67.875C cpu@72.531C/72.531C soc2@64.75C/64.75C soc0@66.187C/66.218C cv1@67.062C/67.062C gpu@71.468C/71.468C tj@72.531C/72.531C soc1@64.468C/64.468C cv2@62.531C/62.531C VDD_IN 25159mW/17343mW/25159mW VDD_CPU_GPU_CV 16560mW/10637mW/16560mW VDD_SOC 3628mW/2886mW/3628mW
08-10-2026 21:55:14 RAM 5147/15599MB (lfb 12x4MB) CPU [100%@1984,100%@1984,100%@1984,100%@1984,100%@1984,100%@1984,100%@1984,100%@1984] GR3D_FREQ 99% cv0@68.062C/68.062C cpu@72.656C/72.656C soc2@64.843C/64.843C soc0@66.343C/66.343C cv1@67.093C/67.093C gpu@71.687C/71.687C tj@72.656C/72.656C soc1@64.562C/64.562C cv2@62.593C/62.593C VDD_IN 25320mW/18008mW/25320mW VDD_CPU_GPU_CV 16760mW/11147mW/16760mW VDD_SOC 3628mW/2948mW/3628mW
08-10-2026 21:55:15 RAM 5147/15599MB (lfb 12x4MB) CPU [100%@1984,100%@1984,100%@1984,100%@1984,100%@1984,100%@1984,100%@1984,100%@1984] GR3D_FREQ 99% cv0@68.343C/68.343C cpu@72.687C/72.687C soc2@64.968C/64.968C soc0@66.343C/66.343C cv1@67.25C/67.25C gpu@71.625C/71.687C tj@72.687C/72.687C soc1@64.562C/64.562C cv2@62.812C/62.812C VDD_IN 25280mW/18567mW/25320mW VDD_CPU_GPU_CV 16720mW/11576mW/16760mW VDD_SOC 3669mW/3003mW/3669mW
08-10-2026 21:55:15 RAM 5147/15599MB (lfb 12x4MB) CPU [100%@1984,100%@1984,100%@1984,100%@1984,100%@1984,100%@1984,100%@1984,100%@1984] GR3D_FREQ 99% cv0@68.375C/68.375C cpu@72.656C/72.687C soc2@65.125C/65.125C soc0@66.437C/66.437C cv1@67.343C/67.343C gpu@71.718C/71.718C tj@72.656C/72.687C soc1@64.625C/64.625C cv2@62.843C/62.843C VDD_IN 25280mW/19046mW/25320mW VDD_CPU_GPU_CV 16640mW/11937mW/16760mW VDD_SOC 3628mW/3048mW/3669mW
08-10-2026 21:55:16 RAM 5147/15599MB (lfb 12x4MB) CPU [100%@1984,100%@1984,100%@1984,100%@1984,100%@1984,100%@1984,100%@1984,100%@1984] GR3D_FREQ 99% cv0@68.406C/68.406C cpu@72.75C/72.75C soc2@65.125C/65.125C soc0@66.5C/66.5C cv1@67.406C/67.406C gpu@71.937C/71.937C tj@72.75C/72.75C soc1@64.843C/64.843C cv2@63C/63C VDD_IN 25280mW/19462mW/25320mW VDD_CPU_GPU_CV 16640mW/12251mW/16760mW VDD_SOC 3628mW/3086mW/3669mW
08-10-2026 21:55:16 RAM 5147/15599MB (lfb 12x4MB) CPU [100%@1984,100%@1984,100%@1984,100%@1984,100%@1984,100%@1984,100%@1984,100%@1984] GR3D_FREQ 99% cv0@68.343C/68.406C cpu@72.906C/72.906C soc2@65.218C/65.218C soc0@66.843C/66.843C cv1@67.437C/67.437C gpu@71.968C/71.968C tj@72.906C/72.906C soc1@65C/65C cv2@63.062C/63.062C VDD_IN 25441mW/19836mW/25441mW VDD_CPU_GPU_CV 16800mW/12535mW/16800mW VDD_SOC 3628mW/3120mW/3669mW
08-10-2026 21:55:17 RAM 5147/15599MB (lfb 12x4MB) CPU [100%@1984,100%@1984,100%@1984,100%@1984,100%@1984,100%@1984,100%@1984,100%@1984] GR3D_FREQ 99% cv0@68.562C/68.562C cpu@72.906C/72.906C soc2@65.312C/65.312C soc0@66.75C/66.843C cv1@67.531C/67.531C gpu@71.937C/71.968C tj@72.906C/72.906C soc1@65C/65C cv2@63.156C/63.156C VDD_IN 25320mW/20158mW/25441mW VDD_CPU_GPU_CV 16680mW/12779mW/16800mW VDD_SOC 3669mW/3153mW/3669mW
08-10-2026 21:55:17 RAM 5147/15599MB (lfb 12x4MB) CPU [100%@1984,100%@1984,100%@1984,100%@1984,100%@1984,100%@1984,100%@1984,100%@1984] GR3D_FREQ 99% cv0@68.656C/68.656C cpu@73.156C/73.156C soc2@65.437C/65.437C soc0@66.875C/66.875C cv1@67.718C/67.718C gpu@72.125C/72.125C tj@73.156C/73.156C soc1@65.062C/65.062C cv2@63.218C/63.218C VDD_IN 25240mW/20441mW/25441mW VDD_CPU_GPU_CV 16640mW/12994mW/16800mW VDD_SOC 3628mW/3179mW/3669mW
08-10-2026 21:55:18 RAM 5147/15599MB (lfb 12x4MB) CPU [100%@1984,100%@1984,100%@1984,100%@1984,100%@1984,100%@1984,100%@1984,100%@1984] GR3D_FREQ 99% cv0@68.656C/68.656C cpu@73.406C/73.406C soc2@65.437C/65.437C soc0@67.031C/67.031C cv1@67.75C/67.75C gpu@72.187C/72.187C tj@73.406C/73.406C soc1@65.125C/65.125C cv2@63.281C/63.281C VDD_IN 25240mW/20693mW/25441mW VDD_CPU_GPU_CV 16720mW/13190mW/16800mW VDD_SOC 3628mW/3203mW/3669mW
08-10-2026 21:55:18 RAM 5147/15599MB (lfb 12x4MB) CPU [100%@1984,100%@1984,100%@1984,100%@1984,100%@1984,100%@1984,100%@1984,100%@1984] GR3D_FREQ 99% cv0@68.75C/68.75C cpu@73.281C/73.406C soc2@65.593C/65.593C soc0@67.062C/67.062C cv1@67.843C/67.843C gpu@72.468C/72.468C tj@73.187C/73.406C soc1@65.187C/65.187C cv2@63.312C/63.312C VDD_IN 25401mW/20929mW/25441mW VDD_CPU_GPU_CV 16800mW/13370mW/16800mW VDD_SOC 3669mW/3226mW/3669mW
08-10-2026 21:55:19 RAM 5147/15599MB (lfb 12x4MB) CPU [100%@1984,100%@1984,100%@1984,100%@1984,100%@1984,100%@1984,100%@1984,100%@1984] GR3D_FREQ 99% cv0@68.906C/68.906C cpu@73.312C/73.406C soc2@65.656C/65.656C soc0@67.062C/67.062C cv1@67.781C/67.843C gpu@72.5C/72.5C tj@73.312C/73.406C soc1@65.218C/65.218C cv2@63.562C/63.562C VDD_IN 25482mW/21145mW/25482mW VDD_CPU_GPU_CV 16840mW/13535mW/16840mW VDD_SOC 3628mW/3245mW/3669mW
08-10-2026 21:55:19 RAM 5146/15599MB (lfb 12x4MB) CPU [100%@1984,100%@1984,100%@1984,100%@1984,100%@1984,100%@1984,100%@1984,100%@1984] GR3D_FREQ 99% cv0@69.031C/69.031C cpu@73.468C/73.468C soc2@65.75C/65.75C soc0@67.156C/67.156C cv1@68C/68C gpu@72.343C/72.5C tj@73.468C/73.468C soc1@65.343C/65.343C cv2@63.625C/63.625C VDD_IN 25320mW/21335mW/25482mW VDD_CPU_GPU_CV 16640mW/13677mW/16840mW VDD_SOC 3628mW/3262mW/3669mW
08-10-2026 21:55:20 RAM 5146/15599MB (lfb 12x4MB) CPU [100%@1984,100%@1984,100%@1984,100%@1984,100%@1984,100%@1984,100%@1984,100%@1984] GR3D_FREQ 99% cv0@69.062C/69.062C cpu@73.531C/73.531C soc2@65.781C/65.781C soc0@67.25C/67.25C cv1@68.031C/68.031C gpu@72.812C/72.812C tj@73.531C/73.531C soc1@65.343C/65.343C cv2@63.687C/63.687C VDD_IN 25441mW/21514mW/25482mW VDD_CPU_GPU_CV 16840mW/13814mW/16840mW VDD_SOC 3628mW/3278mW/3669mW
08-10-2026 21:55:20 RAM 5144/15599MB (lfb 12x4MB) CPU [100%@1984,100%@1984,100%@1984,100%@1984,100%@1984,100%@1984,100%@1984,100%@1984] GR3D_FREQ 99% cv0@69.093C/69.093C cpu@73.562C/73.562C soc2@65.812C/65.812C soc0@67.25C/67.25C cv1@68.062C/68.062C gpu@72.75C/72.812C tj@73.562C/73.562C soc1@65.593C/65.593C cv2@63.781C/63.781C VDD_IN 25482mW/21679mW/25482mW VDD_CPU_GPU_CV 16800mW/13938mW/16840mW VDD_SOC 3628mW/3293mW/3669mW
08-10-2026 21:55:21 RAM 5144/15599MB (lfb 12x4MB) CPU [100%@1984,100%@1984,100%@1984,100%@1984,100%@1984,100%@1984,100%@1984,100%@1984] GR3D_FREQ 99% cv0@69.093C/69.093C cpu@73.5C/73.562C soc2@65.968C/65.968C soc0@67.343C/67.343C cv1@68.062C/68.062C gpu@72.875C/72.875C tj@73.5C/73.562C soc1@65.718C/65.718C cv2@63.812C/63.812C VDD_IN 25361mW/21826mW/25482mW VDD_CPU_GPU_CV 16800mW/14053mW/16840mW VDD_SOC 3628mW/3306mW/3669mW
08-10-2026 21:55:21 RAM 5143/15599MB (lfb 12x4MB) CPU [100%@1984,100%@1984,100%@1984,100%@1984,100%@1984,100%@1984,100%@1984,100%@1984] GR3D_FREQ 99% cv0@69.218C/69.218C cpu@73.718C/73.718C soc2@65.968C/65.968C soc0@67.562C/67.562C cv1@68.156C/68.156C gpu@72.687C/72.875C tj@73.718C/73.718C soc1@65.687C/65.718C cv2@63.843C/63.843C VDD_IN 25361mW/21962mW/25482mW VDD_CPU_GPU_CV 16720mW/14156mW/16840mW VDD_SOC 3669mW/3320mW/3669mW
08-10-2026 21:55:22 RAM 5143/15599MB (lfb 12x4MB) CPU [100%@1984,100%@1984,100%@1984,100%@1984,100%@1984,100%@1984,100%@1984,100%@1984] GR3D_FREQ 99% cv0@69.281C/69.281C cpu@73.687C/73.718C soc2@66.125C/66.125C soc0@67.593C/67.593C cv1@68.375C/68.375C gpu@73.093C/73.093C tj@73.687C/73.718C soc1@65.625C/65.718C cv2@63.906C/63.906C VDD_IN 25441mW/22091mW/25482mW VDD_CPU_GPU_CV 16760mW/14252mW/16840mW VDD_SOC 3669mW/3333mW/3669mW
08-10-2026 21:55:22 RAM 5143/15599MB (lfb 12x4MB) CPU [100%@1984,100%@1984,100%@1984,100%@1984,100%@1984,100%@1984,100%@1984,100%@1984] GR3D_FREQ 99% cv0@69.343C/69.343C cpu@73.937C/73.937C soc2@66.218C/66.218C soc0@67.718C/67.718C cv1@68.343C/68.375C gpu@72.906C/73.093C tj@73.937C/73.937C soc1@65.75C/65.75C cv2@64.125C/64.125C VDD_IN 25401mW/22209mW/25482mW VDD_CPU_GPU_CV 16760mW/14342mW/16840mW VDD_SOC 3628mW/3344mW/3669mW
08-10-2026 21:55:23 RAM 5143/15599MB (lfb 12x4MB) CPU [100%@1984,100%@1984,100%@1984,100%@1984,100%@1984,100%@1984,100%@1984,100%@1984] GR3D_FREQ 99% cv0@69.406C/69.406C cpu@74.031C/74.031C soc2@66.343C/66.343C soc0@67.718C/67.718C cv1@68.437C/68.437C gpu@73.062C/73.093C tj@74.031C/74.031C soc1@65.843C/65.843C cv2@64.031C/64.125C VDD_IN 25361mW/22318mW/25482mW VDD_CPU_GPU_CV 16760mW/14425mW/16840mW VDD_SOC 3628mW/3354mW/3669mW
08-10-2026 21:55:23 RAM 5142/15599MB (lfb 12x4MB) CPU [100%@1984,100%@1984,100%@1984,100%@1984,100%@1984,100%@1984,100%@1984,100%@1984] GR3D_FREQ 99% cv0@69.625C/69.625C cpu@74.062C/74.062C soc2@66.343C/66.343C soc0@67.843C/67.843C cv1@68.468C/68.468C gpu@72.968C/73.093C tj@74.062C/74.062C soc1@65.843C/65.843C cv2@64.281C/64.281C VDD_IN 25441mW/22422mW/25482mW VDD_CPU_GPU_CV 16720mW/14501mW/16840mW VDD_SOC 3669mW/3364mW/3669mW
08-10-2026 21:55:24 RAM 5142/15599MB (lfb 12x4MB) CPU [100%@1984,100%@1984,100%@1984,100%@1984,100%@1984,100%@1984,100%@1984,100%@1984] GR3D_FREQ 99% cv0@69.625C/69.625C cpu@74.093C/74.093C soc2@66.312C/66.343C soc0@67.812C/67.843C cv1@68.625C/68.625C gpu@73.187C/73.187C tj@74.093C/74.093C soc1@65.875C/65.875C cv2@64.312C/64.312C VDD_IN 25320mW/22516mW/25482mW VDD_CPU_GPU_CV 16720mW/14573mW/16840mW VDD_SOC 3669mW/3374mW/3669mW
08-10-2026 21:55:24 RAM 5142/15599MB (lfb 12x4MB) CPU [100%@1984,100%@1984,100%@1984,100%@1984,100%@1984,100%@1984,100%@1984,100%@1984] GR3D_FREQ 99% cv0@69.562C/69.625C cpu@73.968C/74.093C soc2@66.437C/66.437C soc0@67.812C/67.843C cv1@68.593C/68.625C gpu@73.187C/73.187C tj@73.968C/74.093C soc1@66.156C/66.156C cv2@64.281C/64.312C VDD_IN 25361mW/22605mW/25482mW VDD_CPU_GPU_CV 16720mW/14640mW/16840mW VDD_SOC 3628mW/3382mW/3669mW
08-10-2026 21:55:25 RAM 5142/15599MB (lfb 12x4MB) CPU [100%@1984,100%@1984,100%@1984,100%@1984,100%@1984,100%@1984,100%@1984,100%@1984] GR3D_FREQ 99% cv0@69.687C/69.687C cpu@74.312C/74.312C soc2@66.468C/66.468C soc0@68.062C/68.062C cv1@68.875C/68.875C gpu@73.281C/73.281C tj@74.187C/74.187C soc1@66.187C/66.187C cv2@64.375C/64.375C VDD_IN 25441mW/22690mW/25482mW VDD_CPU_GPU_CV 16840mW/14707mW/16840mW VDD_SOC 3628mW/3389mW/3669mW
08-10-2026 21:55:25 RAM 5142/15599MB (lfb 12x4MB) CPU [100%@1984,100%@1984,100%@1984,100%@1984,100%@1984,100%@1984,100%@1984,100%@1984] GR3D_FREQ 99% cv0@69.718C/69.718C cpu@74.375C/74.375C soc2@66.625C/66.625C soc0@68.093C/68.093C cv1@68.906C/68.906C gpu@73.312C/73.312C tj@74.375C/74.375C soc1@66.156C/66.187C cv2@64.5C/64.5C VDD_IN 25361mW/22769mW/25482mW VDD_CPU_GPU_CV 16720mW/14766mW/16840mW VDD_SOC 3628mW/3396mW/3669mW
08-10-2026 21:55:26 RAM 5142/15599MB (lfb 12x4MB) CPU [100%@1984,100%@1984,100%@1984,100%@1984,100%@1984,100%@1984,100%@1984,100%@1984] GR3D_FREQ 99% cv0@69.781C/69.781C cpu@74.281C/74.375C soc2@66.687C/66.687C soc0@68.156C/68.156C cv1@68.875C/68.906C gpu@73.593C/73.593C tj@74.281C/74.375C soc1@66.218C/66.218C cv2@64.531C/64.531C VDD_IN 25320mW/22842mW/25482mW VDD_CPU_GPU_CV 16680mW/14821mW/16840mW VDD_SOC 3628mW/3403mW/3669mW
08-10-2026 21:55:26 RAM 5141/15599MB (lfb 12x4MB) CPU [100%@1984,100%@1984,100%@1984,100%@1984,100%@1984,100%@1984,100%@1984,100%@1984] GR3D_FREQ 99% cv0@70C/70C cpu@74.406C/74.406C soc2@66.75C/66.75C soc0@68.25C/68.25C cv1@68.906C/68.906C gpu@73.5C/73.593C tj@74.406C/74.406C soc1@66.343C/66.343C cv2@64.625C/64.625C VDD_IN 25361mW/22912mW/25482mW VDD_CPU_GPU_CV 16680mW/14872mW/16840mW VDD_SOC 3628mW/3409mW/3669mW
08-10-2026 21:55:27 RAM 5141/15599MB (lfb 12x4MB) CPU [100%@1984,100%@1984,100%@1984,100%@1984,100%@1984,100%@1984,100%@1984,100%@1984] GR3D_FREQ 99% cv0@70.187C/70.187C cpu@74.437C/74.437C soc2@66.875C/66.875C soc0@68.343C/68.343C cv1@68.968C/68.968C gpu@73.593C/73.593C tj@74.437C/74.437C soc1@66.343C/66.343C cv2@64.718C/64.718C VDD_IN 25522mW/22982mW/25522mW VDD_CPU_GPU_CV 16880mW/14927mW/16880mW VDD_SOC 3628mW/3415mW/3669mW
08-10-2026 21:55:27 RAM 5140/15599MB (lfb 12x4MB) CPU [100%@1984,100%@1984,100%@1984,100%@1984,100%@1984,100%@1984,100%@1984,100%@1984] GR3D_FREQ 99% cv0@70.187C/70.187C cpu@74.593C/74.593C soc2@66.843C/66.875C soc0@68.375C/68.375C cv1@69C/69C gpu@73.531C/73.593C tj@74.593C/74.593C soc1@66.468C/66.468C cv2@64.75C/64.75C VDD_IN 25441mW/23047mW/25522mW VDD_CPU_GPU_CV 16800mW/14976mW/16880mW VDD_SOC 3628mW/3421mW/3669mW
08-10-2026 21:55:28 RAM 5140/15599MB (lfb 12x4MB) CPU [100%@1984,100%@1984,100%@1984,100%@1984,100%@1984,100%@1984,100%@1984,100%@1984] GR3D_FREQ 99% cv0@70.125C/70.187C cpu@74.562C/74.593C soc2@66.937C/66.937C soc0@68.531C/68.531C cv1@69.156C/69.156C gpu@73.75C/73.75C tj@74.562C/74.593C soc1@66.531C/66.531C cv2@64.781C/64.781C VDD_IN 25361mW/23106mW/25522mW VDD_CPU_GPU_CV 16680mW/15020mW/16880mW VDD_SOC 3669mW/3427mW/3669mW
08-10-2026 21:55:28 RAM 5140/15599MB (lfb 12x4MB) CPU [100%@1984,100%@1984,100%@1984,100%@1984,100%@1984,100%@1984,100%@1984,100%@1984] GR3D_FREQ 99% cv0@70.25C/70.25C cpu@74.656C/74.656C soc2@67.031C/67.031C soc0@68.5C/68.531C cv1@69.156C/69.156C gpu@73.75C/73.75C tj@74.656C/74.656C soc1@66.5C/66.531C cv2@64.937C/64.937C VDD_IN 25401mW/23164mW/25522mW VDD_CPU_GPU_CV 16720mW/15062mW/16880mW VDD_SOC 3669mW/3433mW/3669mW
08-10-2026 21:55:29 RAM 5139/15599MB (lfb 12x4MB) CPU [100%@1984,100%@1984,100%@1984,100%@1984,100%@1984,100%@1984,100%@1984,100%@1984] GR3D_FREQ 99% cv0@70.218C/70.25C cpu@74.687C/74.687C soc2@67.125C/67.125C soc0@68.593C/68.593C cv1@69.156C/69.156C gpu@73.937C/73.937C tj@74.687C/74.687C soc1@66.687C/66.687C cv2@64.968C/64.968C VDD_IN 25361mW/23217mW/25522mW VDD_CPU_GPU_CV 16720mW/15103mW/16880mW VDD_SOC 3669mW/3439mW/3669mW
08-10-2026 21:55:29 RAM 5139/15599MB (lfb 12x4MB) CPU [100%@1984,100%@1984,100%@1984,100%@1984,100%@1984,100%@1984,100%@1984,100%@1984] GR3D_FREQ 99% cv0@70.281C/70.281C cpu@74.75C/74.75C soc2@67.218C/67.218C soc0@68.625C/68.625C cv1@69.437C/69.437C gpu@74C/74C tj@74.75C/74.75C soc1@66.656C/66.687C cv2@65C/65C VDD_IN 25563mW/23273mW/25563mW VDD_CPU_GPU_CV 16880mW/15145mW/16880mW VDD_SOC 3669mW/3444mW/3669mW
08-10-2026 21:55:30 RAM 5139/15599MB (lfb 12x4MB) CPU [100%@1984,100%@1984,100%@1984,100%@1984,100%@1984,100%@1984,100%@1984,100%@1984] GR3D_FREQ 99% cv0@70.343C/70.343C cpu@75.062C/75.062C soc2@67.187C/67.218C soc0@68.781C/68.781C cv1@69.437C/69.437C gpu@73.937C/74C tj@75.062C/75.062C soc1@66.718C/66.718C cv2@65.25C/65.25C VDD_IN 25482mW/23325mW/25563mW VDD_CPU_GPU_CV 16800mW/15183mW/16880mW VDD_SOC 3669mW/3450mW/3669mW
08-10-2026 21:55:30 RAM 5139/15599MB (lfb 12x4MB) CPU [100%@1984,100%@1984,100%@1984,100%@1984,100%@1984,100%@1984,100%@1984,100%@1984] GR3D_FREQ 99% cv0@70.406C/70.406C cpu@75.062C/75.062C soc2@67.25C/67.25C soc0@68.687C/68.781C cv1@69.468C/69.468C gpu@74.062C/74.062C tj@75.062C/75.062C soc1@66.781C/66.781C cv2@65.281C/65.281C VDD_IN 25482mW/23374mW/25563mW VDD_CPU_GPU_CV 16800mW/15220mW/16880mW VDD_SOC 3669mW/3455mW/3669mW
08-10-2026 21:55:31 RAM 5139/15599MB (lfb 12x4MB) CPU [100%@1984,100%@1984,100%@1984,100%@1984,100%@1984,100%@1984,100%@1984,100%@1984] GR3D_FREQ 99% cv0@70.562C/70.562C cpu@75C/75.062C soc2@67.312C/67.312C soc0@68.812C/68.812C cv1@69.468C/69.468C gpu@74.062C/74.062C tj@75C/75.062C soc1@66.843C/66.843C cv2@65.25C/65.281C VDD_IN 25361mW/23418mW/25563mW VDD_CPU_GPU_CV 16720mW/15253mW/16880mW VDD_SOC 3669mW/3459mW/3669mW
08-10-2026 21:55:31 RAM 5139/15599MB (lfb 12x4MB) CPU [100%@1984,100%@1984,100%@1984,100%@1984,100%@1984,100%@1984,100%@1984,100%@1984] GR3D_FREQ 99% cv0@70.781C/70.781C cpu@75.093C/75.093C soc2@67.343C/67.343C soc0@68.781C/68.812C cv1@69.593C/69.593C gpu@74.468C/74.468C tj@75.093C/75.093C soc1@66.906C/66.906C cv2@65.406C/65.406C VDD_IN 25361mW/23460mW/25563mW VDD_CPU_GPU_CV 16760mW/15286mW/16880mW VDD_SOC 3669mW/3464mW/3669mW
08-10-2026 21:55:32 RAM 5139/15599MB (lfb 12x4MB) CPU [100%@1984,100%@1984,100%@1984,100%@1984,100%@1984,100%@1984,100%@1984,100%@1984] GR3D_FREQ 99% cv0@70.718C/70.781C cpu@75.062C/75.093C soc2@67.375C/67.375C soc0@68.937C/68.937C cv1@69.593C/69.593C gpu@74.375C/74.468C tj@75.062C/75.093C soc1@67.093C/67.093C cv2@65.406C/65.406C VDD_IN 25482mW/23503mW/25563mW VDD_CPU_GPU_CV 16840mW/15319mW/16880mW VDD_SOC 3628mW/3467mW/3669mW
08-10-2026 21:55:32 RAM 5139/15599MB (lfb 12x4MB) CPU [100%@1984,100%@1984,100%@1984,100%@1984,100%@1984,100%@1984,100%@1984,100%@1984] GR3D_FREQ 99% cv0@70.812C/70.812C cpu@75.218C/75.218C soc2@67.468C/67.468C soc0@68.968C/68.968C cv1@69.593C/69.593C gpu@74.312C/74.468C tj@75.218C/75.218C soc1@67.093C/67.093C cv2@65.468C/65.468C VDD_IN 25522mW/23545mW/25563mW VDD_CPU_GPU_CV 16840mW/15351mW/16880mW VDD_SOC 3669mW/3472mW/3669mW
08-10-2026 21:55:33 RAM 5139/15599MB (lfb 12x4MB) CPU [100%@1984,100%@1984,100%@1984,100%@1984,100%@1984,100%@1984,100%@1984,100%@1984] GR3D_FREQ 99% cv0@70.781C/70.812C cpu@75.375C/75.375C soc2@67.531C/67.531C soc0@69.093C/69.093C cv1@69.812C/69.812C gpu@74.406C/74.468C tj@75.375C/75.375C soc1@67.093C/67.093C cv2@65.437C/65.468C VDD_IN 25361mW/23582mW/25563mW VDD_CPU_GPU_CV 16760mW/15380mW/16880mW VDD_SOC 3669mW/3476mW/3669mW
08-10-2026 21:55:33 RAM 4455/15599MB (lfb 22x4MB) CPU [100%@1984,100%@1984,100%@1984,100%@1984,96%@1984,100%@1984,100%@1984,100%@1984] GR3D_FREQ 99% cv0@70.812C/70.812C cpu@75.437C/75.437C soc2@67.625C/67.625C soc0@69.156C/69.156C cv1@69.875C/69.875C gpu@73.406C/74.468C tj@75.437C/75.437C soc1@67.125C/67.125C cv2@65.562C/65.562C VDD_IN 22246mW/23555mW/25563mW VDD_CPU_GPU_CV 14606mW/15364mW/16880mW VDD_SOC 3195mW/3470mW/3669mW
08-10-2026 21:55:34 RAM 2809/15599MB (lfb 60x4MB) CPU [100%@1984,100%@1984,100%@1984,100%@1984,100%@1984,100%@1984,100%@1984,100%@1984] GR3D_FREQ 99% cv0@70.812C/70.812C cpu@75.281C/75.437C soc2@67.437C/67.625C soc0@69.187C/69.187C cv1@69.75C/69.875C gpu@73.156C/74.468C tj@75.281C/75.437C soc1@67.156C/67.156C cv2@65.5C/65.562C VDD_IN 19526mW/23476mW/25563mW VDD_CPU_GPU_CV 12841mW/15315mW/16880mW VDD_SOC 2835mW/3458mW/3669mW
08-10-2026 21:55:34 RAM 2862/15599MB (lfb 61x4MB) CPU [100%@1984,100%@1984,100%@1984,100%@1984,100%@1984,100%@1984,100%@1984,100%@1984] GR3D_FREQ 99% cv0@70.875C/70.875C cpu@75.531C/75.531C soc2@67.375C/67.625C soc0@69.218C/69.218C cv1@69.718C/69.875C gpu@73.093C/74.468C tj@75.343C/75.437C soc1@67.187C/67.187C cv2@65.531C/65.562C VDD_IN 18867mW/23388mW/25563mW VDD_CPU_GPU_CV 12398mW/15259mW/16880mW VDD_SOC 2795mW/3445mW/3669mW
08-10-2026 21:55:35 RAM 3497/15599MB (lfb 61x4MB) CPU [100%@1984,100%@1984,100%@1984,100%@1984,100%@1984,100%@1984,100%@1984,100%@1984] GR3D_FREQ 99% cv0@70.875C/70.875C cpu@75.531C/75.531C soc2@67.531C/67.625C soc0@69.125C/69.218C cv1@69.875C/69.875C gpu@72.906C/74.468C tj@75.531C/75.531C soc1@67.187C/67.187C cv2@65.562C/65.562C VDD_IN 19070mW/23306mW/25563mW VDD_CPU_GPU_CV 12278mW/15202mW/16880mW VDD_SOC 2876mW/3434mW/3669mW
08-10-2026 21:55:35 RAM 3528/15599MB (lfb 61x4MB) CPU [100%@1984,100%@1984,100%@1984,100%@1984,100%@1984,100%@1984,100%@1984,100%@1984] GR3D_FREQ 99% cv0@70.812C/70.875C cpu@75.343C/75.531C soc2@67.437C/67.625C soc0@68.937C/69.218C cv1@69.812C/69.875C gpu@72.937C/74.468C tj@75.343C/75.531C soc1@67.25C/67.25C cv2@65.593C/65.593C VDD_IN 18380mW/23215mW/25563mW VDD_CPU_GPU_CV 12157mW/15146mW/16880mW VDD_SOC 2673mW/3420mW/3669mW
08-10-2026 21:55:36 RAM 3559/15599MB (lfb 61x4MB) CPU [100%@1984,100%@1984,100%@1984,100%@1984,100%@1984,100%@1984,100%@1984,100%@1984] GR3D_FREQ 99% cv0@70.968C/70.968C cpu@75.281C/75.531C soc2@67.375C/67.625C soc0@68.937C/69.218C cv1@69.843C/69.875C gpu@72.906C/74.468C tj@75.375C/75.531C soc1@67.25C/67.25C cv2@65.625C/65.625C VDD_IN 18178mW/23124mW/25563mW VDD_CPU_GPU_CV 12136mW/15091mW/16880mW VDD_SOC 2596mW/3405mW/3669mW
08-10-2026 21:55:36 RAM 3583/15599MB (lfb 61x4MB) CPU [100%@1984,100%@1984,98%@1984,98%@1984,100%@1984,100%@1984,100%@1984,100%@1984] GR3D_FREQ 99% cv0@70.968C/70.968C cpu@75.187C/75.531C soc2@67.343C/67.625C soc0@68.906C/69.218C cv1@69.812C/69.875C gpu@72.937C/74.468C tj@75.187C/75.531C soc1@67.187C/67.25C cv2@65.593C/65.625C VDD_IN 18096mW/23034mW/25563mW VDD_CPU_GPU_CV 12096mW/15038mW/16880mW VDD_SOC 2596mW/3391mW/3669mW
08-10-2026 21:55:37 RAM 5090/15599MB (lfb 12x4MB) CPU [100%@1984,100%@1984,100%@1984,100%@1984,100%@1984,100%@1984,100%@1984,100%@1984] GR3D_FREQ 99% cv0@70.875C/70.968C cpu@75.343C/75.531C soc2@67.375C/67.625C soc0@68.968C/69.218C cv1@69.781C/69.875C gpu@73.25C/74.468C tj@75.343C/75.531C soc1@67.312C/67.312C cv2@65.5C/65.625C VDD_IN 19192mW/22966mW/25563mW VDD_CPU_GPU_CV 12278mW/14989mW/16880mW VDD_SOC 2957mW/3383mW/3669mW
08-10-2026 21:55:37 RAM 5149/15599MB (lfb 12x4MB) CPU [100%@1984,100%@1984,98%@1984,100%@1984,100%@1984,100%@1984,100%@1984,100%@1984] GR3D_FREQ 99% cv0@70.812C/70.968C cpu@75.125C/75.531C soc2@67.5C/67.625C soc0@69.062C/69.218C cv1@69.843C/69.875C gpu@74.125C/74.468C tj@75.125C/75.531C soc1@67.343C/67.343C cv2@65.562C/65.625C VDD_IN 22812mW/22964mW/25563mW VDD_CPU_GPU_CV 14927mW/14988mW/16880mW VDD_SOC 3351mW/3382mW/3669mW
08-10-2026 21:55:38 RAM 5149/15599MB (lfb 12x4MB) CPU [100%@1984,100%@1984,100%@1984,100%@1984,100%@1984,100%@1984,100%@1984,100%@1984] GR3D_FREQ 99% cv0@70.937C/70.968C cpu@75.375C/75.531C soc2@67.593C/67.625C soc0@69.281C/69.281C cv1@70.031C/70.031C gpu@74.25C/74.468C tj@75.343C/75.531C soc1@67.343C/67.343C cv2@65.625C/65.625C VDD_IN 24513mW/22990mW/25563mW VDD_CPU_GPU_CV 16120mW/15007mW/16880mW VDD_SOC 3594mW/3386mW/3669mW
08-10-2026 21:55:38 RAM 5149/15599MB (lfb 12x4MB) CPU [100%@1984,100%@1984,100%@1984,100%@1984,100%@1984,100%@1984,100%@1984,100%@1984] GR3D_FREQ 99% cv0@70.968C/70.968C cpu@75.593C/75.593C soc2@67.718C/67.718C soc0@69.312C/69.312C cv1@70.062C/70.062C gpu@74.625C/74.625C tj@75.593C/75.593C soc1@67.375C/67.375C cv2@65.718C/65.718C VDD_IN 25199mW/23027mW/25563mW VDD_CPU_GPU_CV 16640mW/15035mW/16880mW VDD_SOC 3628mW/3390mW/3669mW
08-10-2026 21:55:39 RAM 5149/15599MB (lfb 12x4MB) CPU [100%@1984,100%@1984,100%@1984,100%@1984,100%@1984,100%@1984,100%@1984,100%@1984] GR3D_FREQ 99% cv0@71C/71C cpu@75.406C/75.593C soc2@67.812C/67.812C soc0@69.312C/69.312C cv1@69.968C/70.062C gpu@74.625C/74.625C tj@75.406C/75.593C soc1@67.406C/67.406C cv2@65.718C/65.718C VDD_IN 25361mW/23065mW/25563mW VDD_CPU_GPU_CV 16720mW/15062mW/16880mW VDD_SOC 3628mW/3394mW/3669mW
08-10-2026 21:55:39 RAM 5149/15599MB (lfb 12x4MB) CPU [100%@1984,100%@1984,100%@1984,100%@1984,100%@1984,100%@1984,100%@1984,100%@1984] GR3D_FREQ 99% cv0@71.187C/71.187C cpu@75.656C/75.656C soc2@67.937C/67.937C soc0@69.468C/69.468C cv1@70.125C/70.125C gpu@74.687C/74.687C tj@75.656C/75.656C soc1@67.468C/67.468C cv2@65.968C/65.968C VDD_IN 25401mW/23103mW/25563mW VDD_CPU_GPU_CV 16760mW/15090mW/16880mW VDD_SOC 3669mW/3398mW/3669mW
08-10-2026 21:55:40 RAM 5149/15599MB (lfb 12x4MB) CPU [100%@1984,100%@1984,100%@1984,100%@1984,100%@1984,100%@1984,100%@1984,100%@1984] GR3D_FREQ 99% cv0@71.187C/71.187C cpu@75.656C/75.656C soc2@68C/68C soc0@69.5C/69.5C cv1@70.187C/70.187C gpu@75C/75C tj@75.656C/75.656C soc1@67.531C/67.531C cv2@65.968C/65.968C VDD_IN 25441mW/23140mW/25563mW VDD_CPU_GPU_CV 16800mW/15117mW/16880mW VDD_SOC 3669mW/3403mW/3669mW
08-10-2026 21:55:40 RAM 5149/15599MB (lfb 12x4MB) CPU [100%@1984,100%@1984,100%@1984,100%@1984,100%@1984,100%@1984,100%@1984,100%@1984] GR3D_FREQ 99% cv0@71.343C/71.343C cpu@75.687C/75.687C soc2@68.062C/68.062C soc0@69.5C/69.5C cv1@70.25C/70.25C gpu@74.937C/75C tj@75.687C/75.687C soc1@67.593C/67.593C cv2@66.093C/66.093C VDD_IN 25361mW/23175mW/25563mW VDD_CPU_GPU_CV 16680mW/15141mW/16880mW VDD_SOC 3669mW/3407mW/3669mW
08-10-2026 21:55:41 RAM 5149/15599MB (lfb 12x4MB) CPU [100%@1984,100%@1984,100%@1984,100%@1984,100%@1984,100%@1984,100%@1984,100%@1984] GR3D_FREQ 99% cv0@71.406C/71.406C cpu@75.75C/75.75C soc2@68.093C/68.093C soc0@69.625C/69.625C cv1@70.343C/70.343C gpu@74.906C/75C tj@75.75C/75.75C soc1@67.687C/67.687C cv2@66.125C/66.125C VDD_IN 25522mW/23211mW/25563mW VDD_CPU_GPU_CV 16800mW/15167mW/16880mW VDD_SOC 3669mW/3411mW/3669mW
08-10-2026 21:55:41 RAM 5149/15599MB (lfb 12x4MB) CPU [100%@1984,100%@1984,100%@1984,100%@1984,100%@1984,100%@1984,100%@1984,100%@1984] GR3D_FREQ 99% cv0@71.406C/71.406C cpu@75.812C/75.812C soc2@68.25C/68.25C soc0@69.656C/69.656C cv1@70.25C/70.343C gpu@75C/75C tj@75.812C/75.812C soc1@67.656C/67.687C cv2@66.187C/66.187C VDD_IN 25482mW/23245mW/25563mW VDD_CPU_GPU_CV 16800mW/15192mW/16880mW VDD_SOC 3669mW/3415mW/3669mW
08-10-2026 21:55:42 RAM 5149/15599MB (lfb 12x4MB) CPU [100%@1984,100%@1984,100%@1984,100%@1984,100%@1984,100%@1984,100%@1984,100%@1984] GR3D_FREQ 99% cv0@71.437C/71.437C cpu@76.125C/76.125C soc2@68.187C/68.25C soc0@69.875C/69.875C cv1@70.375C/70.375C gpu@75.125C/75.125C tj@76.125C/76.125C soc1@67.75C/67.75C cv2@66.218C/66.218C VDD_IN 25361mW/23277mW/25563mW VDD_CPU_GPU_CV 16680mW/15214mW/16880mW VDD_SOC 3628mW/3418mW/3669mW
08-10-2026 21:55:42 RAM 5149/15599MB (lfb 12x4MB) CPU [100%@1984,100%@1984,100%@1984,100%@1984,100%@1984,100%@1984,100%@1984,100%@1984] GR3D_FREQ 99% cv0@71.5C/71.5C cpu@75.968C/76.125C soc2@68.218C/68.25C soc0@69.812C/69.875C cv1@70.562C/70.562C gpu@74.968C/75.125C tj@75.968C/76.125C soc1@67.781C/67.781C cv2@66.343C/66.343C VDD_IN 25361mW/23307mW/25563mW VDD_CPU_GPU_CV 16680mW/15235mW/16880mW VDD_SOC 3669mW/3422mW/3669mW
08-10-2026 21:55:43 RAM 5149/15599MB (lfb 12x4MB) CPU [100%@1984,100%@1984,100%@1984,100%@1984,100%@1984,100%@1984,100%@1984,100%@1984] GR3D_FREQ 99% cv0@71.562C/71.562C cpu@76.125C/76.125C soc2@68.312C/68.312C soc0@69.937C/69.937C cv1@70.625C/70.625C gpu@75.281C/75.281C tj@76.125C/76.125C soc1@67.906C/67.906C cv2@66.281C/66.343C VDD_IN 25522mW/23339mW/25563mW VDD_CPU_GPU_CV 16800mW/15258mW/16880mW VDD_SOC 3669mW/3425mW/3669mW
08-10-2026 21:55:43 RAM 5149/15599MB (lfb 12x4MB) CPU [100%@1984,100%@1984,100%@1984,100%@1984,100%@1984,100%@1984,100%@1984,100%@1984] GR3D_FREQ 99% cv0@71.656C/71.656C cpu@76.125C/76.125C soc2@68.406C/68.406C soc0@69.906C/69.937C cv1@70.656C/70.656C gpu@75.437C/75.437C tj@76.125C/76.125C soc1@67.968C/67.968C cv2@66.406C/66.406C VDD_IN 25482mW/23370mW/25563mW VDD_CPU_GPU_CV 16800mW/15280mW/16880mW VDD_SOC 3669mW/3429mW/3669mW
08-10-2026 21:55:44 RAM 5150/15599MB (lfb 12x4MB) CPU [100%@1984,100%@1984,100%@1984,100%@1984,100%@1984,100%@1984,100%@1984,100%@1984] GR3D_FREQ 99% cv0@71.687C/71.687C cpu@76.031C/76.125C soc2@68.437C/68.437C soc0@69.937C/69.937C cv1@70.562C/70.656C gpu@75.406C/75.437C tj@76.218C/76.218C soc1@67.968C/67.968C cv2@66.531C/66.531C VDD_IN 25441mW/23399mW/25563mW VDD_CPU_GPU_CV 16720mW/15300mW/16880mW VDD_SOC 3669mW/3432mW/3669mW
08-10-2026 21:55:44 RAM 5150/15599MB (lfb 12x4MB) CPU [100%@1984,100%@1984,100%@1984,100%@1984,100%@1984,100%@1984,100%@1984,100%@1984] GR3D_FREQ 99% cv0@71.781C/71.781C cpu@76.062C/76.125C soc2@68.531C/68.531C soc0@70C/70C cv1@70.625C/70.656C gpu@75.312C/75.437C tj@76.062C/76.218C soc1@67.968C/67.968C cv2@66.656C/66.656C VDD_IN 25441mW/23428mW/25563mW VDD_CPU_GPU_CV 16800mW/15321mW/16880mW VDD_SOC 3669mW/3435mW/3669mW
08-10-2026 21:55:45 RAM 5150/15599MB (lfb 12x4MB) CPU [100%@1984,100%@1984,100%@1984,100%@1984,100%@1984,100%@1984,100%@1984,100%@1984] GR3D_FREQ 99% cv0@71.812C/71.812C cpu@76.25C/76.25C soc2@68.562C/68.562C soc0@70.093C/70.093C cv1@70.718C/70.718C gpu@75.531C/75.531C tj@76.25C/76.25C soc1@68.187C/68.187C cv2@66.687C/66.687C VDD_IN 25401mW/23455mW/25563mW VDD_CPU_GPU_CV 16760mW/15341mW/16880mW VDD_SOC 3669mW/3439mW/3669mW
08-10-2026 21:55:45 RAM 5150/15599MB (lfb 12x4MB) CPU [100%@1984,100%@1984,100%@1984,100%@1984,100%@1984,100%@1984,100%@1984,100%@1984] GR3D_FREQ 99% cv0@71.781C/71.812C cpu@76.25C/76.25C soc2@68.656C/68.656C soc0@70.093C/70.093C cv1@70.937C/70.937C gpu@75.75C/75.75C tj@76.25C/76.25C soc1@68.187C/68.187C cv2@66.718C/66.718C VDD_IN 25482mW/23482mW/25563mW VDD_CPU_GPU_CV 16720mW/15359mW/16880mW VDD_SOC 3669mW/3442mW/3669mW
08-10-2026 21:55:46 RAM 5150/15599MB (lfb 12x4MB) CPU [100%@1984,100%@1984,100%@1984,100%@1984,100%@1984,100%@1984,100%@1984,100%@1984] GR3D_FREQ 99% cv0@71.843C/71.843C cpu@76.562C/76.562C soc2@68.718C/68.718C soc0@70.312C/70.312C cv1@70.968C/70.968C gpu@75.593C/75.75C tj@76.562C/76.562C soc1@68.25C/68.25C cv2@66.718C/66.718C VDD_IN 25482mW/23509mW/25563mW VDD_CPU_GPU_CV 16840mW/15379mW/16880mW VDD_SOC 3669mW/3445mW/3669mW
08-10-2026 21:55:46 RAM 5150/15599MB (lfb 12x4MB) CPU [100%@1984,100%@1984,100%@1984,100%@1984,100%@1984,100%@1984,100%@1984,100%@1984] GR3D_FREQ 99% cv0@72.062C/72.062C cpu@76.406C/76.562C soc2@68.625C/68.718C soc0@70.25C/70.312C cv1@70.875C/70.968C gpu@75.781C/75.781C tj@76.406C/76.562C soc1@68.187C/68.25C cv2@66.875C/66.875C VDD_IN 25603mW/23536mW/25603mW VDD_CPU_GPU_CV 16920mW/15399mW/16920mW VDD_SOC 3669mW/3448mW/3669mW
08-10-2026 21:55:47 RAM 5145/15599MB (lfb 12x4MB) CPU [100%@1984,100%@1984,100%@1984,100%@1984,100%@1984,100%@1984,100%@1984,100%@1984] GR3D_FREQ 99% cv0@72.031C/72.062C cpu@76.531C/76.562C soc2@68.781C/68.781C soc0@70.375C/70.375C cv1@70.937C/70.968C gpu@75.593C/75.781C tj@76.531C/76.562C soc1@68.375C/68.375C cv2@66.812C/66.875C VDD_IN 25563mW/23563mW/25603mW VDD_CPU_GPU_CV 16800mW/15418mW/16920mW VDD_SOC 3669mW/3451mW/3669mW
08-10-2026 21:55:47 RAM 5146/15599MB (lfb 12x4MB) CPU [100%@1984,100%@1984,100%@1984,100%@1984,100%@1984,100%@1984,100%@1984,100%@1984] GR3D_FREQ 99% cv0@72.156C/72.156C cpu@76.625C/76.625C soc2@68.812C/68.812C soc0@70.5C/70.5C cv1@71.031C/71.031C gpu@75.781C/75.781C tj@76.625C/76.625C soc1@68.406C/68.406C cv2@66.906C/66.906C VDD_IN 25563mW/23588mW/25603mW VDD_CPU_GPU_CV 16840mW/15436mW/16920mW VDD_SOC 3669mW/3453mW/3669mW
08-10-2026 21:55:48 RAM 5144/15599MB (lfb 12x4MB) CPU [100%@1984,100%@1984,100%@1984,100%@1984,100%@1984,100%@1984,100%@1984,100%@1984] GR3D_FREQ 99% cv0@72.125C/72.156C cpu@76.625C/76.625C soc2@68.968C/68.968C soc0@70.406C/70.5C cv1@71.156C/71.156C gpu@75.718C/75.781C tj@76.781C/76.781C soc1@68.406C/68.406C cv2@66.968C/66.968C VDD_IN 25401mW/23611mW/25603mW VDD_CPU_GPU_CV 16720mW/15452mW/16920mW VDD_SOC 3669mW/3456mW/3669mW
08-10-2026 21:55:48 RAM 5144/15599MB (lfb 12x4MB) CPU [100%@1984,100%@1984,100%@1984,100%@1984,100%@1984,100%@1984,100%@1984,100%@1984] GR3D_FREQ 99% cv0@72.218C/72.218C cpu@76.781C/76.781C soc2@69C/69C soc0@70.5C/70.5C cv1@71.062C/71.156C gpu@75.812C/75.812C tj@76.781C/76.781C soc1@68.437C/68.437C cv2@67C/67C VDD_IN 25563mW/23636mW/25603mW VDD_CPU_GPU_CV 16920mW/15471mW/16920mW VDD_SOC 3669mW/3459mW/3669mW
08-10-2026 21:55:49 RAM 5142/15599MB (lfb 12x4MB) CPU [100%@1984,100%@1984,100%@1984,100%@1984,100%@1984,100%@1984,100%@1984,100%@1984] GR3D_FREQ 99% cv0@72.375C/72.375C cpu@76.625C/76.781C soc2@68.968C/69C soc0@70.562C/70.562C cv1@71.218C/71.218C gpu@75.781C/75.812C tj@76.625C/76.781C soc1@68.406C/68.437C cv2@67.093C/67.093C VDD_IN 25643mW/23660mW/25643mW VDD_CPU_GPU_CV 16880mW/15488mW/16920mW VDD_SOC 3669mW/3461mW/3669mW
08-10-2026 21:55:49 RAM 5142/15599MB (lfb 12x4MB) CPU [100%@1984,100%@1984,100%@1984,100%@1984,100%@1984,100%@1984,100%@1984,100%@1984] GR3D_FREQ 99% cv0@72.437C/72.437C cpu@76.75C/76.781C soc2@69.156C/69.156C soc0@70.593C/70.593C cv1@71.187C/71.218C gpu@76.125C/76.125C tj@76.75C/76.781C soc1@68.437C/68.437C cv2@67.187C/67.187C VDD_IN 25643mW/23684mW/25643mW VDD_CPU_GPU_CV 16920mW/15505mW/16920mW VDD_SOC 3709mW/3464mW/3709mW
08-10-2026 21:55:50 RAM 5141/15599MB (lfb 12x4MB) CPU [100%@1984,100%@1984,100%@1984,100%@1984,100%@1984,100%@1984,100%@1984,100%@1984] GR3D_FREQ 99% cv0@72.406C/72.437C cpu@76.812C/76.812C soc2@69.156C/69.156C soc0@70.656C/70.656C cv1@71.281C/71.281C gpu@76.031C/76.125C tj@76.812C/76.812C soc1@68.75C/68.75C cv2@67.187C/67.187C VDD_IN 25563mW/23707mW/25643mW VDD_CPU_GPU_CV 16880mW/15522mW/16920mW VDD_SOC 3669mW/3467mW/3709mW
08-10-2026 21:55:50 RAM 5141/15599MB (lfb 12x4MB) CPU [100%@1984,100%@1984,100%@1984,100%@1984,100%@1984,100%@1984,100%@1984,100%@1984] GR3D_FREQ 99% cv0@72.531C/72.531C cpu@76.812C/76.812C soc2@69.187C/69.187C soc0@70.781C/70.781C cv1@71.406C/71.406C gpu@76.062C/76.125C tj@76.812C/76.812C soc1@68.687C/68.75C cv2@67.187C/67.187C VDD_IN 25522mW/23729mW/25643mW VDD_CPU_GPU_CV 16840mW/15538mW/16920mW VDD_SOC 3669mW/3469mW/3709mW
08-10-2026 21:55:51 RAM 5138/15599MB (lfb 12x4MB) CPU [100%@1984,100%@1984,100%@1984,100%@1984,100%@1984,100%@1984,100%@1984,100%@1984] GR3D_FREQ 99% cv0@72.531C/72.531C cpu@76.875C/76.875C soc2@69.25C/69.25C soc0@70.781C/70.781C cv1@71.406C/71.406C gpu@76.468C/76.468C tj@76.875C/76.875C soc1@68.812C/68.812C cv2@67.375C/67.375C VDD_IN 25482mW/23749mW/25643mW VDD_CPU_GPU_CV 16840mW/15553mW/16920mW VDD_SOC 3669mW/3472mW/3709mW
08-10-2026 21:55:52 RAM 5138/15599MB (lfb 12x4MB) CPU [100%@1984,100%@1984,100%@1984,100%@1984,100%@1984,100%@1984,100%@1984,100%@1984] GR3D_FREQ 99% cv0@72.562C/72.562C cpu@77.125C/77.125C soc2@69.281C/69.281C soc0@70.875C/70.875C cv1@71.5C/71.5C gpu@76.218C/76.468C tj@77.125C/77.125C soc1@68.812C/68.812C cv2@67.375C/67.375C VDD_IN 25441mW/23769mW/25643mW VDD_CPU_GPU_CV 16680mW/15566mW/16920mW VDD_SOC 3669mW/3474mW/3709mW
08-10-2026 21:55:52 RAM 5138/15599MB (lfb 12x4MB) CPU [100%@1984,100%@1984,100%@1984,100%@1984,100%@1984,100%@1984,100%@1984,100%@1984] GR3D_FREQ 99% cv0@72.5C/72.562C cpu@76.937C/77.125C soc2@69.375C/69.375C soc0@70.968C/70.968C cv1@71.531C/71.531C gpu@76.218C/76.468C tj@76.937C/77.125C soc1@68.843C/68.843C cv2@67.437C/67.437C VDD_IN 25441mW/23788mW/25643mW VDD_CPU_GPU_CV 16680mW/15579mW/16920mW VDD_SOC 3669mW/3476mW/3709mW
08-10-2026 21:55:53 RAM 5138/15599MB (lfb 12x4MB) CPU [100%@1984,100%@1984,100%@1984,100%@1984,100%@1984,100%@1984,100%@1984,100%@1984] GR3D_FREQ 99% cv0@72.562C/72.562C cpu@77.031C/77.125C soc2@69.281C/69.375C soc0@70.937C/70.968C cv1@71.531C/71.531C gpu@76.312C/76.468C tj@77.031C/77.125C soc1@68.843C/68.843C cv2@67.625C/67.625C VDD_IN 25401mW/23807mW/25643mW VDD_CPU_GPU_CV 16720mW/15592mW/16920mW VDD_SOC 3669mW/3478mW/3709mW
08-10-2026 21:55:53 RAM 5136/15599MB (lfb 12x4MB) CPU [100%@1984,100%@1984,100%@1984,100%@1984,100%@1984,100%@1984,100%@1984,100%@1984] GR3D_FREQ 99% cv0@72.687C/72.687C cpu@77.093C/77.125C soc2@69.343C/69.375C soc0@70.937C/70.968C cv1@71.531C/71.531C gpu@76.406C/76.468C tj@77.343C/77.343C soc1@68.906C/68.906C cv2@67.531C/67.625C VDD_IN 25603mW/23827mW/25643mW VDD_CPU_GPU_CV 16960mW/15607mW/16960mW VDD_SOC 3669mW/3480mW/3709mW
08-10-2026 21:55:54 RAM 5136/15599MB (lfb 12x4MB) CPU [100%@1984,100%@1984,100%@1984,100%@1984,100%@1984,100%@1984,100%@1984,100%@1984] GR3D_FREQ 99% cv0@72.718C/72.718C cpu@77.125C/77.125C soc2@69.5C/69.5C soc0@70.968C/70.968C cv1@71.593C/71.593C gpu@76.437C/76.468C tj@77.125C/77.343C soc1@68.906C/68.906C cv2@67.593C/67.625C VDD_IN 25441mW/23845mW/25643mW VDD_CPU_GPU_CV 16760mW/15620mW/16960mW VDD_SOC 3669mW/3483mW/3709mW
08-10-2026 21:55:54 RAM 5136/15599MB (lfb 12x4MB) CPU [100%@1984,100%@1984,100%@1984,100%@1984,100%@1984,100%@1984,100%@1984,100%@1984] GR3D_FREQ 99% cv0@72.843C/72.843C cpu@77.187C/77.187C soc2@69.5C/69.5C soc0@71.062C/71.062C cv1@71.718C/71.718C gpu@76.468C/76.468C tj@77.156C/77.343C soc1@68.937C/68.937C cv2@67.687C/67.687C VDD_IN 25441mW/23862mW/25643mW VDD_CPU_GPU_CV 16680mW/15632mW/16960mW VDD_SOC 3669mW/3485mW/3709mW
08-10-2026 21:55:55 RAM 5136/15599MB (lfb 12x4MB) CPU [100%@1984,100%@1984,100%@1984,100%@1984,100%@1984,100%@1984,100%@1984,100%@1984] GR3D_FREQ 99% cv0@72.812C/72.843C cpu@77.156C/77.187C soc2@69.562C/69.562C soc0@71.25C/71.25C cv1@71.687C/71.718C gpu@76.531C/76.531C tj@77.156C/77.343C soc1@69C/69C cv2@67.656C/67.687C VDD_IN 25482mW/23880mW/25643mW VDD_CPU_GPU_CV 16720mW/15643mW/16960mW VDD_SOC 3669mW/3487mW/3709mW
08-10-2026 21:55:55 RAM 5136/15599MB (lfb 12x4MB) CPU [100%@1984,100%@1984,100%@1984,100%@1984,100%@1984,100%@1984,100%@1984,100%@1984] GR3D_FREQ 99% cv0@72.906C/72.906C cpu@77.281C/77.281C soc2@69.687C/69.687C soc0@71.218C/71.25C cv1@71.687C/71.718C gpu@76.625C/76.625C tj@77.281C/77.343C soc1@69.187C/69.187C cv2@67.687C/67.687C VDD_IN 25482mW/23897mW/25643mW VDD_CPU_GPU_CV 16760mW/15655mW/16960mW VDD_SOC 3669mW/3489mW/3709mW
08-10-2026 21:55:56 RAM 5136/15599MB (lfb 12x4MB) CPU [100%@1984,100%@1984,100%@1984,100%@1984,100%@1984,100%@1984,100%@1984,100%@1984] GR3D_FREQ 99% cv0@72.875C/72.906C cpu@77.625C/77.625C soc2@69.687C/69.687C soc0@71.343C/71.343C cv1@71.906C/71.906C gpu@76.562C/76.625C tj@77.625C/77.625C soc1@69.187C/69.187C cv2@67.718C/67.718C VDD_IN 25522mW/23914mW/25643mW VDD_CPU_GPU_CV 16840mW/15668mW/16960mW VDD_SOC 3669mW/3490mW/3709mW
08-10-2026 21:55:56 RAM 5136/15599MB (lfb 12x4MB) CPU [100%@1984,100%@1984,100%@1984,100%@1984,100%@1984,100%@1984,100%@1984,100%@1984] GR3D_FREQ 99% cv0@72.968C/72.968C cpu@77.375C/77.625C soc2@69.718C/69.718C soc0@71.375C/71.375C cv1@71.875C/71.906C gpu@76.625C/76.625C tj@77.343C/77.625C soc1@69.187C/69.187C cv2@67.781C/67.781C VDD_IN 25482mW/23931mW/25643mW VDD_CPU_GPU_CV 16760mW/15680mW/16960mW VDD_SOC 3669mW/3492mW/3709mW
08-10-2026 21:55:57 RAM 5136/15599MB (lfb 12x4MB) CPU [100%@1984,100%@1984,100%@1984,100%@1984,100%@1984,100%@1984,100%@1984,100%@1984] GR3D_FREQ 99% cv0@72.968C/72.968C cpu@77.593C/77.625C soc2@69.843C/69.843C soc0@71.343C/71.375C cv1@71.937C/71.937C gpu@76.687C/76.687C tj@77.593C/77.625C soc1@69.281C/69.281C cv2@68C/68C VDD_IN 25603mW/23948mW/25643mW VDD_CPU_GPU_CV 16840mW/15692mW/16960mW VDD_SOC 3669mW/3494mW/3709mW
08-10-2026 21:55:57 RAM 5136/15599MB (lfb 12x4MB) CPU [100%@1984,100%@1984,100%@1984,100%@1984,100%@1984,100%@1984,100%@1984,100%@1984] GR3D_FREQ 99% cv0@73.218C/73.218C cpu@77.593C/77.625C soc2@69.906C/69.906C soc0@71.343C/71.375C cv1@71.968C/71.968C gpu@76.843C/76.843C tj@77.593C/77.625C soc1@69.343C/69.343C cv2@67.906C/68C VDD_IN 25563mW/23965mW/25643mW VDD_CPU_GPU_CV 16840mW/15704mW/16960mW VDD_SOC 3669mW/3496mW/3709mW
08-10-2026 21:55:58 RAM 5136/15599MB (lfb 12x4MB) CPU [100%@1984,100%@1984,100%@1984,100%@1984,100%@1984,100%@1984,100%@1984,100%@1984] GR3D_FREQ 99% cv0@73.218C/73.218C cpu@77.562C/77.625C soc2@69.843C/69.906C soc0@71.468C/71.468C cv1@71.937C/71.968C gpu@76.781C/76.843C tj@77.562C/77.625C soc1@69.25C/69.343C cv2@68.093C/68.093C VDD_IN 25603mW/23982mW/25643mW VDD_CPU_GPU_CV 16920mW/15716mW/16960mW VDD_SOC 3669mW/3498mW/3709mW
08-10-2026 21:55:58 RAM 5136/15599MB (lfb 12x4MB) CPU [100%@1984,100%@1984,100%@1984,100%@1984,100%@1984,100%@1984,100%@1984,100%@1984] GR3D_FREQ 99% cv0@73.187C/73.218C cpu@77.625C/77.625C soc2@69.843C/69.906C soc0@71.437C/71.468C cv1@72.031C/72.031C gpu@76.812C/76.843C tj@77.656C/77.656C soc1@69.343C/69.343C cv2@68.062C/68.093C VDD_IN 25563mW/23998mW/25643mW VDD_CPU_GPU_CV 16840mW/15727mW/16960mW VDD_SOC 3669mW/3499mW/3709mW
08-10-2026 21:55:59 RAM 3143/15599MB (lfb 19x4MB) CPU [100%@1984,100%@1984,100%@1984,100%@1984,100%@1984,100%@1984,100%@1984,100%@1984] GR3D_FREQ 99% cv0@73.281C/73.281C cpu@77.875C/77.875C soc2@69.968C/69.968C soc0@71.406C/71.468C cv1@72.125C/72.125C gpu@75.656C/76.843C tj@77.875C/77.875C soc1@69.406C/69.406C cv2@68.062C/68.093C VDD_IN 21268mW/23970mW/25643mW VDD_CPU_GPU_CV 13866mW/15709mW/16960mW VDD_SOC 3114mW/3496mW/3709mW
08-10-2026 21:55:59 RAM 3539/15599MB (lfb 15x4MB) CPU [100%@1984,100%@1984,100%@1984,100%@1984,100%@1984,100%@1984,100%@1984,100%@1984] GR3D_FREQ 99% cv0@73.343C/73.343C cpu@77.906C/77.906C soc2@69.812C/69.968C soc0@71.406C/71.468C cv1@72.031C/72.125C gpu@75.593C/76.843C tj@77.906C/77.906C soc1@69.468C/69.468C cv2@68.093C/68.093C VDD_IN 20256mW/23934mW/25643mW VDD_CPU_GPU_CV 12941mW/15681mW/16960mW VDD_SOC 3078mW/3491mW/3709mW
08-10-2026 21:56:00 RAM 3646/15599MB (lfb 15x4MB) CPU [100%@1984,100%@1984,100%@1984,100%@1984,100%@1984,100%@1984,100%@1984,100%@1984] GR3D_FREQ 99% cv0@73.406C/73.406C cpu@77.75C/77.906C soc2@69.718C/69.968C soc0@71.437C/71.468C cv1@72.093C/72.125C gpu@75.5C/76.843C tj@77.75C/77.906C soc1@69.406C/69.468C cv2@68C/68.093C VDD_IN 19354mW/23889mW/25643mW VDD_CPU_GPU_CV 12600mW/15651mW/16960mW VDD_SOC 2835mW/3485mW/3709mW
08-10-2026 21:56:00 RAM 3676/15599MB (lfb 15x4MB) CPU [100%@1984,100%@1984,100%@1984,100%@1984,100%@1984,100%@1984,100%@1984,100%@1984] GR3D_FREQ 99% cv0@73.312C/73.406C cpu@77.843C/77.906C soc2@69.843C/69.968C soc0@71.5C/71.5C cv1@72.156C/72.156C gpu@75.375C/76.843C tj@77.843C/77.906C soc1@69.406C/69.468C cv2@67.937C/68.093C VDD_IN 18664mW/23838mW/25643mW VDD_CPU_GPU_CV 12439mW/15620mW/16960mW VDD_SOC 2673mW/3477mW/3709mW
08-10-2026 21:56:01 RAM 3715/15599MB (lfb 15x4MB) CPU [100%@1984,100%@1984,100%@1984,100%@1984,100%@1984,100%@1984,100%@1984,100%@1984] GR3D_FREQ 99% cv0@73.375C/73.406C cpu@77.843C/77.906C soc2@69.781C/69.968C soc0@71.437C/71.5C cv1@72.187C/72.187C gpu@75.468C/76.843C tj@77.843C/77.906C soc1@69.375C/69.468C cv2@68.031C/68.093C VDD_IN 18502mW/23787mW/25643mW VDD_CPU_GPU_CV 12398mW/15589mW/16960mW VDD_SOC 2592mW/3469mW/3709mW
08-10-2026 21:56:01 RAM 3892/15599MB (lfb 15x4MB) CPU [100%@1984,100%@1984,100%@1984,100%@1984,100%@1984,100%@1984,100%@1984,100%@1984] GR3D_FREQ 99% cv0@73.156C/73.406C cpu@77.781C/77.906C soc2@69.718C/69.968C soc0@71.25C/71.5C cv1@72.093C/72.187C gpu@75.25C/76.843C tj@77.781C/77.906C soc1@69.406C/69.468C cv2@68.125C/68.125C VDD_IN 18543mW/23737mW/25643mW VDD_CPU_GPU_CV 12398mW/15558mW/16960mW VDD_SOC 2592mW/3460mW/3709mW
08-10-2026 21:56:02 RAM 5100/15599MB (lfb 12x4MB) CPU [100%@1984,100%@1984,100%@1984,100%@1984,100%@1984,100%@1984,100%@1984,100%@1984] GR3D_FREQ 99% cv0@73.375C/73.406C cpu@78.062C/78.062C soc2@69.718C/69.968C soc0@71.343C/71.5C cv1@72.062C/72.187C gpu@75.531C/76.843C tj@78.062C/78.062C soc1@69.406C/69.468C cv2@68C/68.125C VDD_IN 19850mW/23700mW/25643mW VDD_CPU_GPU_CV 12680mW/15531mW/16960mW VDD_SOC 3038mW/3456mW/3709mW
08-10-2026 21:56:02 RAM 5155/15599MB (lfb 12x4MB) CPU [100%@1984,100%@1984,100%@1984,100%@1984,100%@1984,98%@1984,100%@1984,100%@1984] GR3D_FREQ 99% cv0@73.25C/73.406C cpu@77.593C/78.062C soc2@69.75C/69.968C soc0@71.281C/71.5C cv1@72.062C/72.187C gpu@76.406C/76.843C tj@77.75C/78.062C soc1@69.406C/69.468C cv2@68.156C/68.156C VDD_IN 23459mW/23698mW/25643mW VDD_CPU_GPU_CV 15304mW/15529mW/16960mW VDD_SOC 3432mW/3456mW/3709mW
08-10-2026 21:56:03 RAM 5155/15599MB (lfb 12x4MB) CPU [100%@1984,100%@1984,100%@1984,100%@1984,100%@1984,100%@1984,100%@1984,100%@1984] GR3D_FREQ 99% cv0@73.312C/73.406C cpu@77.656C/78.062C soc2@69.875C/69.968C soc0@71.437C/71.5C cv1@72.093C/72.187C gpu@76.75C/76.843C tj@77.656C/78.062C soc1@69.593C/69.593C cv2@68.093C/68.156C VDD_IN 24997mW/23710mW/25643mW VDD_CPU_GPU_CV 16480mW/15538mW/16960mW VDD_SOC 3594mW/3457mW/3709mW
08-10-2026 21:56:03 RAM 5164/15599MB (lfb 12x4MB) CPU [100%@1984,100%@1984,100%@1984,100%@1984,100%@1984,100%@1984,100%@1984,100%@1984] GR3D_FREQ 99% cv0@73.468C/73.468C cpu@77.812C/78.062C soc2@70.062C/70.062C soc0@71.625C/71.625C cv1@72.218C/72.218C gpu@76.812C/76.843C tj@77.812C/78.062C soc1@69.531C/69.593C cv2@68.25C/68.25C VDD_IN 25522mW/23726mW/25643mW VDD_CPU_GPU_CV 16840mW/15550mW/16960mW VDD_SOC 3669mW/3459mW/3709mW
08-10-2026 21:56:04 RAM 5164/15599MB (lfb 12x4MB) CPU [100%@1984,100%@1984,100%@1984,100%@1984,100%@1984,100%@1984,100%@1984,100%@1984] GR3D_FREQ 99% cv0@73.5C/73.5C cpu@77.781C/78.062C soc2@70.093C/70.093C soc0@71.562C/71.625C cv1@72.25C/72.25C gpu@77C/77C tj@77.843C/78.062C soc1@69.468C/69.593C cv2@68.218C/68.25C VDD_IN 25684mW/23744mW/25684mW VDD_CPU_GPU_CV 16920mW/15562mW/16960mW VDD_SOC 3669mW/3461mW/3709mW
08-10-2026 21:56:04 RAM 5163/15599MB (lfb 12x4MB) CPU [100%@1984,100%@1984,100%@1984,100%@1984,100%@1984,100%@1984,100%@1984,100%@1984] GR3D_FREQ 99% cv0@73.437C/73.5C cpu@77.843C/78.062C soc2@70.156C/70.156C soc0@71.656C/71.656C cv1@72.218C/72.25C gpu@76.968C/77C tj@77.843C/78.062C soc1@69.687C/69.687C cv2@68.343C/68.343C VDD_IN 25764mW/23762mW/25764mW VDD_CPU_GPU_CV 16960mW/15575mW/16960mW VDD_SOC 3669mW/3463mW/3709mW
08-10-2026 21:56:05 RAM 5161/15599MB (lfb 12x4MB) CPU [100%@1984,100%@1984,100%@1984,100%@1984,100%@1984,100%@1984,100%@1984,100%@1984] GR3D_FREQ 99% cv0@73.531C/73.531C cpu@78.343C/78.343C soc2@70.25C/70.25C soc0@71.812C/71.812C cv1@72.468C/72.468C gpu@77.125C/77.125C tj@78.343C/78.343C soc1@69.781C/69.781C cv2@68.5C/68.5C VDD_IN 25724mW/23780mW/25764mW VDD_CPU_GPU_CV 16880mW/15587mW/16960mW VDD_SOC 3669mW/3465mW/3709mW
08-10-2026 21:56:05 RAM 5160/15599MB (lfb 12x4MB) CPU [100%@1984,100%@1984,100%@1984,100%@1984,100%@1984,100%@1984,100%@1984,100%@1984] GR3D_FREQ 99% cv0@73.593C/73.593C cpu@77.906C/78.343C soc2@70.218C/70.25C soc0@71.875C/71.875C cv1@72.375C/72.468C gpu@77.187C/77.187C tj@77.906C/78.343C soc1@69.75C/69.781C cv2@68.406C/68.5C VDD_IN 25764mW/23797mW/25764mW VDD_CPU_GPU_CV 17000mW/15599mW/17000mW VDD_SOC 3669mW/3467mW/3709mW
08-10-2026 21:56:06 RAM 5157/15599MB (lfb 12x4MB) CPU [100%@1984,100%@1984,100%@1984,100%@1984,100%@1984,100%@1984,100%@1984,100%@1984] GR3D_FREQ 99% cv0@73.593C/73.593C cpu@78.125C/78.343C soc2@70.343C/70.343C soc0@71.968C/71.968C cv1@72.562C/72.562C gpu@77.187C/77.187C tj@78.125C/78.343C soc1@69.812C/69.812C cv2@68.531C/68.531C VDD_IN 25684mW/23814mW/25764mW VDD_CPU_GPU_CV 16920mW/15611mW/17000mW VDD_SOC 3669mW/3469mW/3709mW
08-10-2026 21:56:06 RAM 5157/15599MB (lfb 12x4MB) CPU [100%@1984,100%@1984,100%@1984,100%@1984,100%@1984,100%@1984,100%@1984,100%@1984] GR3D_FREQ 99% cv0@73.781C/73.781C cpu@78.25C/78.343C soc2@70.406C/70.406C soc0@71.906C/71.968C cv1@72.5C/72.562C gpu@77.218C/77.218C tj@78.25C/78.343C soc1@69.843C/69.843C cv2@68.687C/68.687C VDD_IN 25684mW/23830mW/25764mW VDD_CPU_GPU_CV 17000mW/15623mW/17000mW VDD_SOC 3669mW/3470mW/3709mW
08-10-2026 21:56:07 RAM 5155/15599MB (lfb 12x4MB) CPU [100%@1984,100%@1984,100%@1984,100%@1984,100%@1984,100%@1984,100%@1984,100%@1984] GR3D_FREQ 99% cv0@73.781C/73.781C cpu@78.312C/78.343C soc2@70.5C/70.5C soc0@72C/72C cv1@72.687C/72.687C gpu@77.468C/77.468C tj@78.312C/78.343C soc1@69.906C/69.906C cv2@68.625C/68.687C VDD_IN 25684mW/23846mW/25764mW VDD_CPU_GPU_CV 17040mW/15635mW/17040mW VDD_SOC 3669mW/3472mW/3709mW
08-10-2026 21:56:07 RAM 5155/15599MB (lfb 12x4MB) CPU [100%@1984,100%@1984,100%@1984,100%@1984,100%@1984,100%@1984,100%@1984,100%@1984] GR3D_FREQ 99% cv0@73.75C/73.781C cpu@78.281C/78.343C soc2@70.531C/70.531C soc0@72.093C/72.093C cv1@72.687C/72.687C gpu@77.562C/77.562C tj@78.281C/78.343C soc1@70C/70C cv2@68.656C/68.687C VDD_IN 25643mW/23862mW/25764mW VDD_CPU_GPU_CV 16920mW/15646mW/17040mW VDD_SOC 3669mW/3474mW/3709mW
08-10-2026 21:56:08 RAM 5154/15599MB (lfb 12x4MB) CPU [100%@1984,100%@1984,100%@1984,100%@1984,100%@1984,100%@1984,100%@1984,100%@1984] GR3D_FREQ 99% cv0@74C/74C cpu@78.406C/78.406C soc2@70.5C/70.531C soc0@72.156C/72.156C cv1@72.687C/72.687C gpu@77.531C/77.562C tj@78.406C/78.406C soc1@69.968C/70C cv2@68.781C/68.781C VDD_IN 25684mW/23877mW/25764mW VDD_CPU_GPU_CV 16920mW/15657mW/17040mW VDD_SOC 3669mW/3475mW/3709mW
08-10-2026 21:56:08 RAM 5154/15599MB (lfb 12x4MB) CPU [100%@1984,100%@1984,100%@1984,100%@1984,100%@1984,100%@1984,100%@1984,100%@1984] GR3D_FREQ 99% cv0@73.906C/74C cpu@78.343C/78.406C soc2@70.562C/70.562C soc0@72.093C/72.156C cv1@72.687C/72.687C gpu@77.5C/77.562C tj@78.343C/78.406C soc1@70.125C/70.125C cv2@68.812C/68.812C VDD_IN 25724mW/23893mW/25764mW VDD_CPU_GPU_CV 16880mW/15667mW/17040mW VDD_SOC 3669mW/3477mW/3709mW
08-10-2026 21:56:09 RAM 5153/15599MB (lfb 12x4MB) CPU [100%@1984,100%@1984,100%@1984,100%@1984,100%@1984,100%@1984,100%@1984,100%@1984] GR3D_FREQ 99% cv0@73.937C/74C cpu@78.593C/78.593C soc2@70.625C/70.625C soc0@72.218C/72.218C cv1@72.875C/72.875C gpu@77.468C/77.562C tj@78.593C/78.593C soc1@70.062C/70.125C cv2@68.75C/68.812C VDD_IN 25724mW/23908mW/25764mW VDD_CPU_GPU_CV 16960mW/15678mW/17040mW VDD_SOC 3669mW/3479mW/3709mW
08-10-2026 21:56:09 RAM 5153/15599MB (lfb 12x4MB) CPU [100%@1984,100%@1984,100%@1984,100%@1984,100%@1984,100%@1984,100%@1984,100%@1984] GR3D_FREQ 99% cv0@74.031C/74.031C cpu@78.375C/78.593C soc2@70.75C/70.75C soc0@72.25C/72.25C cv1@72.875C/72.875C gpu@77.656C/77.656C tj@78.375C/78.593C soc1@70.062C/70.125C cv2@68.875C/68.875C VDD_IN 25764mW/23923mW/25764mW VDD_CPU_GPU_CV 17000mW/15689mW/17040mW VDD_SOC 3669mW/3480mW/3709mW
08-10-2026 21:56:10 RAM 5150/15599MB (lfb 12x4MB) CPU [100%@1984,100%@1984,100%@1984,100%@1984,100%@1984,100%@1984,100%@1984,100%@1984] GR3D_FREQ 99% cv0@74.187C/74.187C cpu@78.625C/78.625C soc2@70.718C/70.75C soc0@72.218C/72.25C cv1@72.968C/72.968C gpu@77.531C/77.656C tj@78.625C/78.625C soc1@70.187C/70.187C cv2@68.812C/68.875C VDD_IN 25684mW/23938mW/25764mW VDD_CPU_GPU_CV 16840mW/15698mW/17040mW VDD_SOC 3669mW/3482mW/3709mW
08-10-2026 21:56:10 RAM 5150/15599MB (lfb 12x4MB) CPU [100%@1984,100%@1984,100%@1984,100%@1984,100%@1984,100%@1984,100%@1984,100%@1984] GR3D_FREQ 99% cv0@74.062C/74.187C cpu@78.687C/78.687C soc2@70.781C/70.781C soc0@72.343C/72.343C cv1@73C/73C gpu@77.75C/77.75C tj@78.687C/78.687C soc1@70.156C/70.187C cv2@69.031C/69.031C VDD_IN 25724mW/23952mW/25764mW VDD_CPU_GPU_CV 16880mW/15708mW/17040mW VDD_SOC 3669mW/3483mW/3709mW
08-10-2026 21:56:11 RAM 5147/15599MB (lfb 12x4MB) CPU [100%@1984,100%@1984,100%@1984,100%@1984,100%@1984,100%@1984,100%@1984,100%@1984] GR3D_FREQ 99% cv0@74.218C/74.218C cpu@78.531C/78.687C soc2@70.843C/70.843C soc0@72.406C/72.406C cv1@72.906C/73C gpu@77.75C/77.75C tj@78.531C/78.687C soc1@70.25C/70.25C cv2@69.031C/69.031C VDD_IN 25684mW/23966mW/25764mW VDD_CPU_GPU_CV 16880mW/15717mW/17040mW VDD_SOC 3669mW/3485mW/3709mW
08-10-2026 21:56:11 RAM 5147/15599MB (lfb 12x4MB) CPU [100%@1984,100%@1984,100%@1984,100%@1984,100%@1984,100%@1984,100%@1984,100%@1984] GR3D_FREQ 99% cv0@74.187C/74.218C cpu@78.687C/78.687C soc2@70.875C/70.875C soc0@72.375C/72.406C cv1@73.062C/73.062C gpu@78.062C/78.062C tj@78.718C/78.718C soc1@70.343C/70.343C cv2@69.187C/69.187C VDD_IN 25684mW/23980mW/25764mW VDD_CPU_GPU_CV 17000mW/15728mW/17040mW VDD_SOC 3669mW/3486mW/3709mW
08-10-2026 21:56:12 RAM 5147/15599MB (lfb 12x4MB) CPU [100%@1984,100%@1984,100%@1984,100%@1984,100%@1984,100%@1984,100%@1984,100%@1984] GR3D_FREQ 99% cv0@74.312C/74.312C cpu@78.625C/78.687C soc2@70.937C/70.937C soc0@72.437C/72.437C cv1@73.125C/73.125C gpu@78.031C/78.062C tj@78.625C/78.718C soc1@70.25C/70.343C cv2@69.125C/69.187C VDD_IN 25724mW/23994mW/25764mW VDD_CPU_GPU_CV 17040mW/15738mW/17040mW VDD_SOC 3669mW/3488mW/3709mW
08-10-2026 21:56:12 RAM 5147/15599MB (lfb 12x4MB) CPU [100%@1984,100%@1984,100%@1984,100%@1984,100%@1984,100%@1984,100%@1984,100%@1984] GR3D_FREQ 99% cv0@74.312C/74.312C cpu@78.906C/78.906C soc2@71.031C/71.031C soc0@72.406C/72.437C cv1@72.968C/73.125C gpu@77.812C/78.062C tj@78.718C/78.718C soc1@70.437C/70.437C cv2@69.156C/69.187C VDD_IN 25805mW/24008mW/25805mW VDD_CPU_GPU_CV 16960mW/15748mW/17040mW VDD_SOC 3669mW/3489mW/3709mW
08-10-2026 21:56:13 RAM 5153/15599MB (lfb 12x4MB) CPU [100%@1984,100%@1984,100%@1984,100%@1984,100%@1984,100%@1984,100%@1984,100%@1984] GR3D_FREQ 99% cv0@74.281C/74.312C cpu@78.75C/78.906C soc2@71C/71.031C soc0@72.562C/72.562C cv1@73.218C/73.218C gpu@77.937C/78.062C tj@78.75C/78.75C soc1@70.406C/70.437C cv2@69.125C/69.187C VDD_IN 25764mW/24022mW/25805mW VDD_CPU_GPU_CV 16920mW/15757mW/17040mW VDD_SOC 3669mW/3490mW/3709mW
08-10-2026 21:56:13 RAM 5158/15599MB (lfb 12x4MB) CPU [100%@1984,100%@1984,100%@1984,100%@1984,100%@1984,100%@1984,100%@1984,100%@1984] GR3D_FREQ 99% cv0@74.281C/74.312C cpu@78.875C/78.906C soc2@71.125C/71.125C soc0@72.531C/72.562C cv1@73.218C/73.218C gpu@78.031C/78.062C tj@78.875C/78.875C soc1@70.468C/70.468C cv2@69.25C/69.25C VDD_IN 25805mW/24035mW/25805mW VDD_CPU_GPU_CV 16960mW/15766mW/17040mW VDD_SOC 3669mW/3492mW/3709mW
08-10-2026 21:56:14 RAM 5155/15599MB (lfb 12x4MB) CPU [100%@1984,100%@1984,100%@1984,100%@1984,100%@1984,100%@1984,100%@1984,100%@1984] GR3D_FREQ 99% cv0@74.281C/74.312C cpu@78.937C/78.937C soc2@71.125C/71.125C soc0@72.562C/72.562C cv1@73.218C/73.218C gpu@78.187C/78.187C tj@78.937C/78.937C soc1@70.406C/70.468C cv2@69.312C/69.312C VDD_IN 25845mW/24049mW/25845mW VDD_CPU_GPU_CV 17040mW/15776mW/17040mW VDD_SOC 3669mW/3493mW/3709mW
08-10-2026 21:56:14 RAM 5155/15599MB (lfb 12x4MB) CPU [100%@1984,100%@1984,100%@1984,100%@1984,100%@1984,100%@1984,100%@1984,100%@1984] GR3D_FREQ 99% cv0@74.437C/74.437C cpu@78.812C/78.937C soc2@71.125C/71.125C soc0@72.625C/72.625C cv1@73.25C/73.25C gpu@78.031C/78.187C tj@78.812C/78.937C soc1@70.468C/70.468C cv2@69.375C/69.375C VDD_IN 25805mW/24063mW/25845mW VDD_CPU_GPU_CV 17000mW/15785mW/17040mW VDD_SOC 3669mW/3495mW/3709mW
08-10-2026 21:56:15 RAM 5154/15599MB (lfb 12x4MB) CPU [100%@1984,100%@1984,100%@1984,100%@1984,100%@1984,100%@1984,100%@1984,100%@1984] GR3D_FREQ 99% cv0@74.5C/74.5C cpu@78.968C/78.968C soc2@71.125C/71.125C soc0@72.656C/72.656C cv1@73.218C/73.25C gpu@78.062C/78.187C tj@78.968C/78.968C soc1@70.468C/70.468C cv2@69.375C/69.375C VDD_IN 25764mW/24076mW/25845mW VDD_CPU_GPU_CV 17000mW/15794mW/17040mW VDD_SOC 3669mW/3496mW/3709mW
08-10-2026 21:56:15 RAM 5154/15599MB (lfb 12x4MB) CPU [100%@1984,100%@1984,100%@1984,100%@1984,100%@1984,100%@1984,100%@1984,100%@1984] GR3D_FREQ 99% cv0@74.5C/74.5C cpu@78.906C/78.968C soc2@71.218C/71.218C soc0@72.656C/72.656C cv1@73.25C/73.25C gpu@78.281C/78.281C tj@78.906C/78.968C soc1@70.593C/70.593C cv2@69.375C/69.375C VDD_IN 25684mW/24088mW/25845mW VDD_CPU_GPU_CV 16960mW/15803mW/17040mW VDD_SOC 3709mW/3497mW/3709mW
08-10-2026 21:56:16 RAM 5153/15599MB (lfb 12x4MB) CPU [100%@1984,100%@1984,100%@1984,100%@1984,100%@1984,100%@1984,100%@1984,100%@1984] GR3D_FREQ 99% cv0@74.656C/74.656C cpu@78.906C/78.968C soc2@71.125C/71.218C soc0@72.656C/72.656C cv1@73.343C/73.343C gpu@78.437C/78.437C tj@78.906C/78.968C soc1@70.531C/70.593C cv2@69.437C/69.437C VDD_IN 25764mW/24100mW/25845mW VDD_CPU_GPU_CV 17000mW/15812mW/17040mW VDD_SOC 3669mW/3499mW/3709mW
08-10-2026 21:56:16 RAM 5153/15599MB (lfb 12x4MB) CPU [100%@1984,100%@1984,100%@1984,100%@1984,100%@1984,100%@1984,100%@1984,100%@1984] GR3D_FREQ 99% cv0@74.625C/74.656C cpu@78.843C/78.968C soc2@71.187C/71.218C soc0@72.687C/72.687C cv1@73.281C/73.343C gpu@78.156C/78.437C tj@78.843C/78.968C soc1@70.531C/70.593C cv2@69.406C/69.437C VDD_IN 25805mW/24113mW/25845mW VDD_CPU_GPU_CV 17000mW/15821mW/17040mW VDD_SOC 3669mW/3500mW/3709mW
08-10-2026 21:56:17 RAM 5151/15599MB (lfb 12x4MB) CPU [100%@1984,100%@1984,100%@1984,100%@1984,100%@1984,100%@1984,100%@1984,100%@1984] GR3D_FREQ 99% cv0@74.5C/74.656C cpu@78.906C/78.968C soc2@71.25C/71.25C soc0@72.656C/72.687C cv1@73.312C/73.343C gpu@78.468C/78.468C tj@78.906C/78.968C soc1@70.625C/70.625C cv2@69.5C/69.5C VDD_IN 25805mW/24125mW/25845mW VDD_CPU_GPU_CV 17040mW/15830mW/17040mW VDD_SOC 3669mW/3501mW/3709mW
08-10-2026 21:56:17 RAM 5151/15599MB (lfb 12x4MB) CPU [100%@1984,100%@1984,100%@1984,100%@1984,100%@1984,100%@1984,100%@1984,100%@1984] GR3D_FREQ 99% cv0@74.593C/74.656C cpu@79.062C/79.062C soc2@71.406C/71.406C soc0@72.812C/72.812C cv1@73.468C/73.468C gpu@78.437C/78.468C tj@79.062C/79.062C soc1@70.656C/70.656C cv2@69.531C/69.531C VDD_IN 25886mW/24138mW/25886mW VDD_CPU_GPU_CV 17040mW/15839mW/17040mW VDD_SOC 3669mW/3502mW/3709mW
08-10-2026 21:56:18 RAM 5151/15599MB (lfb 12x4MB) CPU [100%@1984,100%@1984,100%@1984,100%@1984,100%@1984,100%@1984,100%@1984,100%@1984] GR3D_FREQ 99% cv0@74.562C/74.656C cpu@79.218C/79.218C soc2@71.375C/71.406C soc0@72.75C/72.812C cv1@73.5C/73.5C gpu@78.5C/78.5C tj@79.218C/79.218C soc1@70.625C/70.656C cv2@69.5C/69.531C VDD_IN 25805mW/24150mW/25886mW VDD_CPU_GPU_CV 16960mW/15847mW/17040mW VDD_SOC 3669mW/3504mW/3709mW
08-10-2026 21:56:18 RAM 5151/15599MB (lfb 12x4MB) CPU [100%@1984,100%@1984,100%@1984,100%@1984,100%@1984,100%@1984,100%@1984,100%@1984] GR3D_FREQ 99% cv0@74.656C/74.656C cpu@79.031C/79.218C soc2@71.343C/71.406C soc0@72.812C/72.812C cv1@73.375C/73.5C gpu@78.406C/78.5C tj@79.031C/79.218C soc1@70.593C/70.656C cv2@69.625C/69.625C VDD_IN 25845mW/24162mW/25886mW VDD_CPU_GPU_CV 17000mW/15855mW/17040mW VDD_SOC 3669mW/3505mW/3709mW
08-10-2026 21:56:19 RAM 5150/15599MB (lfb 12x4MB) CPU [100%@1984,100%@1984,100%@1984,100%@1984,100%@1984,100%@1984,100%@1984,100%@1984] GR3D_FREQ 99% cv0@74.718C/74.718C cpu@79.031C/79.218C soc2@71.281C/71.406C soc0@72.781C/72.812C cv1@73.468C/73.5C gpu@78.5C/78.5C tj@79.031C/79.218C soc1@70.562C/70.656C cv2@69.593C/69.625C VDD_IN 25805mW/24174mW/25886mW VDD_CPU_GPU_CV 16960mW/15863mW/17040mW VDD_SOC 3669mW/3506mW/3709mW
08-10-2026 21:56:19 RAM 5150/15599MB (lfb 12x4MB) CPU [100%@1984,100%@1984,100%@1984,100%@1984,100%@1984,100%@1984,100%@1984,100%@1984] GR3D_FREQ 99% cv0@74.906C/74.906C cpu@79.125C/79.218C soc2@71.343C/71.406C soc0@72.906C/72.906C cv1@73.437C/73.5C gpu@78.468C/78.5C tj@79.125C/79.218C soc1@70.718C/70.718C cv2@69.625C/69.625C VDD_IN 25966mW/24187mW/25966mW VDD_CPU_GPU_CV 17080mW/15872mW/17080mW VDD_SOC 3669mW/3507mW/3709mW
08-10-2026 21:56:20 RAM 5150/15599MB (lfb 12x4MB) CPU [100%@1984,100%@1984,100%@1984,100%@1984,100%@1984,100%@1984,100%@1984,100%@1984] GR3D_FREQ 99% cv0@74.781C/74.906C cpu@79.093C/79.218C soc2@71.406C/71.406C soc0@72.906C/72.906C cv1@73.5C/73.5C gpu@78.343C/78.5C tj@79.093C/79.218C soc1@70.718C/70.718C cv2@69.656C/69.656C VDD_IN 25805mW/24198mW/25966mW VDD_CPU_GPU_CV 17000mW/15880mW/17080mW VDD_SOC 3669mW/3508mW/3709mW
08-10-2026 21:56:20 RAM 5150/15599MB (lfb 12x4MB) CPU [100%@1984,100%@1984,100%@1984,100%@1984,100%@1984,100%@1984,100%@1984,100%@1984] GR3D_FREQ 99% cv0@74.718C/74.906C cpu@79.031C/79.218C soc2@71.312C/71.406C soc0@72.843C/72.906C cv1@73.5C/73.5C gpu@78.25C/78.5C tj@79.156C/79.218C soc1@70.875C/70.875C cv2@69.625C/69.656C VDD_IN 25684mW/24209mW/25966mW VDD_CPU_GPU_CV 16920mW/15887mW/17080mW VDD_SOC 3709mW/3510mW/3709mW
08-10-2026 21:56:21 RAM 5150/15599MB (lfb 12x4MB) CPU [100%@1984,100%@1984,100%@1984,100%@1984,100%@1984,100%@1984,100%@1984,100%@1984] GR3D_FREQ 99% cv0@74.718C/74.906C cpu@79.125C/79.218C soc2@71.406C/71.406C soc0@73.031C/73.031C cv1@73.468C/73.5C gpu@78.5C/78.5C tj@79.125C/79.218C soc1@70.843C/70.875C cv2@69.656C/69.656C VDD_IN 25724mW/24219mW/25966mW VDD_CPU_GPU_CV 16880mW/15894mW/17080mW VDD_SOC 3669mW/3511mW/3709mW
08-10-2026 21:56:21 RAM 5150/15599MB (lfb 12x4MB) CPU [100%@1984,100%@1984,100%@1984,100%@1984,100%@1984,100%@1984,100%@1984,100%@1984] GR3D_FREQ 99% cv0@74.687C/74.906C cpu@79.343C/79.343C soc2@71.406C/71.406C soc0@73C/73.031C cv1@73.656C/73.656C gpu@78.343C/78.5C tj@79.343C/79.343C soc1@70.781C/70.875C cv2@69.656C/69.656C VDD_IN 25764mW/24230mW/25966mW VDD_CPU_GPU_CV 16960mW/15901mW/17080mW VDD_SOC 3669mW/3512mW/3709mW
08-10-2026 21:56:22 RAM 5150/15599MB (lfb 12x4MB) CPU [100%@1984,100%@1984,100%@1984,100%@1984,100%@1984,100%@1984,100%@1984,100%@1984] GR3D_FREQ 99% cv0@74.75C/74.906C cpu@79.437C/79.437C soc2@71.406C/71.406C soc0@72.968C/73.031C cv1@73.718C/73.718C gpu@78.468C/78.5C tj@79.437C/79.437C soc1@70.781C/70.875C cv2@69.593C/69.656C VDD_IN 25764mW/24240mW/25966mW VDD_CPU_GPU_CV 17000mW/15909mW/17080mW VDD_SOC 3669mW/3513mW/3709mW
08-10-2026 21:56:22 RAM 5150/15599MB (lfb 12x4MB) CPU [100%@1984,100%@1984,100%@1984,100%@1984,100%@1984,100%@1984,100%@1984,100%@1984] GR3D_FREQ 99% cv0@74.937C/74.937C cpu@79.218C/79.437C soc2@71.562C/71.562C soc0@73.031C/73.031C cv1@73.562C/73.718C gpu@78.437C/78.5C tj@79.218C/79.437C soc1@70.75C/70.875C cv2@69.75C/69.75C VDD_IN 25724mW/24250mW/25966mW VDD_CPU_GPU_CV 16960mW/15916mW/17080mW VDD_SOC 3669mW/3514mW/3709mW
08-10-2026 21:56:23 RAM 5150/15599MB (lfb 12x4MB) CPU [100%@1984,100%@1984,100%@1984,100%@1984,100%@1984,100%@1984,100%@1984,100%@1984] GR3D_FREQ 99% cv0@75.031C/75.031C cpu@79.406C/79.437C soc2@71.5C/71.562C soc0@73.031C/73.031C cv1@73.593C/73.718C gpu@78.468C/78.5C tj@79.437C/79.437C soc1@70.781C/70.875C cv2@69.781C/69.781C VDD_IN 25845mW/24261mW/25966mW VDD_CPU_GPU_CV 17000mW/15923mW/17080mW VDD_SOC 3709mW/3515mW/3709mW
08-10-2026 21:56:23 RAM 4560/15599MB (lfb 12x4MB) CPU [100%@1984,100%@1984,100%@1984,100%@1984,100%@1984,100%@1984,100%@1984,100%@1984] GR3D_FREQ 99% cv0@75.093C/75.093C cpu@79.406C/79.437C soc2@71.5C/71.562C soc0@72.968C/73.031C cv1@73.625C/73.718C gpu@77.625C/78.5C tj@79.406C/79.437C soc1@71C/71C cv2@69.718C/69.781C VDD_IN 24390mW/24262mW/25966mW VDD_CPU_GPU_CV 15985mW/15924mW/17080mW VDD_SOC 3513mW/3515mW/3709mW
08-10-2026 21:56:24 RAM 2768/15599MB (lfb 62x4MB) CPU [100%@1984,100%@1984,100%@1984,100%@1984,100%@1984,100%@1984,100%@1984,100%@1984] GR3D_FREQ 99% cv0@74.843C/75.093C cpu@79.281C/79.437C soc2@71.437C/71.562C soc0@72.875C/73.031C cv1@73.656C/73.718C gpu@77.437C/78.5C tj@79.312C/79.437C soc1@70.843C/71C cv2@69.781C/69.781C VDD_IN 20742mW/24239mW/25966mW VDD_CPU_GPU_CV 13464mW/15907mW/17080mW VDD_SOC 3033mW/3512mW/3709mW
08-10-2026 21:56:24 RAM 3476/15599MB (lfb 62x4MB) CPU [100%@1984,100%@1984,100%@1984,98%@1984,100%@1984,100%@1984,100%@1984,100%@1984] GR3D_FREQ 99% cv0@74.937C/75.093C cpu@79.25C/79.437C soc2@71.343C/71.562C soc0@72.812C/73.031C cv1@73.625C/73.718C gpu@77.281C/78.5C tj@79.25C/79.437C soc1@70.968C/71C cv2@69.625C/69.781C VDD_IN 20174mW/24212mW/25966mW VDD_CPU_GPU_CV 12941mW/15888mW/17080mW VDD_SOC 3078mW/3509mW/3709mW
08-10-2026 21:56:25 RAM 3508/15599MB (lfb 62x4MB) CPU [100%@1984,100%@1984,98%@1984,100%@1984,100%@1984,100%@1984,100%@1984,100%@1984] GR3D_FREQ 99% cv0@74.843C/75.093C cpu@79.218C/79.437C soc2@71.156C/71.562C soc0@72.75C/73.031C cv1@73.75C/73.75C gpu@76.937C/78.5C tj@79.218C/79.437C soc1@70.937C/71C cv2@69.625C/69.781C VDD_IN 19273mW/24179mW/25966mW VDD_CPU_GPU_CV 12640mW/15866mW/17080mW VDD_SOC 2835mW/3505mW/3709mW
08-10-2026 21:56:25 RAM 3546/15599MB (lfb 62x4MB) CPU [100%@1984,100%@1984,100%@1984,100%@1984,100%@1984,100%@1984,100%@1984,100%@1984] GR3D_FREQ 99% cv0@74.75C/75.093C cpu@79.406C/79.437C soc2@71.156C/71.562C soc0@72.718C/73.031C cv1@73.562C/73.75C gpu@77.062C/78.5C tj@79.406C/79.437C soc1@70.875C/71C cv2@69.562C/69.781C VDD_IN 18746mW/24144mW/25966mW VDD_CPU_GPU_CV 12519mW/15844mW/17080mW VDD_SOC 2673mW/3499mW/3709mW
08-10-2026 21:56:26 RAM 3577/15599MB (lfb 62x4MB) CPU [100%@1984,100%@1984,100%@1984,100%@1984,100%@1984,100%@1984,100%@1984,100%@1984] GR3D_FREQ 99% cv0@74.625C/75.093C cpu@79.031C/79.437C soc2@71.187C/71.562C soc0@72.812C/73.031C cv1@73.562C/73.75C gpu@76.75C/78.5C tj@79.031C/79.437C soc1@70.781C/71C cv2@69.437C/69.781C VDD_IN 18583mW/24108mW/25966mW VDD_CPU_GPU_CV 12479mW/15822mW/17080mW VDD_SOC 2592mW/3494mW/3709mW
08-10-2026 21:56:26 RAM 3761/15599MB (lfb 62x4MB) CPU [100%@1984,100%@1984,100%@1984,100%@1984,100%@1984,100%@1984,100%@1984,100%@1984] GR3D_FREQ 99% cv0@74.781C/75.093C cpu@79.093C/79.437C soc2@71.125C/71.562C soc0@72.656C/73.031C cv1@73.437C/73.75C gpu@76.75C/78.5C tj@79.093C/79.437C soc1@70.718C/71C cv2@69.531C/69.781C VDD_IN 18583mW/24072mW/25966mW VDD_CPU_GPU_CV 12479mW/15801mW/17080mW VDD_SOC 2592mW/3488mW/3709mW
08-10-2026 21:56:27 RAM 5107/15599MB (lfb 12x4MB) CPU [100%@1984,100%@1984,100%@1984,100%@1984,100%@1984,100%@1984,100%@1984,100%@1984] GR3D_FREQ 99% cv0@74.843C/75.093C cpu@79.187C/79.437C soc2@71.125C/71.562C soc0@72.718C/73.031C cv1@73.468C/73.75C gpu@76.812C/78.5C tj@79.187C/79.437C soc1@70.718C/71C cv2@69.5C/69.781C VDD_IN 19972mW/24046mW/25966mW VDD_CPU_GPU_CV 12720mW/15781mW/17080mW VDD_SOC 3078mW/3485mW/3709mW
08-10-2026 21:56:28 RAM 5148/15599MB (lfb 12x4MB) CPU [100%@1984,100%@1984,90%@1984,100%@1984,100%@1984,100%@1984,100%@1984,100%@1984] GR3D_FREQ 99% cv0@74.593C/75.093C cpu@79.031C/79.437C soc2@71.156C/71.562C soc0@72.687C/73.031C cv1@73.375C/73.75C gpu@78.031C/78.5C tj@79.062C/79.437C soc1@70.687C/71C cv2@69.437C/69.781C VDD_IN 23702mW/24044mW/25966mW VDD_CPU_GPU_CV 15504mW/15779mW/17080mW VDD_SOC 3473mW/3485mW/3709mW
08-10-2026 21:56:28 RAM 5148/15599MB (lfb 12x4MB) CPU [100%@1984,100%@1984,100%@1984,100%@1984,100%@1984,100%@1984,100%@1984,100%@1984] GR3D_FREQ 99% cv0@74.625C/75.093C cpu@78.968C/79.437C soc2@71.312C/71.562C soc0@72.718C/73.031C cv1@73.375C/73.75C gpu@78.218C/78.5C tj@78.968C/79.437C soc1@70.718C/71C cv2@69.5C/69.781C VDD_IN 25038mW/24050mW/25966mW VDD_CPU_GPU_CV 16440mW/15784mW/17080mW VDD_SOC 3628mW/3486mW/3709mW
08-10-2026 21:56:29 RAM 5148/15599MB (lfb 12x4MB) CPU [100%@1984,100%@1984,100%@1984,100%@1984,100%@1984,100%@1984,100%@1984,100%@1984] GR3D_FREQ 99% cv0@74.687C/75.093C cpu@79.031C/79.437C soc2@71.343C/71.562C soc0@72.75C/73.031C cv1@73.437C/73.75C gpu@78.437C/78.5C tj@79.031C/79.437C soc1@70.875C/71C cv2@69.593C/69.781C VDD_IN 25482mW/24059mW/25966mW VDD_CPU_GPU_CV 16800mW/15790mW/17080mW VDD_SOC 3669mW/3487mW/3709mW
08-10-2026 21:56:29 RAM 5149/15599MB (lfb 12x4MB) CPU [100%@1984,76%@1984,76%@1984,76%@1984,80%@729,78%@729,76%@729,78%@729] GR3D_FREQ 99% cv0@73.25C/75.093C cpu@77.5C/79.437C soc2@71.187C/71.562C soc0@72.812C/73.031C cv1@73.156C/73.75C gpu@80.156C/80.156C tj@80.156C/80.156C soc1@70.875C/71C cv2@69.562C/69.781C VDD_IN 26933mW/24077mW/26933mW VDD_CPU_GPU_CV 17372mW/15800mW/17372mW VDD_SOC 4025mW/3490mW/4025mW
08-10-2026 21:56:30 RAM 5149/15599MB (lfb 12x4MB) CPU [100%@1984,0%@1984,0%@1984,0%@1984,0%@729,0%@729,0%@729,0%@729] GR3D_FREQ 99% cv0@72.875C/75.093C cpu@77.187C/79.437C soc2@71.25C/71.562C soc0@73.093C/73.093C cv1@72.781C/73.75C gpu@81.812C/81.812C tj@81.812C/81.812C soc1@70.75C/71C cv2@69.468C/69.781C VDD_IN 30988mW/24120mW/30988mW VDD_CPU_GPU_CV 19474mW/15823mW/19474mW VDD_SOC 4903mW/3499mW/4903mW
08-10-2026 21:56:30 RAM 5149/15599MB (lfb 12x4MB) CPU [100%@1984,0%@1984,0%@1984,0%@1984,0%@729,0%@729,0%@729,0%@729] GR3D_FREQ 99% cv0@73.031C/75.093C cpu@77.062C/79.437C soc2@71.406C/71.562C soc0@73.187C/73.187C cv1@72.718C/73.75C gpu@82.312C/82.312C tj@82.312C/82.312C soc1@70.75C/71C cv2@69.625C/69.781C VDD_IN 32193mW/24170mW/32193mW VDD_CPU_GPU_CV 20030mW/15849mW/20030mW VDD_SOC 5176mW/3510mW/5176mW
08-10-2026 21:56:31 RAM 5149/15599MB (lfb 12x4MB) CPU [100%@1984,0%@1984,0%@1984,0%@1984,2%@729,0%@729,0%@729,0%@729] GR3D_FREQ 99% cv0@73.187C/75.093C cpu@77.156C/79.437C soc2@71.468C/71.562C soc0@73.281C/73.281C cv1@72.781C/73.75C gpu@83.062C/83.062C tj@83.062C/83.062C soc1@70.718C/71C cv2@69.625C/69.781C VDD_IN 32555mW/24221mW/32555mW VDD_CPU_GPU_CV 20269mW/15876mW/20269mW VDD_SOC 5256mW/3520mW/5256mW
