t_s,phase,nvpmodel,cpu_max_mhz,tj_c,cpu_c,gpu_c,fan_rpm,fan_pwm,cpu_mhz,gpu_mhz,vdd_in_mw,cpu_gpu_mw,soc_mw
0,idle,2,1728,46,45,45,6266,255,1728,1020,7384,2150,2312
10,idle,2,1728,46,45,45,6279,255,1728,1020,6461,1460,2235
20,idle,2,1728,46,45,45,6265,255,1728,1020,6421,1460,2235
30,idle,2,1728,46,44,44,6266,255,1728,1020,6502,1460,2316
40,idle,2,1728,45,44,44,6266,255,1728,1020,6421,1460,2235
50,idle,2,1728,45,44,44,6266,255,1728,1020,6461,1460,2235
60,idle,2,1728,45,44,44,6266,255,1728,1020,6502,1460,2316
70,idle,2,1728,45,44,44,6251,255,1728,1020,6502,1460,2316
80,idle,2,1728,45,44,44,6251,255,1728,1020,6624,1582,2275
90,idle,2,1728,45,44,44,6251,255,1728,1020,6502,1460,2316
100,idle,2,1728,45,43,44,6251,255,1728,1020,6502,1460,2316
110,idle,2,1728,45,43,43,6250,255,1728,1020,6421,1460,2235
120,load,2,1728,47,47,46,6250,255,1728,1020,19393,7544,5072
130,load,2,1728,49,49,48,6251,255,1728,1020,19595,7624,5152
140,load,2,1728,51,50,50,6252,255,1728,1020,19595,7624,5152
151,load,2,1728,52,52,52,6253,255,1728,1020,19644,7664,5152
161,load,2,1728,53,54,53,6254,255,1728,1020,19635,7584,5152
171,load,2,1728,55,55,54,6255,255,1728,1020,19564,7584,5072
181,load,2,1728,55,56,55,6257,255,1728,1020,19564,7624,5072
191,load,2,1728,56,56,56,6271,255,1728,1020,19685,7664,5112
201,load,2,1728,57,57,56,6258,255,1728,1020,19604,7624,5112
212,load,2,1728,58,58,57,6258,255,1728,1020,19725,7664,5152
222,load,2,1728,58,58,58,6259,255,1728,1020,19725,7664,5152
232,load,2,1728,59,59,58,6260,255,1728,1020,19685,7664,5152
242,load,2,1728,59,60,59,6261,255,1728,1020,19725,7664,5152
252,load,2,1728,60,60,59,6262,255,1728,1020,19765,7704,5193
263,load,2,1728,60,60,60,6262,255,1728,1020,19805,7704,5193
273,load,2,1728,61,61,60,6262,255,1728,1020,19805,7704,5193
283,load,2,1728,61,61,60,6262,255,1728,1020,19805,7692,5193
293,load,2,1728,61,61,61,6249,255,1728,1020,19765,7692,5152
303,load,2,1728,61,62,61,6264,255,1728,1020,19805,7692,5152
313,load,2,1728,62,62,61,6251,255,1728,1020,19886,7732,5193
324,load,2,1728,62,62,61,6264,255,1728,1020,19846,7732,5193
334,load,2,1728,62,62,62,6279,255,1728,1020,19846,7732,5152
344,load,2,1728,62,62,62,6251,255,1728,1020,19886,7732,5193
354,load,2,1728,62,62,62,6252,255,1728,1020,19926,7772,5193
364,load,2,1728,63,63,62,6266,255,1728,1020,19926,7732,5193
374,load,2,1728,63,63,63,6266,255,1728,1020,19886,7772,5193
385,load,2,1728,63,63,63,6266,255,1728,1020,19886,7772,5193
395,load,2,1728,63,63,63,6266,255,1728,1020,19926,7772,5233
405,load,2,1728,63,63,63,6266,255,1728,1020,19926,7772,5193
415,load,2,1728,63,63,63,6267,255,1728,1020,19886,7732,5193
425,load,2,1728,63,63,63,6253,255,1728,1020,19926,7732,5193
436,load,2,1728,64,64,63,6267,255,1728,1020,19966,7772,5233
446,load,2,1728,64,64,63,6267,255,1728,1020,19966,7772,5193
456,load,2,1728,64,64,63,6253,255,1728,1020,19966,7772,5193
466,load,2,1728,64,64,63,6268,255,1728,1020,19966,7772,5193
476,load,2,1728,64,64,64,6269,255,1728,1020,20007,7772,5193
486,load,2,1728,64,64,64,6268,255,1728,1020,20007,7772,5193
497,load,2,1728,64,64,64,6269,255,1728,1020,20007,7812,5233
507,load,2,1728,64,64,64,6270,255,1728,1020,20007,7812,5193
517,load,2,1728,64,64,64,6270,255,1728,1020,19966,7772,5193
527,load,2,1728,64,65,64,6284,255,1728,1020,20007,7772,5233
537,load,2,1728,65,65,64,6283,255,1728,1020,19966,7772,5233
547,load,2,1728,65,65,64,6283,255,1728,1020,20007,7772,5233
558,load,2,1728,65,65,64,6270,255,1728,1020,20047,7812,5233
568,load,2,1728,65,65,65,6270,255,1728,1020,19966,7772,5233
578,load,2,1728,65,65,65,6284,255,1728,1020,19966,7772,5233
588,load,2,1728,65,65,64,6285,255,1728,1020,20007,7812,5224
598,load,2,1728,65,65,65,6271,255,1728,1020,20007,7812,5233
609,load,2,1728,65,65,65,6271,255,1728,1020,19966,7772,5193
619,load,2,1728,65,65,65,6272,255,1728,1020,20007,7772,5193
629,load,2,1728,65,65,65,6258,255,1728,1020,20047,7812,5233
639,load,2,1728,65,65,65,6270,255,1728,1020,20007,7812,5233
649,load,2,1728,65,65,65,6271,255,1728,1020,20047,7812,5233
659,load,2,1728,65,66,65,6272,255,1728,1020,20007,7772,5233
670,load,2,1728,66,66,65,6272,255,1728,1020,20087,7812,5224
680,load,2,1728,66,66,65,6258,255,1728,1020,20087,7852,5233
690,load,2,1728,66,66,65,6272,255,1728,1020,20047,7812,5233
700,load,2,1728,66,66,65,6272,255,1728,1020,20047,7852,5233
710,load,2,1728,66,66,65,6259,255,1728,1020,20047,7812,5233
720,load,2,1728,66,66,65,6272,255,1728,1020,20047,7772,5233
731,load,2,1728,66,66,66,6258,255,1728,1020,20047,7812,5233
741,load,2,1728,66,66,66,6258,255,1728,1020,20087,7812,5233
751,load,2,1728,66,66,66,6258,255,1728,1020,20047,7812,5224
761,load,2,1728,66,66,66,6258,255,1728,1020,20047,7812,5233
771,load,2,1728,66,66,65,6258,255,1728,1020,20087,7852,5233
782,load,2,1728,66,66,65,6258,255,1728,1020,20047,7812,5273
792,load,2,1728,66,66,65,6272,255,1728,1020,20047,7812,5265
802,load,2,1728,66,66,65,6258,255,1728,1020,20087,7852,5265
812,load,2,1728,66,66,65,6243,255,1728,1020,20007,7812,5233
822,load,2,1728,66,66,65,6257,255,1728,1020,20047,7812,5184
832,load,2,1728,66,66,65,6256,255,1728,1020,20047,7852,5224
843,load,2,1728,66,66,65,6257,255,1728,1020,20047,7812,5224
853,load,2,1728,66,66,65,6242,255,1728,1020,20047,7812,5233
863,load,2,1728,66,66,65,6257,255,1728,1020,20087,7812,5193
873,load,2,1728,66,66,65,6270,255,1728,1020,20087,7812,5233
883,load,2,1728,66,66,65,6256,255,1728,1020,20087,7852,5224
893,load,2,1728,66,65,65,6255,255,1728,1020,20087,7852,5233
904,load,2,1728,65,66,65,6256,255,1728,1020,20047,7812,5233
914,load,2,1728,66,66,65,6255,255,1728,1020,19926,7772,5193
924,load,2,1728,66,66,65,6255,255,1728,1020,20087,7812,5233
934,load,2,1728,66,65,65,6256,255,1728,1020,20087,7812,5224
944,load,2,1728,65,66,65,6256,255,1728,1020,20047,7812,5224
955,load,2,1728,66,65,65,6255,255,1728,1020,20047,7812,5224
965,load,2,1728,65,66,65,6256,255,1728,1020,20087,7812,5233
975,load,2,1728,65,65,65,6270,255,1728,1020,20047,7812,5233
985,load,2,1728,65,65,65,6256,255,1728,1020,20087,7852,5233
995,load,2,1728,65,66,65,6256,255,1728,1020,20087,7852,5224
1005,load,2,1728,66,66,65,6256,255,1728,1020,20007,7812,5233
1016,load,2,1728,65,66,65,6256,255,1728,1020,20007,7812,5224
1026,load,2,1728,66,66,65,6270,255,1728,1020,20007,7812,5224
1036,load,2,1728,66,66,65,6270,255,1728,1020,20047,7812,5224
1046,load,2,1728,66,66,65,6257,255,1728,1020,20087,7852,5265
1056,load,2,1728,66,66,65,6257,255,1728,1020,20047,7812,5224
1066,load,2,1728,66,66,65,6258,255,1728,1020,20047,7812,5233
1077,load,2,1728,66,66,65,6271,255,1728,1020,20087,7852,5233
1087,load,2,1728,66,66,65,6257,255,1728,1020,20087,7852,5233
1097,load,2,1728,66,66,65,6258,255,1728,1020,20007,7812,5233
1107,load,2,1728,66,66,65,6258,255,1728,1020,20047,7812,5233
1117,load,2,1728,66,66,65,6258,255,1728,1020,20087,7852,5233
1128,load,2,1728,66,66,65,6259,255,1728,1020,20047,7812,5233
1138,load,2,1728,66,66,66,6272,255,1728,1020,20087,7852,5224
1148,load,2,1728,66,66,66,6272,255,1728,1020,20087,7812,5233
1158,load,2,1728,66,66,66,6258,255,1728,1020,20047,7852,5193
1168,load,2,1728,66,66,66,6259,255,1728,1020,20128,7852,5233
1178,load,2,1728,66,66,66,6258,255,1728,1020,20087,7852,5224
1189,load,2,1728,66,66,66,6258,255,1728,1020,20087,7852,5233
1199,load,2,1728,66,66,66,6259,255,1728,1020,20087,7852,5233
1209,load,2,1728,66,66,65,6272,255,1728,1020,20128,7852,5224
1219,load,2,1728,66,66,66,6258,255,1728,1020,20087,7852,5265
1229,load,2,1728,66,66,66,6258,255,1728,1020,20128,7852,5265
1240,load,2,1728,66,66,66,6258,255,1728,1020,20087,7852,5265
1250,load,2,1728,66,66,66,6272,255,1728,1020,20087,7852,5265
1260,load,2,1728,66,66,66,6258,255,1728,1020,20087,7852,5265
1270,load,2,1728,66,66,66,6272,255,1728,1020,20128,7852,5265
1280,load,2,1728,66,66,66,6272,255,1728,1020,20128,7852,5224
1290,load,2,1728,66,66,65,6271,255,1728,1020,20087,7852,5224
1301,load,2,1728,66,66,65,6271,255,1728,1020,20087,7852,5233
1311,load,2,1728,66,66,66,6271,255,1728,1020,20087,7852,5224
1321,load,2,1728,66,66,66,6284,255,1728,1020,20047,7852,5265
1331,load,2,1728,66,66,66,6284,255,1728,1020,20047,7852,5265
1341,load,2,1728,66,66,66,6270,255,1728,1020,20007,7812,5224
1351,load,2,1728,66,66,65,6284,255,1728,1020,20047,7852,5265
1362,load,2,1728,66,66,65,6270,255,1728,1020,20047,7812,5224
1372,load,2,1728,66,66,65,6296,255,1728,1020,20047,7812,5224
1382,load,2,1728,66,66,65,6269,255,1728,1020,20087,7852,5265
1392,load,2,1728,66,66,65,6268,255,1728,1020,20047,7812,5224
1402,load,2,1728,66,66,65,6283,255,1728,1020,20087,7812,5224
1413,load,2,1728,66,65,65,6269,255,1728,1020,20087,7852,5265
1423,load,2,1728,65,66,65,6269,255,1728,1020,20087,7852,5265
1433,load,2,1728,65,66,65,6283,255,1728,1020,20047,7812,5224
1443,load,2,1728,65,66,65,6269,255,1728,1020,20087,7812,5224
1453,load,2,1728,65,66,65,6268,255,1728,1020,20087,7852,5233
1463,load,2,1728,66,65,65,6269,255,1728,1020,20087,7812,5233
1474,load,2,1728,66,65,65,6283,255,1728,1020,20168,7852,5224
1484,load,2,1728,66,66,65,6269,255,1728,1020,20128,7852,5233
1494,load,2,1728,66,66,65,6282,255,1728,1020,20047,7812,5233
1504,load,2,1728,66,66,65,6283,255,1728,1020,20087,7852,5224
1514,load,2,1728,66,66,65,6269,255,1728,1020,20087,7812,5233
1524,load,2,1728,65,66,65,6270,255,1728,1020,20128,7852,5224
1535,load,2,1728,66,65,65,6270,255,1728,1020,20168,7852,5224
1545,load,2,1728,66,66,65,6270,255,1728,1020,20087,7852,5265
1555,load,2,1728,66,66,65,6269,255,1728,1020,20087,7852,5265
1565,load,2,1728,66,66,65,6270,255,1728,1020,20087,7852,5265
1575,load,2,1728,66,66,65,6270,255,1728,1020,20087,7852,5265
1586,load,2,1728,66,66,65,6271,255,1728,1020,20128,7852,5224
1596,load,2,1728,66,66,65,6272,255,1728,1020,20128,7852,5233
1606,load,2,1728,66,66,66,6272,255,1728,1020,20128,7852,5224
1616,load,2,1728,66,66,66,6271,255,1728,1020,20007,7812,5233
1626,load,2,1728,66,66,66,6271,255,1728,1020,20128,7852,5224
1636,load,2,1728,66,66,65,6258,255,1728,1020,20128,7852,5233
1647,load,2,1728,66,66,66,6258,255,1728,1020,20128,7892,5265
1657,load,2,1728,66,66,66,6272,255,1728,1020,20128,7892,5265
1667,load,2,1728,67,66,66,6273,255,1728,1020,20128,7892,5265
1677,load,2,1728,66,66,66,6259,255,1728,1020,20128,7892,5265
1687,load,2,1728,66,66,66,6272,255,1728,1020,20007,7772,5224
1697,load,2,1728,66,66,66,6273,255,1728,1020,20007,7772,5233
1708,load,2,1728,66,66,66,6272,255,1728,1020,20047,7812,5233
1718,load,2,1728,66,66,66,6259,255,1728,1020,20047,7812,5233
1728,load,2,1728,66,66,66,6259,255,1728,1020,20047,7812,5233
1738,load,2,1728,66,66,66,6258,255,1728,1020,20007,7772,5224
1748,load,2,1728,66,67,66,6260,255,1728,1020,20047,7812,5265
1759,load,2,1728,67,67,66,6275,255,1728,1020,20007,7772,5224
1769,load,2,1728,67,67,66,6260,255,1728,1020,20047,7812,5265
1779,load,2,1728,67,67,66,6260,255,1728,1020,20087,7812,5224
1789,load,2,1728,67,67,66,6245,255,1728,1020,20047,7812,5224
1799,load,2,1728,67,67,66,6259,255,1728,1020,20087,7812,5233
1809,load,2,1728,67,67,66,6260,255,1728,1020,20087,7812,5224
1820,load,2,1728,67,67,66,6260,255,1728,1020,20087,7812,5224
1830,load,2,1728,67,67,66,6258,255,1728,1020,20128,7852,5224
1840,load,2,1728,67,67,66,6258,255,1728,1020,20087,7812,5224
1850,load,2,1728,67,67,66,6258,255,1728,1020,20047,7812,5224
1860,load,2,1728,67,67,66,6257,255,1728,1020,20087,7812,5224
1870,load,2,1728,67,67,66,6257,255,1728,1020,20047,7812,5233
1881,load,2,1728,67,67,66,6258,255,1728,1020,20047,7772,5233
1891,load,2,1728,67,66,66,6257,255,1728,1020,20087,7852,5233
1901,load,2,1728,67,66,66,6257,255,1728,1020,20007,7812,5233
1911,load,2,1728,67,66,66,6258,255,1728,1020,20087,7812,5224
1920,cool,2,1728,64,63,63,6257,255,1728,1020,6938,1704,2393
1930,cool,2,1728,62,61,61,6270,255,1728,1020,6735,1582,2353
1941,cool,2,1728,60,59,59,6269,255,1728,1020,6654,1541,2312
1951,cool,2,1728,59,58,58,6253,255,1728,1020,6613,1541,2312
1961,cool,2,1728,57,56,56,6252,255,1728,1020,6624,1541,2275
1971,cool,2,1728,56,55,55,6251,255,1728,1020,6583,1501,2275
1981,cool,2,1728,55,54,54,6264,255,1728,1020,6543,1501,2275
1991,cool,2,1728,54,53,53,6264,255,1728,1020,6543,1501,2275
2001,cool,2,1728,53,52,52,6249,255,1728,1020,6543,1501,2275
2011,cool,2,1728,52,51,51,6262,255,1728,1020,6543,1501,2275
2021,cool,2,1728,52,50,50,6262,255,1728,1020,6543,1501,2275
2031,cool,2,1728,51,50,50,6260,255,1728,1020,6543,1501,2275
2041,cool,2,1728,50,49,49,6246,255,1728,1020,6502,1501,2275
2051,cool,2,1728,50,49,49,6260,255,1728,1020,6502,1501,2275
2061,cool,2,1728,49,48,48,6258,255,1728,1020,6502,1501,2275
2071,cool,2,1728,49,48,48,6258,255,1728,1020,6502,1460,2275
2081,cool,2,1728,49,47,47,6258,255,1728,1020,6502,1460,2275
2091,cool,2,1728,48,47,47,6257,255,1728,1020,6461,1460,2275
