family,task,run,wall_s,peak_ram_mib,avg_curr_ma,peak_curr_ma,exit_code,output_ok,stdout_tail,stderr_tail
bs_roformer,sep,1,18.8,2716,3521.4,3960,0,True,family=bs_roformer | task=sep | mode=offline | audio_out[vocals]=/home/orinnx/bench_out/bs_roformer_1_stems/vocals.wav | audio_out[instrumental]=/home/orinnx/bench_out/bs_roformer_1_stems/instrumental.wav | ,"[warning][model_spec] GGUF for family 'bs_roformer' embeds a legacy model spec. Using the current schema-v1 model contract from the installed audio.cpp runtime for option validation. Regenerate the GGUF to make the package fully standalone. | ggml_cuda_init: found 1 CUDA devices (Total VRAM: 15598 MiB): |   Device 0: Orin, compute capability 8.7, VMM: yes, VRAM: 15598 MiB | ggml_backend_cuda_graph_compute: CUDA graph warmup complete | "
bs_roformer,sep,2,18.68,2749,3601.5,3992,0,True,family=bs_roformer | task=sep | mode=offline | audio_out[vocals]=/home/orinnx/bench_out/bs_roformer_2_stems/vocals.wav | audio_out[instrumental]=/home/orinnx/bench_out/bs_roformer_2_stems/instrumental.wav | ,"[warning][model_spec] GGUF for family 'bs_roformer' embeds a legacy model spec. Using the current schema-v1 model contract from the installed audio.cpp runtime for option validation. Regenerate the GGUF to make the package fully standalone. | ggml_cuda_init: found 1 CUDA devices (Total VRAM: 15598 MiB): |   Device 0: Orin, compute capability 8.7, VMM: yes, VRAM: 15598 MiB | ggml_backend_cuda_graph_compute: CUDA graph warmup complete | "
bs_roformer,sep,3,18.49,2807,3640.7,4008,0,True,family=bs_roformer | task=sep | mode=offline | audio_out[vocals]=/home/orinnx/bench_out/bs_roformer_3_stems/vocals.wav | audio_out[instrumental]=/home/orinnx/bench_out/bs_roformer_3_stems/instrumental.wav | ,"[warning][model_spec] GGUF for family 'bs_roformer' embeds a legacy model spec. Using the current schema-v1 model contract from the installed audio.cpp runtime for option validation. Regenerate the GGUF to make the package fully standalone. | ggml_cuda_init: found 1 CUDA devices (Total VRAM: 15598 MiB): |   Device 0: Orin, compute capability 8.7, VMM: yes, VRAM: 15598 MiB | ggml_backend_cuda_graph_compute: CUDA graph warmup complete | "
chatterbox,clon,1,8.97,4295,2807.0,3616,0,True,family=chatterbox | task=clon | mode=offline | audio_out=/home/orinnx/bench_out/chatterbox_1.wav | ,"ggml_cuda_init: found 1 CUDA devices (Total VRAM: 15598 MiB): |   Device 0: Orin, compute capability 8.7, VMM: yes, VRAM: 15598 MiB | ggml_backend_cuda_graph_compute: CUDA graph warmup complete | ggml_backend_cuda_graph_compute: CUDA graph warmup complete | ggml_backend_cuda_graph_compute: CUDA graph warmup complete | ggml_backend_cuda_graph_compute: CUDA graph warmup complete | "
chatterbox,clon,2,9.46,4403,2919.2,3624,0,True,family=chatterbox | task=clon | mode=offline | audio_out=/home/orinnx/bench_out/chatterbox_2.wav | ,"ggml_cuda_init: found 1 CUDA devices (Total VRAM: 15598 MiB): |   Device 0: Orin, compute capability 8.7, VMM: yes, VRAM: 15598 MiB | ggml_backend_cuda_graph_compute: CUDA graph warmup complete | ggml_backend_cuda_graph_compute: CUDA graph warmup complete | ggml_backend_cuda_graph_compute: CUDA graph warmup complete | ggml_backend_cuda_graph_compute: CUDA graph warmup complete | "
chatterbox,clon,3,9.67,4569,2894.4,3640,0,True,family=chatterbox | task=clon | mode=offline | audio_out=/home/orinnx/bench_out/chatterbox_3.wav | ,"ggml_cuda_init: found 1 CUDA devices (Total VRAM: 15598 MiB): |   Device 0: Orin, compute capability 8.7, VMM: yes, VRAM: 15598 MiB | ggml_backend_cuda_graph_compute: CUDA graph warmup complete | ggml_backend_cuda_graph_compute: CUDA graph warmup complete | ggml_backend_cuda_graph_compute: CUDA graph warmup complete | ggml_backend_cuda_graph_compute: CUDA graph warmup complete | "
citrinet_asr,asr,1,0.39,2934,1330.0,1432,0,True,family=citrinet_asr | task=asr | mode=offline | text_output=some call me nature others call me mother nature i've been here for over four point five billion years twenty two thousand five hundred times longer than you | text_out=/home/orinnx/bench_out/citrinet_asr_1.txt | ,"ggml_cuda_init: found 1 CUDA devices (Total VRAM: 15598 MiB): |   Device 0: Orin, compute capability 8.7, VMM: yes, VRAM: 15598 MiB | "
citrinet_asr,asr,2,0.38,2984,1584.0,1624,0,True,family=citrinet_asr | task=asr | mode=offline | text_output=some call me nature others call me mother nature i've been here for over four point five billion years twenty two thousand five hundred times longer than you | text_out=/home/orinnx/bench_out/citrinet_asr_2.txt | ,"ggml_cuda_init: found 1 CUDA devices (Total VRAM: 15598 MiB): |   Device 0: Orin, compute capability 8.7, VMM: yes, VRAM: 15598 MiB | "
citrinet_asr,asr,3,0.38,3100,1656.0,1672,0,True,family=citrinet_asr | task=asr | mode=offline | text_output=some call me nature others call me mother nature i've been here for over four point five billion years twenty two thousand five hundred times longer than you | text_out=/home/orinnx/bench_out/citrinet_asr_3.txt | ,"ggml_cuda_init: found 1 CUDA devices (Total VRAM: 15598 MiB): |   Device 0: Orin, compute capability 8.7, VMM: yes, VRAM: 15598 MiB | "
dots_tts,tts,1,17.28,6278,2949.4,3976,0,True,family=dots_tts | task=tts | mode=offline | audio_out=/home/orinnx/bench_out/dots_tts_1.wav | ,aph warmup complete | ggml_backend_cuda_graph_compute: CUDA graph warmup complete | ggml_backend_cuda_graph_compute: CUDA graph warmup complete | ggml_backend_cuda_graph_compute: CUDA graph warmup complete | ggml_backend_cuda_graph_compute: CUDA graph warmup complete | ggml_backend_cuda_graph_compute: CUDA graph warmup complete | ggml_backend_cuda_graph_compute: CUDA graph warmup complete | ggml_backend_cuda_graph_compute: CUDA graph warmup complete | ggml_backend_cuda_graph_compute: CUDA graph warmup complete | 
dots_tts,tts,2,17.43,6282,2976.0,4008,0,True,family=dots_tts | task=tts | mode=offline | audio_out=/home/orinnx/bench_out/dots_tts_2.wav | ,aph warmup complete | ggml_backend_cuda_graph_compute: CUDA graph warmup complete | ggml_backend_cuda_graph_compute: CUDA graph warmup complete | ggml_backend_cuda_graph_compute: CUDA graph warmup complete | ggml_backend_cuda_graph_compute: CUDA graph warmup complete | ggml_backend_cuda_graph_compute: CUDA graph warmup complete | ggml_backend_cuda_graph_compute: CUDA graph warmup complete | ggml_backend_cuda_graph_compute: CUDA graph warmup complete | ggml_backend_cuda_graph_compute: CUDA graph warmup complete | 
dots_tts,tts,3,17.32,6318,2995.3,4008,0,True,family=dots_tts | task=tts | mode=offline | audio_out=/home/orinnx/bench_out/dots_tts_3.wav | ,aph warmup complete | ggml_backend_cuda_graph_compute: CUDA graph warmup complete | ggml_backend_cuda_graph_compute: CUDA graph warmup complete | ggml_backend_cuda_graph_compute: CUDA graph warmup complete | ggml_backend_cuda_graph_compute: CUDA graph warmup complete | ggml_backend_cuda_graph_compute: CUDA graph warmup complete | ggml_backend_cuda_graph_compute: CUDA graph warmup complete | ggml_backend_cuda_graph_compute: CUDA graph warmup complete | ggml_backend_cuda_graph_compute: CUDA graph warmup complete | 
fish_audio,tts,1,25.42,9687,3037.8,3848,0,True,family=fish_audio | task=tts | mode=offline | audio_out=/home/orinnx/bench_out/fish_audio_1.wav | ,"ggml_cuda_init: found 1 CUDA devices (Total VRAM: 15598 MiB): |   Device 0: Orin, compute capability 8.7, VMM: yes, VRAM: 15598 MiB | ggml_backend_cuda_graph_compute: CUDA graph warmup complete | ggml_backend_cuda_graph_compute: CUDA graph warmup complete | "
fish_audio,tts,2,28.95,9617,3225.7,3920,0,True,family=fish_audio | task=tts | mode=offline | audio_out=/home/orinnx/bench_out/fish_audio_2.wav | ,"ggml_cuda_init: found 1 CUDA devices (Total VRAM: 15598 MiB): |   Device 0: Orin, compute capability 8.7, VMM: yes, VRAM: 15598 MiB | ggml_backend_cuda_graph_compute: CUDA graph warmup complete | ggml_backend_cuda_graph_compute: CUDA graph warmup complete | "
fish_audio,tts,3,26.03,9605,3243.7,3928,0,True,family=fish_audio | task=tts | mode=offline | audio_out=/home/orinnx/bench_out/fish_audio_3.wav | ,"ggml_cuda_init: found 1 CUDA devices (Total VRAM: 15598 MiB): |   Device 0: Orin, compute capability 8.7, VMM: yes, VRAM: 15598 MiB | ggml_backend_cuda_graph_compute: CUDA graph warmup complete | ggml_backend_cuda_graph_compute: CUDA graph warmup complete | "
fun_asr_nano,asr,1,7.14,4016,2075.7,3256,0,True,"family=fun_asr_nano | task=asr | mode=offline | text_output=Some call me nature, others call me mother nature. I've been here for over four point five billion years, twenty two thousand five hundred times longer than you. | text_out=/home/orinnx/bench_out/fun_asr_nano_1.txt | ","ggml_cuda_init: found 1 CUDA devices (Total VRAM: 15598 MiB): |   Device 0: Orin, compute capability 8.7, VMM: yes, VRAM: 15598 MiB | ggml_backend_cuda_graph_compute: CUDA graph warmup complete | "
fun_asr_nano,asr,2,7.23,4026,2150.1,3256,0,True,"family=fun_asr_nano | task=asr | mode=offline | text_output=Some call me nature, others call me mother nature. I've been here for over four point five billion years, twenty two thousand five hundred times longer than you. | text_out=/home/orinnx/bench_out/fun_asr_nano_2.txt | ","ggml_cuda_init: found 1 CUDA devices (Total VRAM: 15598 MiB): |   Device 0: Orin, compute capability 8.7, VMM: yes, VRAM: 15598 MiB | ggml_backend_cuda_graph_compute: CUDA graph warmup complete | "
fun_asr_nano,asr,3,7.13,4211,2134.4,3264,0,True,"family=fun_asr_nano | task=asr | mode=offline | text_output=Some call me nature, others call me mother nature. I've been here for over four point five billion years, twenty two thousand five hundred times longer than you. | text_out=/home/orinnx/bench_out/fun_asr_nano_3.txt | ","ggml_cuda_init: found 1 CUDA devices (Total VRAM: 15598 MiB): |   Device 0: Orin, compute capability 8.7, VMM: yes, VRAM: 15598 MiB | ggml_backend_cuda_graph_compute: CUDA graph warmup complete | "
glm_tts,tts,1,13.45,7301,3075.0,4040,0,True,family=glm_tts | task=tts | mode=offline | audio_out=/home/orinnx/bench_out/glm_tts_1.wav | ,"[warning][model_spec] GGUF for family 'glm_tts' embeds a legacy model spec. Using the current schema-v1 model contract from the installed audio.cpp runtime for option validation. Regenerate the GGUF to make the package fully standalone. | ggml_cuda_init: found 1 CUDA devices (Total VRAM: 15598 MiB): |   Device 0: Orin, compute capability 8.7, VMM: yes, VRAM: 15598 MiB | ggml_backend_cuda_graph_compute: CUDA graph warmup complete | ggml_backend_cuda_graph_compute: CUDA graph warmup complete | "
glm_tts,tts,2,13.83,7510,3059.3,4048,0,True,family=glm_tts | task=tts | mode=offline | audio_out=/home/orinnx/bench_out/glm_tts_2.wav | ,"[warning][model_spec] GGUF for family 'glm_tts' embeds a legacy model spec. Using the current schema-v1 model contract from the installed audio.cpp runtime for option validation. Regenerate the GGUF to make the package fully standalone. | ggml_cuda_init: found 1 CUDA devices (Total VRAM: 15598 MiB): |   Device 0: Orin, compute capability 8.7, VMM: yes, VRAM: 15598 MiB | ggml_backend_cuda_graph_compute: CUDA graph warmup complete | ggml_backend_cuda_graph_compute: CUDA graph warmup complete | "
glm_tts,tts,3,13.58,7662,3102.9,4064,0,True,family=glm_tts | task=tts | mode=offline | audio_out=/home/orinnx/bench_out/glm_tts_3.wav | ,"[warning][model_spec] GGUF for family 'glm_tts' embeds a legacy model spec. Using the current schema-v1 model contract from the installed audio.cpp runtime for option validation. Regenerate the GGUF to make the package fully standalone. | ggml_cuda_init: found 1 CUDA devices (Total VRAM: 15598 MiB): |   Device 0: Orin, compute capability 8.7, VMM: yes, VRAM: 15598 MiB | ggml_backend_cuda_graph_compute: CUDA graph warmup complete | ggml_backend_cuda_graph_compute: CUDA graph warmup complete | "
higgs_audio_stt,asr,1,6.5,5817,2402.1,3560,0,True,family=higgs_audio_stt | task=asr | mode=offline | text_output=some call me nature others call me mother nature i've been here for over four point five billion years twenty two thousand five hundred times longer than you | text_out=/home/orinnx/bench_out/higgs_audio_stt_1.txt | ,"ggml_cuda_init: found 1 CUDA devices (Total VRAM: 15598 MiB): |   Device 0: Orin, compute capability 8.7, VMM: yes, VRAM: 15598 MiB | ggml_backend_cuda_graph_compute: CUDA graph warmup complete | ggml_backend_cuda_graph_compute: CUDA graph warmup complete | ggml_backend_cuda_graph_compute: CUDA graph warmup complete | "
higgs_audio_stt,asr,2,6.75,5868,2423.3,3536,0,True,family=higgs_audio_stt | task=asr | mode=offline | text_output=some call me nature others call me mother nature i've been here for over four point five billion years twenty two thousand five hundred times longer than you | text_out=/home/orinnx/bench_out/higgs_audio_stt_2.txt | ,"ggml_cuda_init: found 1 CUDA devices (Total VRAM: 15598 MiB): |   Device 0: Orin, compute capability 8.7, VMM: yes, VRAM: 15598 MiB | ggml_backend_cuda_graph_compute: CUDA graph warmup complete | ggml_backend_cuda_graph_compute: CUDA graph warmup complete | ggml_backend_cuda_graph_compute: CUDA graph warmup complete | "
higgs_audio_stt,asr,3,6.54,6011,2462.0,3536,0,True,family=higgs_audio_stt | task=asr | mode=offline | text_output=some call me nature others call me mother nature i've been here for over four point five billion years twenty two thousand five hundred times longer than you | text_out=/home/orinnx/bench_out/higgs_audio_stt_3.txt | ,"ggml_cuda_init: found 1 CUDA devices (Total VRAM: 15598 MiB): |   Device 0: Orin, compute capability 8.7, VMM: yes, VRAM: 15598 MiB | ggml_backend_cuda_graph_compute: CUDA graph warmup complete | ggml_backend_cuda_graph_compute: CUDA graph warmup complete | ggml_backend_cuda_graph_compute: CUDA graph warmup complete | "
higgs_audio_tts,tts,1,13.26,8867,3062.4,4144,0,True,family=higgs_audio_tts | task=tts | mode=offline | audio_out=/home/orinnx/bench_out/higgs_audio_tts_1.wav | ,"ggml_cuda_init: found 1 CUDA devices (Total VRAM: 15598 MiB): |   Device 0: Orin, compute capability 8.7, VMM: yes, VRAM: 15598 MiB | ggml_backend_cuda_graph_compute: CUDA graph warmup complete | "
higgs_audio_tts,tts,2,13.8,8883,3047.5,4160,0,True,family=higgs_audio_tts | task=tts | mode=offline | audio_out=/home/orinnx/bench_out/higgs_audio_tts_2.wav | ,"ggml_cuda_init: found 1 CUDA devices (Total VRAM: 15598 MiB): |   Device 0: Orin, compute capability 8.7, VMM: yes, VRAM: 15598 MiB | ggml_backend_cuda_graph_compute: CUDA graph warmup complete | "
higgs_audio_tts,tts,3,13.53,8909,3107.5,4176,0,True,family=higgs_audio_tts | task=tts | mode=offline | audio_out=/home/orinnx/bench_out/higgs_audio_tts_3.wav | ,"ggml_cuda_init: found 1 CUDA devices (Total VRAM: 15598 MiB): |   Device 0: Orin, compute capability 8.7, VMM: yes, VRAM: 15598 MiB | ggml_backend_cuda_graph_compute: CUDA graph warmup complete | "
htdemucs,sep,1,5.27,3404,2705.2,3224,0,True,family=htdemucs | task=sep | mode=offline | audio_out[drums]=/home/orinnx/bench_out/htdemucs_1_stems/drums.wav | audio_out[bass]=/home/orinnx/bench_out/htdemucs_1_stems/bass.wav | audio_out[other]=/home/orinnx/bench_out/htdemucs_1_stems/other.wav | audio_out[vocals]=/home/orinnx/bench_out/htdemucs_1_stems/vocals.wav | ,"ggml_cuda_init: found 1 CUDA devices (Total VRAM: 15598 MiB): |   Device 0: Orin, compute capability 8.7, VMM: yes, VRAM: 15598 MiB | ggml_backend_cuda_graph_compute: CUDA graph warmup complete | "
htdemucs,sep,2,5.2,3410,2802.0,3208,0,True,family=htdemucs | task=sep | mode=offline | audio_out[drums]=/home/orinnx/bench_out/htdemucs_2_stems/drums.wav | audio_out[bass]=/home/orinnx/bench_out/htdemucs_2_stems/bass.wav | audio_out[other]=/home/orinnx/bench_out/htdemucs_2_stems/other.wav | audio_out[vocals]=/home/orinnx/bench_out/htdemucs_2_stems/vocals.wav | ,"ggml_cuda_init: found 1 CUDA devices (Total VRAM: 15598 MiB): |   Device 0: Orin, compute capability 8.7, VMM: yes, VRAM: 15598 MiB | ggml_backend_cuda_graph_compute: CUDA graph warmup complete | "
htdemucs,sep,3,5.23,3348,2837.4,3224,0,True,family=htdemucs | task=sep | mode=offline | audio_out[drums]=/home/orinnx/bench_out/htdemucs_3_stems/drums.wav | audio_out[bass]=/home/orinnx/bench_out/htdemucs_3_stems/bass.wav | audio_out[other]=/home/orinnx/bench_out/htdemucs_3_stems/other.wav | audio_out[vocals]=/home/orinnx/bench_out/htdemucs_3_stems/vocals.wav | ,"ggml_cuda_init: found 1 CUDA devices (Total VRAM: 15598 MiB): |   Device 0: Orin, compute capability 8.7, VMM: yes, VRAM: 15598 MiB | ggml_backend_cuda_graph_compute: CUDA graph warmup complete | "
hviske_asr,asr,1,6.24,5781,1950.3,3584,0,True,family=hviske_asr | task=asr | mode=offline | text_output=Some call me nature Others call me mother nature I've bin her for over 4.5 billion years 22500 times længere end you | text_out=/home/orinnx/bench_out/hviske_asr_1.txt | ,"[warning][model_spec] GGUF for family 'hviske_asr' embeds a legacy model spec. Using the current schema-v1 model contract from the installed audio.cpp runtime for option validation. Regenerate the GGUF to make the package fully standalone. | ggml_cuda_init: found 1 CUDA devices (Total VRAM: 15598 MiB): |   Device 0: Orin, compute capability 8.7, VMM: yes, VRAM: 15598 MiB | ggml_backend_cuda_graph_compute: CUDA graph warmup complete | "
hviske_asr,asr,2,6.52,5878,1968.5,3544,0,True,family=hviske_asr | task=asr | mode=offline | text_output=Some call me nature Others call me mother nature I've bin her for over 4.5 billion years 22500 times længere end you | text_out=/home/orinnx/bench_out/hviske_asr_2.txt | ,"[warning][model_spec] GGUF for family 'hviske_asr' embeds a legacy model spec. Using the current schema-v1 model contract from the installed audio.cpp runtime for option validation. Regenerate the GGUF to make the package fully standalone. | ggml_cuda_init: found 1 CUDA devices (Total VRAM: 15598 MiB): |   Device 0: Orin, compute capability 8.7, VMM: yes, VRAM: 15598 MiB | ggml_backend_cuda_graph_compute: CUDA graph warmup complete | "
hviske_asr,asr,3,6.59,5936,1962.1,3576,0,True,family=hviske_asr | task=asr | mode=offline | text_output=Some call me nature Others call me mother nature I've bin her for over 4.5 billion years 22500 times længere end you | text_out=/home/orinnx/bench_out/hviske_asr_3.txt | ,"[warning][model_spec] GGUF for family 'hviske_asr' embeds a legacy model spec. Using the current schema-v1 model contract from the installed audio.cpp runtime for option validation. Regenerate the GGUF to make the package fully standalone. | ggml_cuda_init: found 1 CUDA devices (Total VRAM: 15598 MiB): |   Device 0: Orin, compute capability 8.7, VMM: yes, VRAM: 15598 MiB | ggml_backend_cuda_graph_compute: CUDA graph warmup complete | "
index_tts2,clon,1,21.18,8438,2589.9,4024,0,True,family=index_tts2 | task=clon | mode=offline | audio_out=/home/orinnx/bench_out/index_tts2_1.wav | ,"ggml_cuda_init: found 1 CUDA devices (Total VRAM: 15598 MiB): |   Device 0: Orin, compute capability 8.7, VMM: yes, VRAM: 15598 MiB | ggml_backend_cuda_graph_compute: CUDA graph warmup complete | ggml_backend_cuda_graph_compute: CUDA graph warmup complete | ggml_backend_cuda_graph_compute: CUDA graph warmup complete | ggml_backend_cuda_graph_compute: CUDA graph warmup complete | ggml_backend_cuda_graph_compute: CUDA graph warmup complete | "
index_tts2,clon,2,21.16,8471,2598.3,4064,0,True,family=index_tts2 | task=clon | mode=offline | audio_out=/home/orinnx/bench_out/index_tts2_2.wav | ,"ggml_cuda_init: found 1 CUDA devices (Total VRAM: 15598 MiB): |   Device 0: Orin, compute capability 8.7, VMM: yes, VRAM: 15598 MiB | ggml_backend_cuda_graph_compute: CUDA graph warmup complete | ggml_backend_cuda_graph_compute: CUDA graph warmup complete | ggml_backend_cuda_graph_compute: CUDA graph warmup complete | ggml_backend_cuda_graph_compute: CUDA graph warmup complete | ggml_backend_cuda_graph_compute: CUDA graph warmup complete | "
index_tts2,clon,3,20.74,8460,2630.1,4064,0,True,family=index_tts2 | task=clon | mode=offline | audio_out=/home/orinnx/bench_out/index_tts2_3.wav | ,"ggml_cuda_init: found 1 CUDA devices (Total VRAM: 15598 MiB): |   Device 0: Orin, compute capability 8.7, VMM: yes, VRAM: 15598 MiB | ggml_backend_cuda_graph_compute: CUDA graph warmup complete | ggml_backend_cuda_graph_compute: CUDA graph warmup complete | ggml_backend_cuda_graph_compute: CUDA graph warmup complete | ggml_backend_cuda_graph_compute: CUDA graph warmup complete | ggml_backend_cuda_graph_compute: CUDA graph warmup complete | "
inflect_v2,tts,1,3.34,3051,1621.9,2528,0,True,family=inflect_v2 | task=tts | mode=offline | audio_out=/home/orinnx/bench_out/inflect_v2_1.wav | ,"ggml_cuda_init: found 1 CUDA devices (Total VRAM: 15598 MiB): |   Device 0: Orin, compute capability 8.7, VMM: yes, VRAM: 15598 MiB | "
inflect_v2,tts,2,3.24,3101,1781.6,2544,0,True,family=inflect_v2 | task=tts | mode=offline | audio_out=/home/orinnx/bench_out/inflect_v2_2.wav | ,"ggml_cuda_init: found 1 CUDA devices (Total VRAM: 15598 MiB): |   Device 0: Orin, compute capability 8.7, VMM: yes, VRAM: 15598 MiB | "
inflect_v2,tts,3,3.26,3208,1759.5,2544,0,True,family=inflect_v2 | task=tts | mode=offline | audio_out=/home/orinnx/bench_out/inflect_v2_3.wav | ,"ggml_cuda_init: found 1 CUDA devices (Total VRAM: 15598 MiB): |   Device 0: Orin, compute capability 8.7, VMM: yes, VRAM: 15598 MiB | "
irodori_tts,tts,1,7.89,5220,2686.4,3936,0,True,family=irodori_tts | task=tts | mode=offline | audio_out=/home/orinnx/bench_out/irodori_tts_1.wav | ,"ggml_cuda_init: found 1 CUDA devices (Total VRAM: 15598 MiB): |   Device 0: Orin, compute capability 8.7, VMM: yes, VRAM: 15598 MiB | ggml_backend_cuda_graph_compute: CUDA graph warmup complete | ggml_backend_cuda_graph_compute: CUDA graph warmup reset | ggml_backend_cuda_graph_compute: CUDA graph warmup complete | "
irodori_tts,tts,2,7.88,5233,2742.5,3944,0,True,family=irodori_tts | task=tts | mode=offline | audio_out=/home/orinnx/bench_out/irodori_tts_2.wav | ,"ggml_cuda_init: found 1 CUDA devices (Total VRAM: 15598 MiB): |   Device 0: Orin, compute capability 8.7, VMM: yes, VRAM: 15598 MiB | ggml_backend_cuda_graph_compute: CUDA graph warmup complete | ggml_backend_cuda_graph_compute: CUDA graph warmup reset | ggml_backend_cuda_graph_compute: CUDA graph warmup complete | "
irodori_tts,tts,3,7.85,5250,2758.9,3968,0,True,family=irodori_tts | task=tts | mode=offline | audio_out=/home/orinnx/bench_out/irodori_tts_3.wav | ,"ggml_cuda_init: found 1 CUDA devices (Total VRAM: 15598 MiB): |   Device 0: Orin, compute capability 8.7, VMM: yes, VRAM: 15598 MiB | ggml_backend_cuda_graph_compute: CUDA graph warmup complete | ggml_backend_cuda_graph_compute: CUDA graph warmup reset | ggml_backend_cuda_graph_compute: CUDA graph warmup complete | "
kroko_asr,asr,1,1.48,3154,1586.7,1992,0,True,"205440,""end_sample"":211200,""word"":""times"",""confidence"":0},{""start_sample"":211200,""end_sample"":217600,""word"":""longer"",""confidence"":0},{""start_sample"":217600,""end_sample"":221440,""word"":""than"",""confidence"":0},{""start_sample"":221440,""end_sample"":225151,""word"":""you"",""confidence"":0}] | text_output=Some call me nature, others call me Mother Nature. I've been here for over four point five billion years. Twenty two thousand five hundred times longer than you | text_out=/home/orinnx/bench_out/kroko_asr_1.txt | ","ggml_cuda_init: found 1 CUDA devices (Total VRAM: 15598 MiB): |   Device 0: Orin, compute capability 8.7, VMM: yes, VRAM: 15598 MiB | ggml_backend_cuda_graph_compute: CUDA graph warmup complete | ggml_backend_cuda_graph_compute: CUDA graph warmup complete | "
kroko_asr,asr,2,1.34,3214,1812.6,2040,0,True,"205440,""end_sample"":211200,""word"":""times"",""confidence"":0},{""start_sample"":211200,""end_sample"":217600,""word"":""longer"",""confidence"":0},{""start_sample"":217600,""end_sample"":221440,""word"":""than"",""confidence"":0},{""start_sample"":221440,""end_sample"":225151,""word"":""you"",""confidence"":0}] | text_output=Some call me nature, others call me Mother Nature. I've been here for over four point five billion years. Twenty two thousand five hundred times longer than you | text_out=/home/orinnx/bench_out/kroko_asr_2.txt | ","ggml_cuda_init: found 1 CUDA devices (Total VRAM: 15598 MiB): |   Device 0: Orin, compute capability 8.7, VMM: yes, VRAM: 15598 MiB | ggml_backend_cuda_graph_compute: CUDA graph warmup complete | ggml_backend_cuda_graph_compute: CUDA graph warmup complete | "
kroko_asr,asr,3,1.32,3377,1849.1,2032,0,True,"205440,""end_sample"":211200,""word"":""times"",""confidence"":0},{""start_sample"":211200,""end_sample"":217600,""word"":""longer"",""confidence"":0},{""start_sample"":217600,""end_sample"":221440,""word"":""than"",""confidence"":0},{""start_sample"":221440,""end_sample"":225151,""word"":""you"",""confidence"":0}] | text_output=Some call me nature, others call me Mother Nature. I've been here for over four point five billion years. Twenty two thousand five hundred times longer than you | text_out=/home/orinnx/bench_out/kroko_asr_3.txt | ","ggml_cuda_init: found 1 CUDA devices (Total VRAM: 15598 MiB): |   Device 0: Orin, compute capability 8.7, VMM: yes, VRAM: 15598 MiB | ggml_backend_cuda_graph_compute: CUDA graph warmup complete | ggml_backend_cuda_graph_compute: CUDA graph warmup complete | "
mel_band_roformer,sep,1,4.36,3710,3199.1,3984,0,True,family=mel_band_roformer | task=sep | mode=offline | audio_out[vocals]=/home/orinnx/bench_out/mel_band_roformer_1_stems/vocals.wav | audio_out[instrumental]=/home/orinnx/bench_out/mel_band_roformer_1_stems/instrumental.wav | ,"ggml_cuda_init: found 1 CUDA devices (Total VRAM: 15598 MiB): |   Device 0: Orin, compute capability 8.7, VMM: yes, VRAM: 15598 MiB | ggml_backend_cuda_graph_compute: CUDA graph warmup complete | "
mel_band_roformer,sep,2,4.53,3711,3283.2,4008,0,True,family=mel_band_roformer | task=sep | mode=offline | audio_out[vocals]=/home/orinnx/bench_out/mel_band_roformer_2_stems/vocals.wav | audio_out[instrumental]=/home/orinnx/bench_out/mel_band_roformer_2_stems/instrumental.wav | ,"ggml_cuda_init: found 1 CUDA devices (Total VRAM: 15598 MiB): |   Device 0: Orin, compute capability 8.7, VMM: yes, VRAM: 15598 MiB | ggml_backend_cuda_graph_compute: CUDA graph warmup complete | "
mel_band_roformer,sep,3,4.21,3793,3433.9,4008,0,True,family=mel_band_roformer | task=sep | mode=offline | audio_out[vocals]=/home/orinnx/bench_out/mel_band_roformer_3_stems/vocals.wav | audio_out[instrumental]=/home/orinnx/bench_out/mel_band_roformer_3_stems/instrumental.wav | ,"ggml_cuda_init: found 1 CUDA devices (Total VRAM: 15598 MiB): |   Device 0: Orin, compute capability 8.7, VMM: yes, VRAM: 15598 MiB | ggml_backend_cuda_graph_compute: CUDA graph warmup complete | "
miocodec,vc,1,2.72,7669,1812.4,2472,0,True,family=miocodec | task=vc | mode=offline | audio_out=/home/orinnx/bench_out/miocodec_1.wav | ,"ggml_cuda_init: found 1 CUDA devices (Total VRAM: 15598 MiB): |   Device 0: Orin, compute capability 8.7, VMM: yes, VRAM: 15598 MiB | "
miocodec,vc,2,2.57,7774,1924.6,2448,0,True,family=miocodec | task=vc | mode=offline | audio_out=/home/orinnx/bench_out/miocodec_2.wav | ,"ggml_cuda_init: found 1 CUDA devices (Total VRAM: 15598 MiB): |   Device 0: Orin, compute capability 8.7, VMM: yes, VRAM: 15598 MiB | "
miocodec,vc,3,2.58,7759,1928.3,2480,0,True,family=miocodec | task=vc | mode=offline | audio_out=/home/orinnx/bench_out/miocodec_3.wav | ,"ggml_cuda_init: found 1 CUDA devices (Total VRAM: 15598 MiB): |   Device 0: Orin, compute capability 8.7, VMM: yes, VRAM: 15598 MiB | "
miotts,tts,1,10.2,0,0,0,0,True,family=miotts | task=tts | mode=offline | audio_out=/home/orinnx/bench_out/miotts_1.wav | ,"ggml_cuda_init: found 1 CUDA devices (Total VRAM: 15598 MiB): |   Device 0: Orin, compute capability 8.7, VMM: yes, VRAM: 15598 MiB | ggml_backend_cuda_graph_compute: CUDA graph warmup complete | "
miotts,tts,2,10.03,0,0,0,0,True,family=miotts | task=tts | mode=offline | audio_out=/home/orinnx/bench_out/miotts_2.wav | ,"ggml_cuda_init: found 1 CUDA devices (Total VRAM: 15598 MiB): |   Device 0: Orin, compute capability 8.7, VMM: yes, VRAM: 15598 MiB | ggml_backend_cuda_graph_compute: CUDA graph warmup complete | "
miotts,tts,3,10.51,0,0,0,0,True,family=miotts | task=tts | mode=offline | audio_out=/home/orinnx/bench_out/miotts_3.wav | ,"ggml_cuda_init: found 1 CUDA devices (Total VRAM: 15598 MiB): |   Device 0: Orin, compute capability 8.7, VMM: yes, VRAM: 15598 MiB | ggml_backend_cuda_graph_compute: CUDA graph warmup complete | "
moss_tts_nano,tts,1,4.97,3200,2672.8,3136,0,True,family=moss_tts_nano | task=tts | mode=offline | audio_out=/home/orinnx/bench_out/moss_tts_nano_1.wav | ,aph warmup complete | ggml_backend_cuda_graph_compute: CUDA graph warmup complete | ggml_backend_cuda_graph_compute: CUDA graph warmup complete | ggml_backend_cuda_graph_compute: CUDA graph warmup complete | ggml_backend_cuda_graph_compute: CUDA graph warmup complete | ggml_backend_cuda_graph_compute: CUDA graph warmup complete | ggml_backend_cuda_graph_compute: CUDA graph warmup complete | ggml_backend_cuda_graph_compute: CUDA graph warmup complete | ggml_backend_cuda_graph_compute: CUDA graph warmup complete | 
moss_tts_nano,tts,2,5.03,3188,2850.6,3168,0,True,family=moss_tts_nano | task=tts | mode=offline | audio_out=/home/orinnx/bench_out/moss_tts_nano_2.wav | ,aph warmup complete | ggml_backend_cuda_graph_compute: CUDA graph warmup complete | ggml_backend_cuda_graph_compute: CUDA graph warmup complete | ggml_backend_cuda_graph_compute: CUDA graph warmup complete | ggml_backend_cuda_graph_compute: CUDA graph warmup complete | ggml_backend_cuda_graph_compute: CUDA graph warmup complete | ggml_backend_cuda_graph_compute: CUDA graph warmup complete | ggml_backend_cuda_graph_compute: CUDA graph warmup complete | ggml_backend_cuda_graph_compute: CUDA graph warmup complete | 
moss_tts_nano,tts,3,4.94,3265,2818.9,3144,0,True,family=moss_tts_nano | task=tts | mode=offline | audio_out=/home/orinnx/bench_out/moss_tts_nano_3.wav | ,aph warmup complete | ggml_backend_cuda_graph_compute: CUDA graph warmup complete | ggml_backend_cuda_graph_compute: CUDA graph warmup complete | ggml_backend_cuda_graph_compute: CUDA graph warmup complete | ggml_backend_cuda_graph_compute: CUDA graph warmup complete | ggml_backend_cuda_graph_compute: CUDA graph warmup complete | ggml_backend_cuda_graph_compute: CUDA graph warmup complete | ggml_backend_cuda_graph_compute: CUDA graph warmup complete | ggml_backend_cuda_graph_compute: CUDA graph warmup complete | 
muscriptor,midi,1,0.76,3083,1643.0,2288,0,True,family=muscriptor | task=midi | mode=offline | artifact_out=/home/orinnx/bench_out/muscriptor_1.mid | text_output=[] | artifact=result kind=midi bytes=33 | ,"ggml_cuda_init: found 1 CUDA devices (Total VRAM: 15598 MiB): |   Device 0: Orin, compute capability 8.7, VMM: yes, VRAM: 15598 MiB | ggml_backend_cuda_graph_compute: CUDA graph warmup complete | ggml_backend_cuda_graph_compute: CUDA graph warmup complete | "
muscriptor,midi,2,0.77,3118,2131.0,2520,0,True,family=muscriptor | task=midi | mode=offline | artifact_out=/home/orinnx/bench_out/muscriptor_2.mid | text_output=[] | artifact=result kind=midi bytes=33 | ,"ggml_cuda_init: found 1 CUDA devices (Total VRAM: 15598 MiB): |   Device 0: Orin, compute capability 8.7, VMM: yes, VRAM: 15598 MiB | ggml_backend_cuda_graph_compute: CUDA graph warmup complete | ggml_backend_cuda_graph_compute: CUDA graph warmup complete | "
muscriptor,midi,3,0.77,3155,2248.0,2536,0,True,family=muscriptor | task=midi | mode=offline | artifact_out=/home/orinnx/bench_out/muscriptor_3.mid | text_output=[] | artifact=result kind=midi bytes=33 | ,"ggml_cuda_init: found 1 CUDA devices (Total VRAM: 15598 MiB): |   Device 0: Orin, compute capability 8.7, VMM: yes, VRAM: 15598 MiB | ggml_backend_cuda_graph_compute: CUDA graph warmup complete | ggml_backend_cuda_graph_compute: CUDA graph warmup complete | "
nemotron_asr,asr,1,1.61,3936,1695.0,2304,0,True,"mple"":216320,""end_sample"":217600,""word"":""an"",""confidence"":0},{""start_sample"":220160,""end_sample"":221440,""word"":"" you"",""confidence"":0},{""start_sample"":225280,""end_sample"":226560,""word"":""."",""confidence"":0},{""start_sample"":225280,""end_sample"":226560,""word"":"" "",""confidence"":0}] | text_output=Some call me nature others call me mother nature.  I've been here for over four point five billion years twenty two thousand five hundred times longer than you.  | text_out=/home/orinnx/bench_out/nemotron_asr_1.txt | ","ggml_cuda_init: found 1 CUDA devices (Total VRAM: 15598 MiB): |   Device 0: Orin, compute capability 8.7, VMM: yes, VRAM: 15598 MiB | ggml_backend_cuda_graph_compute: CUDA graph warmup complete | ggml_backend_cuda_graph_compute: CUDA graph warmup complete | "
nemotron_asr,asr,2,1.63,4213,1865.9,2376,0,True,"mple"":216320,""end_sample"":217600,""word"":""an"",""confidence"":0},{""start_sample"":220160,""end_sample"":221440,""word"":"" you"",""confidence"":0},{""start_sample"":225280,""end_sample"":226560,""word"":""."",""confidence"":0},{""start_sample"":225280,""end_sample"":226560,""word"":"" "",""confidence"":0}] | text_output=Some call me nature others call me mother nature.  I've been here for over four point five billion years twenty two thousand five hundred times longer than you.  | text_out=/home/orinnx/bench_out/nemotron_asr_2.txt | ","ggml_cuda_init: found 1 CUDA devices (Total VRAM: 15598 MiB): |   Device 0: Orin, compute capability 8.7, VMM: yes, VRAM: 15598 MiB | ggml_backend_cuda_graph_compute: CUDA graph warmup complete | ggml_backend_cuda_graph_compute: CUDA graph warmup complete | "
nemotron_asr,asr,3,1.55,4160,1884.5,2360,0,True,"mple"":216320,""end_sample"":217600,""word"":""an"",""confidence"":0},{""start_sample"":220160,""end_sample"":221440,""word"":"" you"",""confidence"":0},{""start_sample"":225280,""end_sample"":226560,""word"":""."",""confidence"":0},{""start_sample"":225280,""end_sample"":226560,""word"":"" "",""confidence"":0}] | text_output=Some call me nature others call me mother nature.  I've been here for over four point five billion years twenty two thousand five hundred times longer than you.  | text_out=/home/orinnx/bench_out/nemotron_asr_3.txt | ","ggml_cuda_init: found 1 CUDA devices (Total VRAM: 15598 MiB): |   Device 0: Orin, compute capability 8.7, VMM: yes, VRAM: 15598 MiB | ggml_backend_cuda_graph_compute: CUDA graph warmup complete | ggml_backend_cuda_graph_compute: CUDA graph warmup complete | "
neutts,tts,1,14.22,4928,2422.3,2768,0,True,family=neutts | task=tts | mode=offline | audio_out=/home/orinnx/bench_out/neutts_1.wav | ,"ggml_cuda_init: found 1 CUDA devices (Total VRAM: 15598 MiB): |   Device 0: Orin, compute capability 8.7, VMM: yes, VRAM: 15598 MiB | ggml_backend_cuda_graph_compute: CUDA graph warmup complete | "
neutts,tts,2,12.8,4867,2408.6,2776,0,True,family=neutts | task=tts | mode=offline | audio_out=/home/orinnx/bench_out/neutts_2.wav | ,"ggml_cuda_init: found 1 CUDA devices (Total VRAM: 15598 MiB): |   Device 0: Orin, compute capability 8.7, VMM: yes, VRAM: 15598 MiB | ggml_backend_cuda_graph_compute: CUDA graph warmup complete | "
neutts,tts,3,13.28,4895,2430.7,2776,0,True,family=neutts | task=tts | mode=offline | audio_out=/home/orinnx/bench_out/neutts_3.wav | ,"ggml_cuda_init: found 1 CUDA devices (Total VRAM: 15598 MiB): |   Device 0: Orin, compute capability 8.7, VMM: yes, VRAM: 15598 MiB | ggml_backend_cuda_graph_compute: CUDA graph warmup complete | "
omnivoice,tts,1,5.47,4251,2633.3,3776,0,True,family=omnivoice | task=tts | mode=offline | audio_out=/home/orinnx/bench_out/omnivoice_1.wav | ,"ggml_cuda_init: found 1 CUDA devices (Total VRAM: 15598 MiB): |   Device 0: Orin, compute capability 8.7, VMM: yes, VRAM: 15598 MiB | ggml_backend_cuda_graph_compute: CUDA graph warmup complete | "
omnivoice,tts,2,5.66,4307,2658.0,3760,0,True,family=omnivoice | task=tts | mode=offline | audio_out=/home/orinnx/bench_out/omnivoice_2.wav | ,"ggml_cuda_init: found 1 CUDA devices (Total VRAM: 15598 MiB): |   Device 0: Orin, compute capability 8.7, VMM: yes, VRAM: 15598 MiB | ggml_backend_cuda_graph_compute: CUDA graph warmup complete | "
omnivoice,tts,3,5.64,4404,2662.3,3768,0,True,family=omnivoice | task=tts | mode=offline | audio_out=/home/orinnx/bench_out/omnivoice_3.wav | ,"ggml_cuda_init: found 1 CUDA devices (Total VRAM: 15598 MiB): |   Device 0: Orin, compute capability 8.7, VMM: yes, VRAM: 15598 MiB | ggml_backend_cuda_graph_compute: CUDA graph warmup complete | "
outetts,tts,1,33.84,5143,3404.7,3944,0,True,family=outetts | task=tts | mode=offline | audio_out=/home/orinnx/bench_out/outetts_1.wav | ,"[warning][model_spec] GGUF for family 'outetts' embeds a legacy model spec. Using the current schema-v1 model contract from the installed audio.cpp runtime for option validation. Regenerate the GGUF to make the package fully standalone. | ggml_cuda_init: found 1 CUDA devices (Total VRAM: 15598 MiB): |   Device 0: Orin, compute capability 8.7, VMM: yes, VRAM: 15598 MiB | ggml_backend_cuda_graph_compute: CUDA graph warmup complete | "
outetts,tts,2,36.66,5129,3468.5,3984,0,True,family=outetts | task=tts | mode=offline | audio_out=/home/orinnx/bench_out/outetts_2.wav | ,"[warning][model_spec] GGUF for family 'outetts' embeds a legacy model spec. Using the current schema-v1 model contract from the installed audio.cpp runtime for option validation. Regenerate the GGUF to make the package fully standalone. | ggml_cuda_init: found 1 CUDA devices (Total VRAM: 15598 MiB): |   Device 0: Orin, compute capability 8.7, VMM: yes, VRAM: 15598 MiB | ggml_backend_cuda_graph_compute: CUDA graph warmup complete | "
outetts,tts,3,38.73,5173,3509.9,4000,0,True,family=outetts | task=tts | mode=offline | audio_out=/home/orinnx/bench_out/outetts_3.wav | ,"[warning][model_spec] GGUF for family 'outetts' embeds a legacy model spec. Using the current schema-v1 model contract from the installed audio.cpp runtime for option validation. Regenerate the GGUF to make the package fully standalone. | ggml_cuda_init: found 1 CUDA devices (Total VRAM: 15598 MiB): |   Device 0: Orin, compute capability 8.7, VMM: yes, VRAM: 15598 MiB | ggml_backend_cuda_graph_compute: CUDA graph warmup complete | "
parakeet_tdt,asr,1,2.29,5712,1820.9,2440,0,True,"80,""end_sample"":204800,""word"":""times"",""confidence"":0},{""start_sample"":204800,""end_sample"":212480,""word"":""longer"",""confidence"":0},{""start_sample"":212480,""end_sample"":217600,""word"":""than"",""confidence"":0},{""start_sample"":217600,""end_sample"":224000,""word"":""you."",""confidence"":0}] | text_output=Some call me Nature. Others call me Mother Nature. I've been here for over four point five billion years twenty two thousand five hundred times longer than you. | text_out=/home/orinnx/bench_out/parakeet_tdt_1.txt | ","ggml_cuda_init: found 1 CUDA devices (Total VRAM: 15598 MiB): |   Device 0: Orin, compute capability 8.7, VMM: yes, VRAM: 15598 MiB | ggml_backend_cuda_graph_compute: CUDA graph warmup complete | ggml_backend_cuda_graph_compute: CUDA graph warmup complete | "
parakeet_tdt,asr,2,2.29,5950,1916.2,2392,0,True,"80,""end_sample"":204800,""word"":""times"",""confidence"":0},{""start_sample"":204800,""end_sample"":212480,""word"":""longer"",""confidence"":0},{""start_sample"":212480,""end_sample"":217600,""word"":""than"",""confidence"":0},{""start_sample"":217600,""end_sample"":224000,""word"":""you."",""confidence"":0}] | text_output=Some call me Nature. Others call me Mother Nature. I've been here for over four point five billion years twenty two thousand five hundred times longer than you. | text_out=/home/orinnx/bench_out/parakeet_tdt_2.txt | ","ggml_cuda_init: found 1 CUDA devices (Total VRAM: 15598 MiB): |   Device 0: Orin, compute capability 8.7, VMM: yes, VRAM: 15598 MiB | ggml_backend_cuda_graph_compute: CUDA graph warmup complete | ggml_backend_cuda_graph_compute: CUDA graph warmup complete | "
parakeet_tdt,asr,3,2.24,6061,1953.0,2432,0,True,"80,""end_sample"":204800,""word"":""times"",""confidence"":0},{""start_sample"":204800,""end_sample"":212480,""word"":""longer"",""confidence"":0},{""start_sample"":212480,""end_sample"":217600,""word"":""than"",""confidence"":0},{""start_sample"":217600,""end_sample"":224000,""word"":""you."",""confidence"":0}] | text_output=Some call me Nature. Others call me Mother Nature. I've been here for over four point five billion years twenty two thousand five hundred times longer than you. | text_out=/home/orinnx/bench_out/parakeet_tdt_3.txt | ","ggml_cuda_init: found 1 CUDA devices (Total VRAM: 15598 MiB): |   Device 0: Orin, compute capability 8.7, VMM: yes, VRAM: 15598 MiB | ggml_backend_cuda_graph_compute: CUDA graph warmup complete | ggml_backend_cuda_graph_compute: CUDA graph warmup complete | "
pocket_tts,tts,1,1.05,3397,1739.6,2336,0,True,family=pocket_tts | task=tts | mode=offline | audio_out=/home/orinnx/bench_out/pocket_tts_1.wav | ,"ggml_cuda_init: found 1 CUDA devices (Total VRAM: 15598 MiB): |   Device 0: Orin, compute capability 8.7, VMM: yes, VRAM: 15598 MiB | ggml_backend_cuda_graph_compute: CUDA graph warmup complete | "
pocket_tts,tts,2,1.01,3433,2048.0,2504,0,True,family=pocket_tts | task=tts | mode=offline | audio_out=/home/orinnx/bench_out/pocket_tts_2.wav | ,"ggml_cuda_init: found 1 CUDA devices (Total VRAM: 15598 MiB): |   Device 0: Orin, compute capability 8.7, VMM: yes, VRAM: 15598 MiB | ggml_backend_cuda_graph_compute: CUDA graph warmup complete | "
pocket_tts,tts,3,1.04,3601,2048.0,2520,0,True,family=pocket_tts | task=tts | mode=offline | audio_out=/home/orinnx/bench_out/pocket_tts_3.wav | ,"ggml_cuda_init: found 1 CUDA devices (Total VRAM: 15598 MiB): |   Device 0: Orin, compute capability 8.7, VMM: yes, VRAM: 15598 MiB | ggml_backend_cuda_graph_compute: CUDA graph warmup complete | "
qwen3_asr,asr,1,6.61,6270,2375.8,3664,0,True,"family=qwen3_asr | task=asr | mode=offline | text_output=Some call me nature, others call me Mother Nature. I've been here for over 4.5 billion years, 22,500 times longer than you. | text_out=/home/orinnx/bench_out/qwen3_asr_1.txt | ","ggml_cuda_init: found 1 CUDA devices (Total VRAM: 15598 MiB): |   Device 0: Orin, compute capability 8.7, VMM: yes, VRAM: 15598 MiB | ggml_backend_cuda_graph_compute: CUDA graph warmup complete | "
qwen3_asr,asr,2,6.6,6313,2435.6,3672,0,True,"family=qwen3_asr | task=asr | mode=offline | text_output=Some call me nature, others call me Mother Nature. I've been here for over 4.5 billion years, 22,500 times longer than you. | text_out=/home/orinnx/bench_out/qwen3_asr_2.txt | ","ggml_cuda_init: found 1 CUDA devices (Total VRAM: 15598 MiB): |   Device 0: Orin, compute capability 8.7, VMM: yes, VRAM: 15598 MiB | ggml_backend_cuda_graph_compute: CUDA graph warmup complete | "
qwen3_asr,asr,3,6.56,6403,2422.1,3648,0,True,"family=qwen3_asr | task=asr | mode=offline | text_output=Some call me nature, others call me Mother Nature. I've been here for over 4.5 billion years, 22,500 times longer than you. | text_out=/home/orinnx/bench_out/qwen3_asr_3.txt | ","ggml_cuda_init: found 1 CUDA devices (Total VRAM: 15598 MiB): |   Device 0: Orin, compute capability 8.7, VMM: yes, VRAM: 15598 MiB | ggml_backend_cuda_graph_compute: CUDA graph warmup complete | "
qwen3_forced_aligner,align,1,2.26,4294,1614.6,2264,0,True,family=qwen3_forced_aligner | task=align | mode=offline | words_out=/home/orinnx/bench_out/qwen3_forced_aligner_1_words.json | text_output=The quick brown fox jumps over the lazy dog near the riverbank. | ,"ggml_cuda_init: found 1 CUDA devices (Total VRAM: 15598 MiB): |   Device 0: Orin, compute capability 8.7, VMM: yes, VRAM: 15598 MiB | "
qwen3_forced_aligner,align,2,2.12,4455,1769.8,2296,0,True,family=qwen3_forced_aligner | task=align | mode=offline | words_out=/home/orinnx/bench_out/qwen3_forced_aligner_2_words.json | text_output=The quick brown fox jumps over the lazy dog near the riverbank. | ,"ggml_cuda_init: found 1 CUDA devices (Total VRAM: 15598 MiB): |   Device 0: Orin, compute capability 8.7, VMM: yes, VRAM: 15598 MiB | "
qwen3_forced_aligner,align,3,2.07,4573,1785.5,2360,0,True,family=qwen3_forced_aligner | task=align | mode=offline | words_out=/home/orinnx/bench_out/qwen3_forced_aligner_3_words.json | text_output=The quick brown fox jumps over the lazy dog near the riverbank. | ,"ggml_cuda_init: found 1 CUDA devices (Total VRAM: 15598 MiB): |   Device 0: Orin, compute capability 8.7, VMM: yes, VRAM: 15598 MiB | "
qwen3_tts,tts,1,8.94,7621,2515.9,3560,0,True,family=qwen3_tts | task=tts | mode=offline | audio_out=/home/orinnx/bench_out/qwen3_tts_1.wav | ,aph warmup complete | ggml_backend_cuda_graph_compute: CUDA graph warmup complete | ggml_backend_cuda_graph_compute: CUDA graph warmup complete | ggml_backend_cuda_graph_compute: CUDA graph warmup complete | ggml_backend_cuda_graph_compute: CUDA graph warmup complete | ggml_backend_cuda_graph_compute: CUDA graph warmup complete | ggml_backend_cuda_graph_compute: CUDA graph warmup complete | ggml_backend_cuda_graph_compute: CUDA graph warmup complete | ggml_backend_cuda_graph_compute: CUDA graph warmup complete | 
qwen3_tts,tts,2,9.54,7567,2581.8,3616,0,True,family=qwen3_tts | task=tts | mode=offline | audio_out=/home/orinnx/bench_out/qwen3_tts_2.wav | ,aph warmup complete | ggml_backend_cuda_graph_compute: CUDA graph warmup complete | ggml_backend_cuda_graph_compute: CUDA graph warmup complete | ggml_backend_cuda_graph_compute: CUDA graph warmup complete | ggml_backend_cuda_graph_compute: CUDA graph warmup complete | ggml_backend_cuda_graph_compute: CUDA graph warmup complete | ggml_backend_cuda_graph_compute: CUDA graph warmup complete | ggml_backend_cuda_graph_compute: CUDA graph warmup complete | ggml_backend_cuda_graph_compute: CUDA graph warmup complete | 
qwen3_tts,tts,3,8.82,7632,2547.9,3568,0,True,family=qwen3_tts | task=tts | mode=offline | audio_out=/home/orinnx/bench_out/qwen3_tts_3.wav | ,aph warmup complete | ggml_backend_cuda_graph_compute: CUDA graph warmup complete | ggml_backend_cuda_graph_compute: CUDA graph warmup complete | ggml_backend_cuda_graph_compute: CUDA graph warmup complete | ggml_backend_cuda_graph_compute: CUDA graph warmup complete | ggml_backend_cuda_graph_compute: CUDA graph warmup complete | ggml_backend_cuda_graph_compute: CUDA graph warmup complete | ggml_backend_cuda_graph_compute: CUDA graph warmup complete | ggml_backend_cuda_graph_compute: CUDA graph warmup complete | 
rvc,vc,1,29.59,4929,1711.4,3984,0,True,family=rvc | task=vc | mode=offline | audio_out=/home/orinnx/bench_out/rvc_1.wav | ,"ggml_cuda_init: found 1 CUDA devices (Total VRAM: 15598 MiB): |   Device 0: Orin, compute capability 8.7, VMM: yes, VRAM: 15598 MiB | ggml_backend_cuda_graph_compute: CUDA graph warmup complete | ggml_backend_cuda_graph_compute: CUDA graph warmup complete | ggml_backend_cuda_graph_compute: CUDA graph warmup complete | "
rvc,vc,2,29.81,4918,1730.6,3984,0,True,family=rvc | task=vc | mode=offline | audio_out=/home/orinnx/bench_out/rvc_2.wav | ,"ggml_cuda_init: found 1 CUDA devices (Total VRAM: 15598 MiB): |   Device 0: Orin, compute capability 8.7, VMM: yes, VRAM: 15598 MiB | ggml_backend_cuda_graph_compute: CUDA graph warmup complete | ggml_backend_cuda_graph_compute: CUDA graph warmup complete | ggml_backend_cuda_graph_compute: CUDA graph warmup complete | "
rvc,vc,3,29.82,4923,1730.2,3960,0,True,family=rvc | task=vc | mode=offline | audio_out=/home/orinnx/bench_out/rvc_3.wav | ,"ggml_cuda_init: found 1 CUDA devices (Total VRAM: 15598 MiB): |   Device 0: Orin, compute capability 8.7, VMM: yes, VRAM: 15598 MiB | ggml_backend_cuda_graph_compute: CUDA graph warmup complete | ggml_backend_cuda_graph_compute: CUDA graph warmup complete | ggml_backend_cuda_graph_compute: CUDA graph warmup complete | "
seed_vc,vc,1,28.39,5971,3595.3,4240,0,True,family=seed_vc | task=vc | mode=offline | audio_out=/home/orinnx/bench_out/seed_vc_1.wav | ,"ggml_cuda_init: found 1 CUDA devices (Total VRAM: 15598 MiB): |   Device 0: Orin, compute capability 8.7, VMM: yes, VRAM: 15598 MiB | ggml_backend_cuda_graph_compute: CUDA graph warmup complete | "
seed_vc,vc,2,28.37,5942,3635.8,4272,0,True,family=seed_vc | task=vc | mode=offline | audio_out=/home/orinnx/bench_out/seed_vc_2.wav | ,"ggml_cuda_init: found 1 CUDA devices (Total VRAM: 15598 MiB): |   Device 0: Orin, compute capability 8.7, VMM: yes, VRAM: 15598 MiB | ggml_backend_cuda_graph_compute: CUDA graph warmup complete | "
seed_vc,vc,3,28.4,5953,3661.1,4296,0,True,family=seed_vc | task=vc | mode=offline | audio_out=/home/orinnx/bench_out/seed_vc_3.wav | ,"ggml_cuda_init: found 1 CUDA devices (Total VRAM: 15598 MiB): |   Device 0: Orin, compute capability 8.7, VMM: yes, VRAM: 15598 MiB | ggml_backend_cuda_graph_compute: CUDA graph warmup complete | "
sense_asr,asr,1,1.15,3146,1455.3,1912,0,True,"family=sense_asr | task=asr | mode=offline | text_output=Some call me nature. others call me Mother nature. I've been here for over 4.5 billion years,22500 times longer than you. | text_out=/home/orinnx/bench_out/sense_asr_1.txt | ","ggml_cuda_init: found 1 CUDA devices (Total VRAM: 15598 MiB): |   Device 0: Orin, compute capability 8.7, VMM: yes, VRAM: 15598 MiB | ggml_backend_cuda_graph_compute: CUDA graph warmup complete | "
sense_asr,asr,2,0.91,3225,1745.6,1960,0,True,"family=sense_asr | task=asr | mode=offline | text_output=Some call me nature. others call me Mother nature. I've been here for over 4.5 billion years,22500 times longer than you. | text_out=/home/orinnx/bench_out/sense_asr_2.txt | ","ggml_cuda_init: found 1 CUDA devices (Total VRAM: 15598 MiB): |   Device 0: Orin, compute capability 8.7, VMM: yes, VRAM: 15598 MiB | ggml_backend_cuda_graph_compute: CUDA graph warmup complete | "
sense_asr,asr,3,0.94,3253,1747.2,1968,0,True,"family=sense_asr | task=asr | mode=offline | text_output=Some call me nature. others call me Mother nature. I've been here for over 4.5 billion years,22500 times longer than you. | text_out=/home/orinnx/bench_out/sense_asr_3.txt | ","ggml_cuda_init: found 1 CUDA devices (Total VRAM: 15598 MiB): |   Device 0: Orin, compute capability 8.7, VMM: yes, VRAM: 15598 MiB | ggml_backend_cuda_graph_compute: CUDA graph warmup complete | "
sortformer_diar,diar,1,1.59,5068,1544.5,1984,0,True,family=sortformer_diar | task=diar | mode=offline | turns_out=/home/orinnx/bench_out/sortformer_diar_1_turns.json | ,"ggml_cuda_init: found 1 CUDA devices (Total VRAM: 15598 MiB): |   Device 0: Orin, compute capability 8.7, VMM: yes, VRAM: 15598 MiB | "
sortformer_diar,diar,2,1.27,5054,1803.1,2088,0,True,family=sortformer_diar | task=diar | mode=offline | turns_out=/home/orinnx/bench_out/sortformer_diar_2_turns.json | ,"ggml_cuda_init: found 1 CUDA devices (Total VRAM: 15598 MiB): |   Device 0: Orin, compute capability 8.7, VMM: yes, VRAM: 15598 MiB | "
sortformer_diar,diar,3,1.52,5176,1683.0,2008,0,True,family=sortformer_diar | task=diar | mode=offline | turns_out=/home/orinnx/bench_out/sortformer_diar_3_turns.json | ,"ggml_cuda_init: found 1 CUDA devices (Total VRAM: 15598 MiB): |   Device 0: Orin, compute capability 8.7, VMM: yes, VRAM: 15598 MiB | "
stable_audio,gen,1,9.66,6235,2571.7,3544,0,True,family=stable_audio | task=gen | mode=offline | audio_out=/home/orinnx/bench_out/stable_audio_1.wav | audio_outputs=1 | audio_output_id=audio_0 sample_rate=44100 channels=2 samples=705600 | ,"ggml_cuda_init: found 1 CUDA devices (Total VRAM: 15598 MiB): |   Device 0: Orin, compute capability 8.7, VMM: yes, VRAM: 15598 MiB | ggml_backend_cuda_graph_compute: CUDA graph warmup complete | ggml_backend_cuda_graph_compute: CUDA graph warmup complete | "
stable_audio,gen,2,9.85,6250,2579.7,3528,0,True,family=stable_audio | task=gen | mode=offline | audio_out=/home/orinnx/bench_out/stable_audio_2.wav | audio_outputs=1 | audio_output_id=audio_0 sample_rate=44100 channels=2 samples=705600 | ,"ggml_cuda_init: found 1 CUDA devices (Total VRAM: 15598 MiB): |   Device 0: Orin, compute capability 8.7, VMM: yes, VRAM: 15598 MiB | ggml_backend_cuda_graph_compute: CUDA graph warmup complete | ggml_backend_cuda_graph_compute: CUDA graph warmup complete | "
stable_audio,gen,3,9.7,6230,2587.6,3544,0,True,family=stable_audio | task=gen | mode=offline | audio_out=/home/orinnx/bench_out/stable_audio_3.wav | audio_outputs=1 | audio_output_id=audio_0 sample_rate=44100 channels=2 samples=705600 | ,"ggml_cuda_init: found 1 CUDA devices (Total VRAM: 15598 MiB): |   Device 0: Orin, compute capability 8.7, VMM: yes, VRAM: 15598 MiB | ggml_backend_cuda_graph_compute: CUDA graph warmup complete | ggml_backend_cuda_graph_compute: CUDA graph warmup complete | "
supertonic,tts,1,4.29,3333,1565.6,2216,0,True,family=supertonic | task=tts | mode=offline | audio_out=/home/orinnx/bench_out/supertonic_1.wav | ,"ggml_cuda_init: found 1 CUDA devices (Total VRAM: 15598 MiB): |   Device 0: Orin, compute capability 8.7, VMM: yes, VRAM: 15598 MiB | ggml_backend_cuda_graph_compute: CUDA graph warmup complete | "
supertonic,tts,2,4.14,3446,1665.1,2288,0,True,family=supertonic | task=tts | mode=offline | audio_out=/home/orinnx/bench_out/supertonic_2.wav | ,"ggml_cuda_init: found 1 CUDA devices (Total VRAM: 15598 MiB): |   Device 0: Orin, compute capability 8.7, VMM: yes, VRAM: 15598 MiB | ggml_backend_cuda_graph_compute: CUDA graph warmup complete | "
supertonic,tts,3,4.29,3553,1651.7,2256,0,True,family=supertonic | task=tts | mode=offline | audio_out=/home/orinnx/bench_out/supertonic_3.wav | ,"ggml_cuda_init: found 1 CUDA devices (Total VRAM: 15598 MiB): |   Device 0: Orin, compute capability 8.7, VMM: yes, VRAM: 15598 MiB | ggml_backend_cuda_graph_compute: CUDA graph warmup complete | "
vevo2,tts,1,17.17,9508,2739.6,3896,0,True,family=vevo2 | task=tts | mode=offline | audio_out=/home/orinnx/bench_out/vevo2_1.wav | ,"ggml_cuda_init: found 1 CUDA devices (Total VRAM: 15598 MiB): |   Device 0: Orin, compute capability 8.7, VMM: yes, VRAM: 15598 MiB | ggml_backend_cuda_graph_compute: CUDA graph warmup complete | ggml_backend_cuda_graph_compute: CUDA graph warmup complete | "
vevo2,tts,2,21.12,10249,2788.1,3704,0,True,family=vevo2 | task=tts | mode=offline | audio_out=/home/orinnx/bench_out/vevo2_2.wav | ,"ggml_cuda_init: found 1 CUDA devices (Total VRAM: 15598 MiB): |   Device 0: Orin, compute capability 8.7, VMM: yes, VRAM: 15598 MiB | ggml_backend_cuda_graph_compute: CUDA graph warmup complete | ggml_backend_cuda_graph_compute: CUDA graph warmup complete | "
vevo2,tts,3,16.32,9193,2692.3,3936,0,True,family=vevo2 | task=tts | mode=offline | audio_out=/home/orinnx/bench_out/vevo2_3.wav | ,"ggml_cuda_init: found 1 CUDA devices (Total VRAM: 15598 MiB): |   Device 0: Orin, compute capability 8.7, VMM: yes, VRAM: 15598 MiB | ggml_backend_cuda_graph_compute: CUDA graph warmup complete | ggml_backend_cuda_graph_compute: CUDA graph warmup complete | "
vibevoice,tts,1,11.59,6898,2757.9,3456,0,True,family=vibevoice | task=tts | mode=offline | audio_out=/home/orinnx/bench_out/vibevoice_1.wav | ,ute: CUDA graph warmup reset | ggml_backend_cuda_graph_compute: CUDA graph warmup complete | ggml_backend_cuda_graph_compute: CUDA graph warmup reset | ggml_backend_cuda_graph_compute: CUDA graph warmup complete | ggml_backend_cuda_graph_compute: CUDA graph warmup reset | ggml_backend_cuda_graph_compute: CUDA graph warmup complete | ggml_backend_cuda_graph_compute: CUDA graph warmup reset | ggml_backend_cuda_graph_compute: CUDA graph warmup complete | ggml_backend_cuda_graph_compute: CUDA graph warmup complete | 
vibevoice,tts,2,11.9,6894,2738.4,3440,0,True,family=vibevoice | task=tts | mode=offline | audio_out=/home/orinnx/bench_out/vibevoice_2.wav | ,ute: CUDA graph warmup reset | ggml_backend_cuda_graph_compute: CUDA graph warmup complete | ggml_backend_cuda_graph_compute: CUDA graph warmup reset | ggml_backend_cuda_graph_compute: CUDA graph warmup complete | ggml_backend_cuda_graph_compute: CUDA graph warmup reset | ggml_backend_cuda_graph_compute: CUDA graph warmup complete | ggml_backend_cuda_graph_compute: CUDA graph warmup reset | ggml_backend_cuda_graph_compute: CUDA graph warmup complete | ggml_backend_cuda_graph_compute: CUDA graph warmup complete | 
vibevoice,tts,3,11.64,6900,2771.5,3464,0,True,family=vibevoice | task=tts | mode=offline | audio_out=/home/orinnx/bench_out/vibevoice_3.wav | ,ute: CUDA graph warmup reset | ggml_backend_cuda_graph_compute: CUDA graph warmup complete | ggml_backend_cuda_graph_compute: CUDA graph warmup reset | ggml_backend_cuda_graph_compute: CUDA graph warmup complete | ggml_backend_cuda_graph_compute: CUDA graph warmup reset | ggml_backend_cuda_graph_compute: CUDA graph warmup complete | ggml_backend_cuda_graph_compute: CUDA graph warmup reset | ggml_backend_cuda_graph_compute: CUDA graph warmup complete | ggml_backend_cuda_graph_compute: CUDA graph warmup complete | 
vietneu_tts,tts,1,41.76,7488,2766.3,4168,0,True,family=vietneu_tts | task=tts | mode=offline | audio_out=/home/orinnx/bench_out/vietneu_tts_1.wav | ,ute: CUDA graph warmup complete | ggml_backend_cuda_graph_compute: CUDA graph warmup reset | ggml_backend_cuda_graph_compute: CUDA graph warmup complete | ggml_backend_cuda_graph_compute: CUDA graph warmup reset | ggml_backend_cuda_graph_compute: CUDA graph warmup complete | ggml_backend_cuda_graph_compute: CUDA graph warmup reset | ggml_backend_cuda_graph_compute: CUDA graph warmup complete | ggml_backend_cuda_graph_compute: CUDA graph warmup reset | ggml_backend_cuda_graph_compute: CUDA graph warmup complete | 
vietneu_tts,tts,2,41.98,7480,2785.6,4240,0,True,family=vietneu_tts | task=tts | mode=offline | audio_out=/home/orinnx/bench_out/vietneu_tts_2.wav | ,ute: CUDA graph warmup complete | ggml_backend_cuda_graph_compute: CUDA graph warmup reset | ggml_backend_cuda_graph_compute: CUDA graph warmup complete | ggml_backend_cuda_graph_compute: CUDA graph warmup reset | ggml_backend_cuda_graph_compute: CUDA graph warmup complete | ggml_backend_cuda_graph_compute: CUDA graph warmup reset | ggml_backend_cuda_graph_compute: CUDA graph warmup complete | ggml_backend_cuda_graph_compute: CUDA graph warmup reset | ggml_backend_cuda_graph_compute: CUDA graph warmup complete | 
vietneu_tts,tts,3,41.89,7490,2805.1,4256,0,True,family=vietneu_tts | task=tts | mode=offline | audio_out=/home/orinnx/bench_out/vietneu_tts_3.wav | ,ute: CUDA graph warmup complete | ggml_backend_cuda_graph_compute: CUDA graph warmup reset | ggml_backend_cuda_graph_compute: CUDA graph warmup complete | ggml_backend_cuda_graph_compute: CUDA graph warmup reset | ggml_backend_cuda_graph_compute: CUDA graph warmup complete | ggml_backend_cuda_graph_compute: CUDA graph warmup reset | ggml_backend_cuda_graph_compute: CUDA graph warmup complete | ggml_backend_cuda_graph_compute: CUDA graph warmup reset | ggml_backend_cuda_graph_compute: CUDA graph warmup complete | 
voxcpm2,tts,1,9.11,8307,2777.0,3672,0,True,family=voxcpm2 | task=tts | mode=offline | audio_out=/home/orinnx/bench_out/voxcpm2_1.wav | ,"ggml_cuda_init: found 1 CUDA devices (Total VRAM: 15598 MiB): |   Device 0: Orin, compute capability 8.7, VMM: yes, VRAM: 15598 MiB | ggml_backend_cuda_graph_compute: CUDA graph warmup complete | ggml_backend_cuda_graph_compute: CUDA graph warmup complete | ggml_backend_cuda_graph_compute: CUDA graph warmup complete | ggml_backend_cuda_graph_compute: CUDA graph warmup complete | ggml_backend_cuda_graph_compute: CUDA graph warmup complete | ggml_backend_cuda_graph_compute: CUDA graph warmup complete | "
voxcpm2,tts,2,9.37,8376,2767.5,3648,0,True,family=voxcpm2 | task=tts | mode=offline | audio_out=/home/orinnx/bench_out/voxcpm2_2.wav | ,"ggml_cuda_init: found 1 CUDA devices (Total VRAM: 15598 MiB): |   Device 0: Orin, compute capability 8.7, VMM: yes, VRAM: 15598 MiB | ggml_backend_cuda_graph_compute: CUDA graph warmup complete | ggml_backend_cuda_graph_compute: CUDA graph warmup complete | ggml_backend_cuda_graph_compute: CUDA graph warmup complete | ggml_backend_cuda_graph_compute: CUDA graph warmup complete | ggml_backend_cuda_graph_compute: CUDA graph warmup complete | ggml_backend_cuda_graph_compute: CUDA graph warmup complete | "
voxcpm2,tts,3,9.18,8373,2795.9,3640,0,True,family=voxcpm2 | task=tts | mode=offline | audio_out=/home/orinnx/bench_out/voxcpm2_3.wav | ,"ggml_cuda_init: found 1 CUDA devices (Total VRAM: 15598 MiB): |   Device 0: Orin, compute capability 8.7, VMM: yes, VRAM: 15598 MiB | ggml_backend_cuda_graph_compute: CUDA graph warmup complete | ggml_backend_cuda_graph_compute: CUDA graph warmup complete | ggml_backend_cuda_graph_compute: CUDA graph warmup complete | ggml_backend_cuda_graph_compute: CUDA graph warmup complete | ggml_backend_cuda_graph_compute: CUDA graph warmup complete | ggml_backend_cuda_graph_compute: CUDA graph warmup complete | "
voxtral_realtime,asr,1,16.74,8253,3537.5,4272,0,True,"family=voxtral_realtime | task=asr | mode=offline | text_output= Some call me nature. Others call me Mother Nature. I've been here for over 4.5 billion years. 22,500 times longer than you. | text_out=/home/orinnx/bench_out/voxtral_realtime_1.txt | ","ggml_cuda_init: found 1 CUDA devices (Total VRAM: 15598 MiB): |   Device 0: Orin, compute capability 8.7, VMM: yes, VRAM: 15598 MiB | ggml_backend_cuda_graph_compute: CUDA graph warmup complete | "
voxtral_realtime,asr,2,17.0,8409,3536.0,4288,0,True,"family=voxtral_realtime | task=asr | mode=offline | text_output= Some call me nature. Others call me Mother Nature. I've been here for over 4.5 billion years. 22,500 times longer than you. | text_out=/home/orinnx/bench_out/voxtral_realtime_2.txt | ","ggml_cuda_init: found 1 CUDA devices (Total VRAM: 15598 MiB): |   Device 0: Orin, compute capability 8.7, VMM: yes, VRAM: 15598 MiB | ggml_backend_cuda_graph_compute: CUDA graph warmup complete | "
voxtral_realtime,asr,3,16.67,8456,3595.8,4312,0,True,"family=voxtral_realtime | task=asr | mode=offline | text_output= Some call me nature. Others call me Mother Nature. I've been here for over 4.5 billion years. 22,500 times longer than you. | text_out=/home/orinnx/bench_out/voxtral_realtime_3.txt | ","ggml_cuda_init: found 1 CUDA devices (Total VRAM: 15598 MiB): |   Device 0: Orin, compute capability 8.7, VMM: yes, VRAM: 15598 MiB | ggml_backend_cuda_graph_compute: CUDA graph warmup complete | "
